CASE_ID,ACCIDENT_YEAR,PROC_DATE,JURIS,COLLISION_DATE,COLLISION_TIME,OFFICER_ID,REPORTING_DISTRICT,DAY_OF_WEEK,CHP_SHIFT,POPULATION,CNTY_CITY_LOC,SPECIAL_COND,BEAT_TYPE,CHP_BEAT_TYPE,CITY_DIVISION_LAPD,CHP_BEAT_CLASS,BEAT_NUMBER,PRIMARY_RD,SECONDARY_RD,DISTANCE,DIRECTION,INTERSECTION,WEATHER_1,WEATHER_2,STATE_HWY_IND,CALTRANS_COUNTY,CALTRANS_DISTRICT,STATE_ROUTE,ROUTE_SUFFIX,POSTMILE_PREFIX,POSTMILE,LOCATION_TYPE,RAMP_INTERSECTION,SIDE_OF_HWY,TOW_AWAY,COLLISION_SEVERITY,NUMBER_KILLED,NUMBER_INJURED,PARTY_COUNT,PRIMARY_COLL_FACTOR,PCF_CODE_OF_VIOL,PCF_VIOL_CATEGORY,PCF_VIOLATION,PCF_VIOL_SUBSECTION,HIT_AND_RUN,TYPE_OF_COLLISION,MVIW,PED_ACTION,ROAD_SURFACE,ROAD_COND_1,ROAD_COND_2,LIGHTING,CONTROL_DEVICE,CHP_ROAD_TYPE,PEDESTRIAN_ACCIDENT,BICYCLE_ACCIDENT,MOTORCYCLE_ACCIDENT,TRUCK_ACCIDENT,NOT_PRIVATE_PROPERTY,ALCOHOL_INVOLVED,STWD_VEHTYPE_AT_FAULT,CHP_VEHTYPE_AT_FAULT,COUNT_SEVERE_INJ,COUNT_VISIBLE_INJ,COUNT_COMPLAINT_PAIN,COUNT_PED_KILLED,COUNT_PED_INJURED,COUNT_BICYCLIST_KILLED,COUNT_BICYCLIST_INJURED,COUNT_MC_KILLED,COUNT_MC_INJURED,PRIMARY_RAMP,SECONDARY_RAMP,LATITUDE,LONGITUDE,COUNTY,CITY,POINT_X,POINT_Y
90487662,2017,2017-06-26,9285,2017-06-12,0850,018291,,1,1,9,5800,0,1,3,,1,020,"SR-70 (N/B)","N. BEALE RD.",500.00,S,N,A,-,Y,,,70,,,,,,,Y,4,0,3,4,A,-,03,22350,,M,C,C,A,A,H,-,A,D,0,,,,,Y,,A,07,0,0,3,0,0,0,0,0,0,"- ","- ",39.12773,-121.58235999999999,YUBA,UNINCORPORATED,-121.58235057,39.12774529
90772713,2018,2018-07-19,9285,2018-06-08,1528,015491,,5,2,9,5800,0,1,3,,1,062,"STATE ROUTE 20","JOINES ROAD",1848.00,E,N,A,-,Y,,,20,,,,,,,Y,3,0,2,2,A,-,08,22107,,N,B,C,A,A,H,-,A,D,0,,,,,Y,,A,01,0,2,0,0,0,0,0,0,0,"- ","- ",39.221889495849609,-121.44461059570312,YUBA,UNINCORPORATED,-121.44460296630859,39.221851348876953
90777077,2018,2018-07-26,9285,2018-07-16,1700,017118,,1,2,9,5800,0,3,5,,1,002,"PLUMAS LAKE BLVD","RIVER OAKS DRIVE",285.00,E,N,A,-,N,,,,,,,,,,Y,4,0,1,1,A,-,03,22350,,N,E,I,A,A,H,-,A,D,0,,,,,Y,,A,01,0,0,1,0,0,0,0,0,0,"- ","- ",39.020671844482422,-121.55023193359375,YUBA,UNINCORPORATED,-121.55046081542969,39.020675659179688
91944458,2022,2022-12-16,9285,2022-12-09,2125,021690,,5,2,9,5800,0,1,3,,1,020,"SR-70 N/B","FEATHER RIVER BLVD",2790.00,N,N,B,-,Y,YUB,,70,,,13.543,H,,R,Y,2,0,1,1,A,-,01,23152,A,N,E,I,A,A,H,-,C,A,0,,,,,Y,Y,A,01,1,0,0,0,0,0,0,0,0,"- ","- ",39.129329681396484,-121.58474731445312,YUBA,UNINCORPORATED,-121.58484649658203,39.129230499267578
92410348,2024,2024-06-10,9285,2024-06-02,2135,021068,,7,2,9,5800,0,2,4,,1,041,"N BEALE ROAD","FEATHER RIVER BLVD",0.00,,Y,A,-,N,,,,,,,,,,N,4,0,1,2,A,-,12,21453,A,N,D,C,A,A,H,-,B,A,0,,,,,Y,,A,01,0,0,1,0,0,0,0,0,0,"- ","- ",39.125751495361328,-121.57578277587891,YUBA,UNINCORPORATED,-121.57575988769531,39.125690460205078
94363540,2024,2024-08-21,9285,2024-08-12,1855,023093,,1,2,9,5800,0,3,5,,1,002,"PLUMAS ARBOGA RD","ARBOGA RD",1400.00,E,N,A,-,N,,,,,,,,,,Y,4,0,3,2,A,-,09,21804,A,N,D,C,A,A,H,-,A,A,0,,,,,Y,,A,01,0,0,3,0,0,0,0,0,0,"- ","- ",39.055370330810547,-121.55506896972656,YUBA,UNINCORPORATED,-121.55850982666016,39.0516357421875
94380199,2024,2024-09-03,9285,2024-08-30,"740 ",022320,,5,1,9,5800,0,1,3,,1,020,"SR-70 SOUTHBOUND TO MCGOWAN PARKWAY","MCGOWAN PARKWAY",13.00,N,N,A,-,Y,,,,,,,,,,N,4,0,1,2,A,-,10,21950,A,M,G,B,B,A,H,-,A,A,0,Y,,,,Y,,A,07,0,0,1,0,1,0,0,0,0,"- ","- ",39.077388763427734,-121.54225158691406,YUBA,UNINCORPORATED,-121.54117584228516,39.072864532470703
94864580,2025,2025-09-29,9285,2025-09-19,2117,022618,,5,2,9,5800,0,2,4,,1,042,"HAMMONTON SMARTVILLE RD","SEVEN MOONS",945.00,E,N,A,-,N,,,,,,,,,,Y,4,0,2,2,A,-,03,22350,,N,B,C,A,A,H,-,D,D,0,,,,,Y,,A,01,0,0,2,0,0,0,0,0,0,"- ","- ",39.197109222412109,-121.32244110107422,YUBA,UNINCORPORATED,-121.32256317138672,39.197151184082031
9081652,2020,2020-07-08,5801,2020-03-09,2206,318,YUBAC,1,5,3,5801,0,0,0,,0,5801,"5TH ST","4TH LIGHT POLE",48.00,E,N,A,-,N,,,,,,,,,,Y,2,0,2,2,A,-,05,21651,A,N,A,C,A,A,C,-,C,D,0,,,,,Y,Y,D,22,1,1,0,0,0,0,0,0,0,"- ","- ",,,YUBA,MARYSVILLE,,
6373273,2014,2016-01-23,9285,2014-01-29,0832,16290,,3,1,9,5800,0,1,3,,1,060,"RT 70","MAGNOLIA AV",200.00,S,N,B,-,Y,YUB,3,70,-,-,20.910,H,-,W,Y,4,0,1,1,A,-,08,22107,,N,F,A,A,A,H,-,A,D,0,,,,,Y,,A,07,0,0,1,0,0,0,0,0,0,"- ","- ",39.235689999999998,-121.60051,YUBA,UNINCORPORATED,-121.60031128,39.23603078
91261660,2020,2020-07-01,9285,2020-06-18,0955,016052,,4,1,9,5800,0,2,4,,2,021,"FEATHER RIVER BLVD","ELLA AVE",0.00,,Y,A,-,N,,,,,,,,,,Y,1,1,1,2,A,-,09,21802,A,N,D,C,A,A,H,-,A,D,0,,,,,Y,,A,08,1,0,0,0,0,0,0,0,0,"- ","- ",39.069351196289062,-121.57891845703125,YUBA,UNINCORPORATED,-121.57892608642578,39.069339752197266
91357775,2020,2020-12-02,9285,2020-11-22,0334,020070,,7,3,9,5800,0,2,4,,2,025,"SR-65 N/B","FORTY MILE RD",2500.00,N,N,E,-,Y,,,65,,,,,,N,Y,4,0,1,1,A,-,08,22107,,N,E,I,A,A,H,-,D,D,0,,,,,Y,,A,01,0,0,1,0,0,0,0,0,0,"- ","- ",39.069831848144531,-121.52040100097656,YUBA,UNINCORPORATED,-121.52043914794922,39.069782257080078
91616271,2021,2021-11-04,9285,2021-11-01,1712,018986,,1,2,9,5800,0,3,5,,1,004,"SIMPSON LANE","BABBINGTON ROAD",630.00,W,N,C,-,N,,,,,,,,,,Y,3,0,2,3,A,-,03,22350,,N,C,C,A,B,H,-,A,D,0,,,,,Y,,A,01,0,1,1,0,0,0,0,0,0,"- ","- ",39.140029907226562,-121.56706237792969,YUBA,UNINCORPORATED,-121.56698608398438,39.139987945556641
91859708,2022,2022-09-08,9285,2022-08-31,0725,020070,,3,1,9,5800,0,3,5,,1,002,"CIMARRON DR","RIVER OAKS BLVD",0.00,,Y,A,-,N,,,,,,,,,,Y,3,0,1,2,A,-,12,22450,A,N,D,G,A,A,H,-,A,A,0,,Y,,,Y,,L,04,0,1,0,0,0,0,1,0,0,"- ","- ",38.989589691162109,-121.55097961425781,YUBA,UNINCORPORATED,-121.55107116699219,38.989566802978516
91980782,2023,2023-11-01,9285,2023-01-24,"909 ",021012,,2,1,9,5800,0,1,3,,1,062,SR-20,"STACEY ANNE DR.",0.00,,Y,A,-,Y,YUB,,20," "," ",15.950,H,,R,Y,1,1,2,2,A,-,09,21802,A,N,D,C,A,A,H,-,A,A,0,,,,,Y,,A,01,1,0,1,0,0,0,0,0,0,"- ","- ",39.233211517333984,-121.36499786376953,YUBA,UNINCORPORATED,-121.36499786376953,39.233253479003906
90098872,2016,2016-01-20,9285,2016-01-13,0955,016343,,3,1,9,5800,0,2,4,,1,042,"HAMMONTON SMARTVILLE RD","S. GOLDEN PARKWAY",28.00,S,N,B,-,N,,,,,,,,,,Y,4,0,1,1,A,-,08,22107,,N,E,I,A,B,H,-,A,D,0,,,,,Y,,A,07,0,0,1,0,0,0,0,0,0,"- ","- ",39.192639999999997,-121.34381,YUBA,UNINCORPORATED,-121.31626,39.198610000000002
90229346,2016,2016-07-25,9285,2016-07-14,0830,018986,,4,1,9,5800,0,2,4,,2,081,"MARYSVILLE RD","OLD DOBBINS ROAD",149.00,E,N,A,-,N,,,,,,,,,,Y,4,0,1,2,A,-,07,21658,A,F,C,C,A,A,H,-,A,D,0,,,,Y,Y,,A,07,0,0,1,0,0,0,0,0,0,"- ","- ",38.378959999999999,-121.21301,YUBA,UNINCORPORATED,-121.21313021,39.379003939999997
90413026,2017,2017-03-15,9285,2017-03-09,0735,017118,,4,1,9,5800,0,2,4,,1,022,"MCGOWAN PKY","EVELYN DR",26.00,W,N,A,-,N,,,,,,,,,,N,4,0,2,2,A,-,09,21802,A,N,C,C,A,A,H,-,A,A,0,,,,,Y,,A,01,0,0,2,0,0,0,0,0,0,"- ","- ",,,YUBA,UNINCORPORATED,-121.53762159,39.077389490000002
90625216,2017,2017-12-22,9285,2017-12-12,1543,018632,,2,2,9,5800,0,1,3,,1,020,SR-70,"FEATHER RIVER BLVD",2112.00,S,N,A,-,Y,,,70,,,,,,,Y,4,0,2,2,A,-,03,22350,,N,C,C,A,A,H,-,A,D,0,,,,,Y,,D,22,0,0,2,0,0,0,0,0,0,"- ","- ",39.122329999999998,-121.57344999999999,YUBA,UNINCORPORATED,-121.57344195,39.122343190000002
90837728,2018,2018-10-17,9285,2018-09-30,0308,019223,,7,3,9,5800,0,1,3,,1,062,SR-20,"SMARTVILLE RD",502.00,W,N,A,-,Y,,,20,,,,,,,Y,4,0,1,1,A,-,08,22107,,N,E,I,A,A,H,-,D,D,0,,,,,Y,,A,07,0,0,1,0,0,0,0,0,0,"- ","- ",39.201629638671875,-121.29138946533203,YUBA,UNINCORPORATED,-121.29138946533203,39.201595306396484
90858637,2018,2018-11-13,9285,2018-11-06,2310,019253,,2,3,9,5800,0,2,4,,1,041,"2578 NORTH BEALE RD","NORTH BEALE RD",850.00,E,N,A,-,N,,,,,,,,,,Y,2,0,1,1,C,-,18,,,N,E,I,A,A,H,-,D,D,0,,,,,Y,,-,"- ",1,0,0,0,0,0,0,0,0,"- ","- ",39.128108978271484,-121.52072143554688,YUBA,UNINCORPORATED,,
92366391,2024,2024-04-17,9285,2024-04-03,2135,022250,,3,2,9,5800,0,1,3,,1,020,"STATE ROUTE 70","OLIVEHURST AVENUE",902.00,N,N,A,-,Y,YUB,,70," ",R,9.362,H,,L,N,3,0,1,1,A,-,08,22107,,N,E,I,A,A,H,-,C,D,0,,,,,Y,,A,07,0,1,0,0,0,0,0,0,0,"- ","- ",39.103160858154297,-121.55188751220703,YUBA,UNINCORPORATED,-121.55165100097656,39.103317260742188
94874783,2025,2025-10-06,9285,2025-09-20,1854,024588,,6,2,9,5800,0,2,4,,1,042,"HAMMONTON SMARTVILLE RD","SEMINOLE LN",200.00,E,N,A,-,N,,,,,,,,,,Y,3,0,1,1,A,-,01,23152,A,M,F,A,A,A,H,-,D,D,0,,,,,Y,Y,A,01,0,1,0,0,0,0,0,0,0,"- ","- ",39.146739959716797,-121.50061798095703,YUBA,UNINCORPORATED,-121.50032043457031,39.146797180175781
9280119,2021,2021-06-17,5801,2021-05-16,1629,328,,7,5,3,5801,0,0,0,,0,,"EAST 12TH ST","RAMIREZ ST",0.00,,Y,A,-,Y,YUB,3,20,-,-,1.710,I,5,E,Y,2,0,3,3,A,-,01,23152,,N,D,C,A,A,H,-,A,A,0,,,,,Y,,-,,2,0,1,0,0,0,0,0,0,"- ","- ",,,YUBA,MARYSVILLE,-121.58334350585938,39.148735046386719
9661754,2024,2024-05-13,5801,2024-02-28,2050,P231,YUBA,3,5,3,5801,0,0,0,,0,5801,"B ST","17TH ST",0.00,,Y,A,-,Y,YUB,3,70,-,-,15.075,I,5,W,Y,4,0,1,2,A,-,17,21461,A,N,D,C,A,A,H,-,C,D,0,,,,,Y,,A,01,0,0,1,0,0,0,0,0,0,"- ","- ",,,YUBA,MARYSVILLE,-121.587890625,39.153995513916016
90052503,2015,2015-11-17,9285,2015-11-14,1320,017272,,6,1,9,5800,0,3,5,,1,002,"CAMP FAR WEST RD","WINTUN WAY",543.00,W,N,A,-,N,,,,,,,,,,Y,2,0,1,1,A,-,08,22107,,N,F,I,A,A,H,-,A,A,0,,,Y,,Y,,C,02,1,0,0,0,0,0,0,0,1,"- ","- ",39.04813,-121.34229999999999,YUBA,UNINCORPORATED,-121.34249359,39.04822867
90067366,2015,2015-12-08,9285,2015-11-28,1155,018153,,6,1,9,5800,0,3,5,,1,002,"ALGODON RD","FEATHER RIVER BLVD",1056.00,E,N,A,-,N,,,,,,,,,,Y,2,0,1,1,A,-,01,23152,A,N,E,I,A,A,H,-,A,D,0,,,,,Y,Y,D,22,1,0,0,0,0,0,0,0,0,"- ","- ",39.00882,-121.57098000000001,YUBA,UNINCORPORATED,-121.57397177,39.007687699999998
6718508,2014,2014-12-19,9285,2014-07-13,1048,19144,,7,1,9,5800,0,2,3,,1,061,"MARYSVILLE RD","PEORIA RD",2112.00,S,N,A,-,N,,,,,,,,,,Y,1,1,1,1,A,-,03,22350,,N,F,I,A,A,H,-,A,D,0,,,Y,,Y,,C,02,1,0,0,0,0,0,0,1,1,"- ","- ",39.292850000000001,-121.37915,YUBA,UNINCORPORATED,-121.37830656,39.293631769999998
91190153,2020,2020-02-20,9285,2020-02-13,1300,018291,,4,1,9,5800,0,1,3,,1,020,"SR-70 (N/B)","OLIVEHURST AVE.",1400.00,N,N,A,-,Y,,,70,,,,,,,Y,4,0,2,2,A,-,07,21658,A,N,E,I,A,A,H,-,A,D,0,,,,,Y,,E,22,0,0,2,0,0,0,0,0,0,"- ","- ",39.105781555175781,-121.55328369140625,YUBA,UNINCORPORATED,-121.5533447265625,39.105731964111328
91219295,2020,2020-04-01,9285,2020-03-26,1715,018986,,4,2,9,5800,0,3,5,,1,006,"RAMIREZ RD","TANABE RD",3575.00,N,N,A,-,N,,,,,,,,,,Y,3,0,1,1,A,-,03,22350,,N,F,A,A,A,H,-,A,D,0,,,,,Y,,A,01,0,1,0,0,0,0,0,0,0,"- ","- ",39.274978637695312,-121.52964019775391,YUBA,UNINCORPORATED,-121.52962493896484,39.27508544921875
91352482,2020,2020-11-24,9285,2020-11-13,1537,019223,,5,2,9,5800,0,1,3,,1,020,"SR-70 N/B","OLIVEHURST AVE",264.00,S,N,B,C,Y,,,,,,,,,,Y,4,0,2,1,A,-,08,22107,,N,F,A,A,B,H,-,A,D,0,,,,,Y,,D,22,0,0,2,0,0,0,0,0,0,"- ","- ",39.102230072021484,-121.54974365234375,YUBA,UNINCORPORATED,-121.54984283447266,39.102138519287109
91447025,2021,2021-04-09,9285,2021-04-08,0810,015491,,4,1,9,5800,0,3,5,,1,002,"NORTH BEALE ROAD","GRIFFITH AVENUE",2800.00,E,N,A,-,N,,,,,,,,,,N,4,0,2,2,A,-,09,21801,A,N,D,C,A,A,H,-,A,D,0,,,,,Y,,A,01,0,0,2,0,0,0,0,0,0,"- ","- ",39.128410339355469,-121.51336669921875,YUBA,UNINCORPORATED,-121.51374053955078,39.128360748291016
91604864,2021,2021-10-25,9285,2021-10-16,1210,018636,,6,1,9,5800,0,2,4,,2,025,SR-65,"DRY CREEK LEVEE RD",1584.00,S,N,A,-,Y,,,65,,,,,,,N,4,0,2,2,A,-,03,22350,,N,C,C,A,A,H,-,A,D,0,,,,,Y,,A,01,0,0,2,0,0,0,0,0,0,"- ","- ",39.019771575927734,-121.44058227539062,YUBA,UNINCORPORATED,-121.44053649902344,39.019844055175781
9438714,2022,2022-05-13,5801,2022-04-23,1750,P217,5801,6,5,3,5801,0,0,0,,0,,"EAST 12TH ST","BUCHANAN ST",0.00,,Y,A,-,Y,YUB,3,20,-,R,2.060,H,-,E,N,3,0,1,1,A,-,03,22350,,N,E,A,A,A,B,-,A,D,0,,,Y,,Y,,C,02,0,1,0,0,0,0,0,0,1,"- ","- ",,,YUBA,MARYSVILLE,-121.57688903808594,39.149646759033203
9549665,2023,2023-03-23,5801,2023-02-23,2023,309,,4,5,3,5801,0,0,0,,0,,"B ST","12TH ST",0.00,,Y,C,G,Y,YUB,3,20,-,-,1.440,H,-,E,Y,4,0,1,1,A,-,03,22350,,N,E,I,A,B,H,-,C,A,0,,,,,Y,,D,22,0,0,1,0,0,0,0,0,0,"- ","- ",,,YUBA,MARYSVILLE,-121.58707427978516,39.147964477539062
91025294,2019,2019-07-05,9285,2019-06-22,1425,020224,,6,2,9,5800,0,1,3,,1,062,SR-20,"BROWNS VALLEY SCHOOL RD",0.00,,Y,A,-,Y,,,20,,,,,,,Y,3,0,1,2,A,-,09,21801,A,N,D,C,A,A,H,-,A,D,0,,,,,Y,,A,01,0,1,0,0,0,0,0,0,0,"- ","- ",39.230178833007812,-121.40701293945312,YUBA,UNINCORPORATED,-121.40701293945312,39.230178833007812
91131653,2019,2019-11-28,9285,2019-11-05,1808,020106,,2,2,9,5800,0,3,5,,1,002,"DOC ADAMS RD","N. ROBERTA WAY",222.00,S,N,A,-,N,,,,,,,,,,Y,3,0,1,1,A,-,01,23152,A,N,E,I,A,A,H,-,D,D,0,,,Y,,Y,Y,C,06,0,1,0,0,0,0,0,0,1,"- ","- ",39.163871765136719,-121.59725952148438,YUBA,UNINCORPORATED,-121.59745025634766,39.165111541748047
91161956,2020,2020-01-08,9285,2020-01-07,1415,017393,,2,2,9,5800,0,1,3,,1,020,"SR-70 NB","PLUMAS LAKE O/C",1584.00,N,N,B,-,Y,,,,,,,,,,Y,3,0,1,1,A,-,08,22107,,N,E,I,A,A,H,-,A,D,0,,,,,Y,,A,01,0,1,0,0,0,0,0,0,0,"- ","- ",39.028041839599609,-121.54620361328125,YUBA,UNINCORPORATED,-121.54698181152344,39.026348114013672
91710926,2022,2022-02-28,9285,2022-02-18,1120,018632,,5,1,9,5800,0,1,3,,1,060,SR-70,"CHANDLER RD",32.00,S,N,A,-,Y,YUB,,70,,,24.793,H,,R,N,4,0,1,2,A,-,03,22350,,N,C,C,A,A,H,-,A,D,0,,,Y,,Y,,C,02,0,0,1,0,0,0,0,0,1,"- ","- ",39.291908264160156,-121.59490966796875,YUBA,UNINCORPORATED,-121.59493255615234,39.291908264160156
91887395,2022,2022-10-11,9285,2022-10-02,1920,022094,,7,2,9,5800,0,3,5,,1,004,"PARK CIRCLE","WILDWOOD DRIVE",75.00,N,N,A,-,N,,,,,,,,,,N,4,0,1,2,A,-,08,22107,,F,A,C,A,A,H,-,D,D,0,,,,,Y,,-,99,0,0,1,0,0,0,0,0,0,"- ","- ",39.123619079589844,-121.54576873779297,YUBA,UNINCORPORATED,-121.54576110839844,39.123542785644531
92366489,2024,2024-04-17,9285,2024-04-11,"205 ",021599,,4,3,9,5800,0,1,3,,1,020,"SR-70 N/B","ERLE ROAD",330.00,S,N,A,-,Y,YUB,,70," ",R,10.068,H,,R,Y,4,0,1,1,A,-,08,22107,,N,E,I,A,A,H,-,C,D,0,,,,,Y,,A,07,0,0,1,0,0,0,0,0,0,"- ","- ",39.112251281738281,-121.55815887451172,YUBA,UNINCORPORATED,-121.55823516845703,39.112216949462891
94436558,2024,2024-10-18,9285,2024-10-12,"55  ",022919,,6,3,9,5800,0,1,3,,1,020,"SR-70 N/B","ALGODON RD",528.00,N,N,A,-,Y,YUB,,70," ",R,3.869,H,,R,N,3,0,1,1,A,-,01,23152,A,N,E,8,A,A,H,-,C,D,0,,,,,Y,Y,A,07,0,1,0,0,0,0,0,0,0,"- ","- ",39.027900695800781,-121.54641723632812,YUBA,UNINCORPORATED,-121.54633331298828,39.027870178222656
94866936,2025,2025-09-30,9285,2025-09-24,1435,019356,,3,2,9,5800,0,3,5,,1,002,"OAKLEY LANE","CARDINAL WAY",40.00,S,N,B,-,N,,,,,,,,,,Y,4,0,1,2,A,-,03,22350,,N,C,C,A,A,H,-,A,D,0,,,,,Y,,A,01,0,0,1,0,0,0,0,0,0,"- ","- ",39.007701873779297,-121.44664001464844,YUBA,UNINCORPORATED,-121.44667816162109,39.00775146484375
8847355,2019,2019-05-21,5801,2019-05-02,1947,326,5801,4,5,3,5801,0,0,0,,0,,"7TH ST","HIGH ST",0.00,,Y,A,-,N,,,,,,,,,,Y,4,0,1,3,A,-,12,22450,,F,C,C,A,A,H,-,A,A,0,,,,,Y,Y,A,07,0,0,1,0,0,0,0,0,0,"- ","- ",,,YUBA,MARYSVILLE,-121.59007263183594,39.142490386962891
91384051,2021,2021-01-08,9285,2021-01-03,2037,019223,,7,2,9,5800,0,2,4,,1,022,"AROBOGA RD","PLUMAS ARBOGA RD",1203.00,N,N,A,-,N,,,,,,,,,,Y,3,0,1,1,A,-,03,22350,,N,E,I,A,A,H,-,D,D,0,,,,,Y,,A,01,0,1,0,0,0,0,0,0,0,"- ","- ",39.058460235595703,-121.56140899658203,YUBA,UNINCORPORATED,-121.56134033203125,39.058433532714844
92123260,2023,2023-07-21,9285,2023-07-20,1320,018876,,4,1,9,5800,0,1,3,,1,062,SR-20,"JOINES RD.",113.00,E,N,A,-,N,,,,,,,,,,Y,3,0,3,2,A,-,09,21804,A,N,D,C,A,A,H,-,A,D,0,,,,,Y,,A,07,0,3,0,0,0,0,0,0,0,"- ","- ",39.221519470214844,-121.44674682617188,YUBA,UNINCORPORATED,-121.44673919677734,39.221435546875
92176287,2023,2023-09-21,9285,2023-09-15,2205,022294,,5,3,9,5800,0,3,5,,1,004,"SIMPSON LN","SIMPSON DANTONI RD",325.00,N,N,A,-,N,,,,,,,,,,N,4,0,2,2,A,-,01,23152,A,N,B,C,A,A,H,-,A,D,0,,,,,Y,Y,A,01,0,0,2,0,0,0,0,0,0,"- ","- ",39.136348724365234,-121.552978515625,YUBA,UNINCORPORATED,-121.55288696289062,39.136390686035156
94522279,2024,2025-01-01,9285,2024-12-21,1840,022748,,6,2,9,5800,0,3,5,,1,002,"ARBOGA ROAD","LAUREL AVENUE",0.00,,Y,A,-,N,,,,,,,,,,Y,4,0,2,3,A,-,09,21801,A,N,D,C,A,A,H,-,D,A,0,,,,,Y,,A,01,0,0,2,0,0,0,0,0,0,"- ","- ",39.119670867919922,-121.57398986816406,YUBA,UNINCORPORATED,-121.57392883300781,39.119659423828125
94566387,2025,2025-02-05,9285,2025-01-24,"120 ",024039,,5,3,9,5800,0,3,5,,1,002,"FEATHER RIVER BLVD","CURTIS ST",180.00,N,N,A,-,N,,,,,,,,,,Y,3,0,1,1,A,-,01,23152,A,M,E,8,A,A,H,-,D,D,0,,,,,Y,Y,D,22,0,1,0,0,0,0,0,0,0,"- ","- ",39.082599639892578,-121.57894134521484,YUBA,UNINCORPORATED,-121.57884216308594,39.082553863525391
94611365,2025,2025-03-19,9285,2025-03-13,"620 ",019356,,4,1,9,5800,0,1,3,,1,060,"SR-70 N/B","WOODDRUFF LANE",85.00,N,N,B,-,Y,YUB,,70," "," ",19.762,H,,R,Y,4,0,1,2,A,-,03,22350,,N,C,C,A,A,H,-,D,D,0,,,,Y,Y,,D,22,0,0,1,0,0,0,0,0,0,"- ","- ",39.219478607177734,-121.60127258300781,YUBA,UNINCORPORATED,-121.60127258300781,39.219478607177734
90702522,2018,2018-04-10,9285,2018-03-26,1345,018768,,1,1,9,5800,0,1,3,,1,062,SR-20,"EAST 22ND ST",2640.00,E,N,A,-,Y,,,20,,,,,,,N,3,0,1,1,A,-,08,22107,,N,E,I,A,A,H,-,A,D,0,,,,Y,Y,,F,26,0,1,0,0,0,0,0,0,0,"- ","- ",39.166358947753906,-121.55874633789062,YUBA,UNINCORPORATED,-121.55876922607422,39.166370391845703
94691837,2025,2025-05-19,9285,2025-05-15,"700 ",023008,,4,1,9,5800,0,2,4,,1,041,"HAMMONTON SMARTVILLE RD","N BEALE ROAD",0.00,,Y,A,-,N,,,,,,,,,,Y,4,0,1,2,A,-,12,21453,A,N,D,C,A,A,H,-,A,A,0,,,,,Y,,A,07,0,0,1,0,0,0,0,0,0,"- ","- ",39.127681732177734,-121.55548858642578,YUBA,UNINCORPORATED,-121.55564880371094,39.127651214599609
7053964,2015,2015-09-21,9285,2015-06-23,0632,18632,,2,1,9,5800,0,2,4,,1,042,"HAMMONTON SMARTVILLE RD","DOOLITTLE DR",10560.00,E,N,A,-,N,,,,,,,,,,Y,4,0,1,1,A,-,03,22350,,N,E,I,A,A,H,-,A,D,0,,,,,Y,,A,01,0,0,1,0,0,0,0,0,0,"- ","- ",39.17698,-121.40093,YUBA,UNINCORPORATED,-121.40343283999999,39.176077429999999
9668664,2024,2024-04-05,5801,2024-02-23,1254,309,5801,5,5,3,5801,0,0,0,,0,,"B ST","12TH ST",80.00,S,N,A,-,Y,YUB,3,20,-,-,1.472,I,6,E,N,4,0,1,3,A,-,04,21703,,N,C,C,A,A,H,-,A,D,0,,,,,Y,,D,22,0,0,1,0,0,0,0,0,0,"- ","- ",,,YUBA,MARYSVILLE,-121.58714294433594,39.1484375
90236783,2016,2016-08-03,9285,2016-07-25,1244,018340,,1,1,9,5800,0,2,4,,1,042,"HAMMONTON SMARTVILLE RD","TREVOR DR",20.00,W,N,A,-,N,,,,,,,,,,Y,4,0,1,2,A,-,03,22350,,N,C,C,A,A,H,-,A,D,0,,,,,Y,,A,07,0,0,1,0,0,0,0,0,0,"- ","- ",39.135399999999997,-121.53751,YUBA,UNINCORPORATED,-121.53741051999999,39.135419550000002
90344404,2016,2016-12-14,9285,2016-11-25,1715,015976,,5,2,9,5800,0,2,4,,1,022,"OLIVEHURST AVE","7TH AVE",207.00,S,N,B,-,N,,,,,,,,,,N,4,0,2,2,D,-,00,,,N,A,C,A,A,H,-,C,D,0,,,,,Y,,-,"- ",0,0,2,0,0,0,0,0,0,"- ","- ",39.09478,-121.55155000000001,YUBA,UNINCORPORATED,-121.5516221,39.094711820000001
90501963,2017,2017-07-17,9285,2017-07-11,1400,019760,,2,2,9,5800,0,2,4,,1,022,"OLIVEHURST AVE","CHESTNUT RD",0.00,,Y,A,-,N,,,,,,,,,,N,4,0,1,2,A,-,09,21802,A,N,D,C,A,A,H,-,A,B,0,,,,,Y,,A,07,0,0,1,0,0,0,0,0,0,"- ","- ",39.101329999999997,-121.55110999999999,YUBA,UNINCORPORATED,-121.55112996,39.101319930000003
6784791,2014,2016-06-22,9230,2014-12-24,1555,019235,,3,2,9,5800,0,1,3,,1,081,"RT 49","MILL ST",5808.00,N,N,B,-,Y,YUB,3,49,-,-,6.450,H,-,N,Y,2,0,2,1,A,-,03,22350,,N,E,I,A,C,H,-,A,D,0,,,,,Y,,A,01,1,0,1,0,0,0,0,0,0,"- ","- ",39.465009999999999,-121.04855999999999,YUBA,UNINCORPORATED,-121.04830401,39.464092409999999