CASE_ID,ACCIDENT_YEAR,PROC_DATE,JURIS,COLLISION_DATE,COLLISION_TIME,OFFICER_ID,REPORTING_DISTRICT,DAY_OF_WEEK,CHP_SHIFT,POPULATION,CNTY_CITY_LOC,SPECIAL_COND,BEAT_TYPE,CHP_BEAT_TYPE,CITY_DIVISION_LAPD,CHP_BEAT_CLASS,BEAT_NUMBER,PRIMARY_RD,SECONDARY_RD,DISTANCE,DIRECTION,INTERSECTION,WEATHER_1,WEATHER_2,STATE_HWY_IND,CALTRANS_COUNTY,CALTRANS_DISTRICT,STATE_ROUTE,ROUTE_SUFFIX,POSTMILE_PREFIX,POSTMILE,LOCATION_TYPE,RAMP_INTERSECTION,SIDE_OF_HWY,TOW_AWAY,COLLISION_SEVERITY,NUMBER_KILLED,NUMBER_INJURED,PARTY_COUNT,PRIMARY_COLL_FACTOR,PCF_CODE_OF_VIOL,PCF_VIOL_CATEGORY,PCF_VIOLATION,PCF_VIOL_SUBSECTION,HIT_AND_RUN,TYPE_OF_COLLISION,MVIW,PED_ACTION,ROAD_SURFACE,ROAD_COND_1,ROAD_COND_2,LIGHTING,CONTROL_DEVICE,CHP_ROAD_TYPE,PEDESTRIAN_ACCIDENT,BICYCLE_ACCIDENT,MOTORCYCLE_ACCIDENT,TRUCK_ACCIDENT,NOT_PRIVATE_PROPERTY,ALCOHOL_INVOLVED,STWD_VEHTYPE_AT_FAULT,CHP_VEHTYPE_AT_FAULT,COUNT_SEVERE_INJ,COUNT_VISIBLE_INJ,COUNT_COMPLAINT_PAIN,COUNT_PED_KILLED,COUNT_PED_INJURED,COUNT_BICYCLIST_KILLED,COUNT_BICYCLIST_INJURED,COUNT_MC_KILLED,COUNT_MC_INJURED,PRIMARY_RAMP,SECONDARY_RAMP,LATITUDE,LONGITUDE,COUNTY,CITY,POINT_X,POINT_Y
90016864,2015,2015-10-19,9285,2015-09-09,1417,018636,,3,2,9,5800,0,2,4,,1,041,"N. BEALE ROAD","WOODLAND DRIVE",807.00,W,N,A,-,N,,,,,,,,,,N,4,0,1,2,A,-,03,22350,,N,G,B,F,A,H,-,A,D,0,Y,,,,Y,,A,01,0,0,1,0,1,0,0,0,0,"- ","- ",39.127749999999999,-121.5476,YUBA,UNINCORPORATED,-121.54746401,39.127826339999999
90195401,2016,2016-06-06,9285,2016-06-05,1030,016343,,7,1,9,5800,0,3,5,,1,006,"LOS VERJELES RD","LOMA RICA RD",0.00,,Y,A,-,N,,,,,,,,,,Y,4,0,1,1,A,-,21,22106,,N,F,A,A,A,H,-,A,A,0,,,Y,,Y,,C,02,0,0,1,0,0,0,0,0,1,"- ","- ",39.332850000000001,-121.36552,YUBA,UNINCORPORATED,-121.3655299,39.332859910000003
92208129,2023,2023-10-25,9285,2023-10-19,1725,020520,,4,2,9,5800,0,2,4,,1,041,"N. BEALE RD","HAMMONTON SMARTSVILLE RD",125.00,W,N,A,-,N,,,,,,,,,,N,4,0,1,2,A,-,08,22107,,N,D,E,A,A,H,-,A,A,0,,,,,Y,,A,01,0,0,1,0,0,0,0,0,0,"- ","- ",39.127700805664062,-121.55610656738281,YUBA,UNINCORPORATED,-121.55609130859375,39.127632141113281
94436326,2024,2024-10-18,9285,2024-09-20,1940,022294,,5,2,9,5800,0,2,4,,2,081,"MARYSVILLE RD","INDIANA RANCH RD",40.00,E,N,A,-,N,,,,,,,,,,N,4,0,1,2,A,-,03,22350,,M,C,C,A,A,H,-,D,D,0,,,,,Y,,A,07,0,0,1,0,0,0,0,0,0,"- ","- ",39.381889343261719,-121.21717834472656,YUBA,UNINCORPORATED,-121.21683502197266,39.381755828857422
94447855,2024,2024-10-28,9285,2024-10-22,1437,022748,,2,2,9,5800,0,3,5,,1,002,"ARBOGA ROAD","SKY HARBOR DRIVE",2100.00,N,N,A,-,N,,,,,,,,,,N,3,0,1,2,A,-,09,21804,A,N,D,C,A,A,H,-,A,A,0,,,,,Y,,A,01,0,1,0,0,0,0,0,0,0,"- ","- ",39.103610992431641,-121.56082916259766,YUBA,UNINCORPORATED,-121.560791015625,39.10235595703125
94640225,2025,2025-04-07,9285,2025-04-06,1815,022919,,7,2,9,5800,0,2,4,,1,042,"HAMMONTON SMARTVILLE RD","TREVOR DR",390.00,W,N,A,-,N,,,,,,,,,,N,4,0,1,1,A,-,08,22107,,N,E,I,A,A,H,-,A,D,0,,,,,Y,,A,01,0,0,1,0,0,0,0,0,0,"- ","- ",39.135490417480469,-121.53883361816406,YUBA,UNINCORPORATED,-121.53871154785156,39.135410308837891
94645964,2025,2025-04-11,9285,2025-04-04,1050,023008,,5,1,9,5800,0,2,4,,1,042,"HAMMONTON SMARTVILLE RD","SOUTH GOLDEN PARKWAY",560.00,S,N,A,-,N,,,,,,,,,,N,4,0,1,1,A,-,03,22350,,N,E,I,A,A,H,-,A,A,0,,,Y,,Y,,C,02,0,0,1,0,0,0,0,0,1,"- ","- ",39.198310852050781,-121.31817626953125,YUBA,UNINCORPORATED,-121.31610870361328,39.198631286621094
6962151,2015,2015-06-24,9285,2015-05-06,1225,017534,,3,1,9,5800,0,3,5,,1,004,"GROVE AV","HAMMONTON SMARTVILLE RD",0.00,,Y,A,-,N,,,,,,,,,,N,3,0,2,3,A,-,09,21802,A,N,D,G,A,A,H,-,A,D,0,,Y,,,Y,,A,01,0,2,0,0,0,0,2,0,0,"- ","- ",39.12321,-121.55580999999999,YUBA,UNINCORPORATED,-121.55590992,39.127319919999998
6531255,2014,2014-08-16,9285,2014-06-18,1814,018522,,3,2,9,5800,0,2,4,,1,041,"WOODLAND DR","NORTH BEALE RD",0.00,,Y,A,-,N,,,,,,,,,,Y,3,0,1,2,A,-,09,21802,A,N,D,C,A,A,H,-,A,A,0,,,,,Y,,A,01,0,1,0,0,0,0,0,0,0,"- ","- ",39.127859999999998,-121.54464,YUBA,UNINCORPORATED,-121.54461988,39.127889940000003
91186519,2020,2020-02-13,9285,2020-02-07,1540,019478,,5,2,9,5800,0,1,3,,1,020,"SR-70 NB","FEATHER RIVER BLVD N",500.00,S,N,A,-,Y,,,,,,,,,,N,4,0,1,4,A,-,03,22350,,N,C,C,A,A,H,-,A,D,0,,,,,Y,,A,01,0,0,1,0,0,0,0,0,0,"- ","- ",39.123649597167969,-121.57563018798828,YUBA,UNINCORPORATED,-121.57562255859375,39.123714447021484
91592885,2021,2021-10-11,9285,2021-09-28,1730,021920,,2,2,9,5800,0,1,3,,1,020,"FORTY MILE RD",SR-65,2640.00,W,N,A,-,N,,,,,,,,,,N,3,0,1,1,C,-,18,,,N,D,H,A,A,H,-,C,D,0,,,Y,,Y,,-,"- ",0,1,0,0,0,0,0,0,1,"- ","- ",39.057399749755859,-121.51518249511719,YUBA,UNINCORPORATED,-121.51423645019531,39.064620971679688
91984127,2023,2023-02-01,9230,2023-01-26,1850,019235,,4,2,9,5800,0,3,5,,2,080,"PENDOLA RD",SR-49,3696.00,W,N,A,-,N,,,,,,,,,,Y,4,0,1,1,A,-,08,22107,,N,F,A,A,A,E,-,D,D,0,,,,,Y,,A,07,0,0,1,0,0,0,0,0,0,"- ","- ",39.455280303955078,-121.06719207763672,YUBA,UNINCORPORATED,-121.0528564453125,39.455501556396484
92167345,2023,2023-09-11,9285,2023-08-31,1629,021068,,4,2,9,5800,0,2,4,,1,042,"HAMMONTON SMARTVILLE ROAD","ALBERTA AVENUE",974.00,E,N,A,-,N,,,,,,,,,,N,4,0,1,1,A,-,01,23152,A,N,E,J,A,A,H,-,A,D,0,,,,,Y,Y,D,22,0,0,1,0,0,0,0,0,0,"- ","- ",39.137020111083984,-121.52745819091797,YUBA,UNINCORPORATED,-121.52751922607422,39.136966705322266
92194732,2023,2023-10-09,9285,2023-10-04,"800 ",018876,,3,1,9,5800,0,2,4,,2,025,SR-65,"S. BEALE RD.",704.00,S,N,A,-,Y,YUB,,65," "," ",3.967,H,,R,N,3,0,1,1,A,-,08,22107,,N,E,J,A,A,H,-,A,D,0,,,,,Y,,-,"- ",0,1,0,0,0,0,0,0,0,"- ","- ",39.039329528808594,-121.46990203857422,YUBA,UNINCORPORATED,-121.46976470947266,39.039451599121094
90298864,2016,2016-10-24,9285,2016-10-01,1110,018561,,6,1,9,5800,0,1,3,,1,062,SR-20,"WOODRUFF LN",0.00,,Y,A,-,Y,,,20,,,,,,,Y,3,0,3,2,A,-,09,21802,A,N,D,C,A,A,H,-,A,A,0,,,,,Y,,A,07,0,1,2,0,0,0,0,0,0,"- ","- ",39.21331,-121.51285,YUBA,UNINCORPORATED,-121.51282347,39.213273360000002
90344343,2016,2016-12-14,9285,2016-12-07,0805,017534,,3,1,9,5800,0,1,3,,1,020,"STATE ROUTE 70 NORTHBOUND","OLIVEHURST AVE",1056.00,N,N,A,-,Y,,,,,,,,,,Y,4,0,1,2,A,-,03,22350,,N,C,C,A,A,H,-,A,D,0,,,,,Y,,A,01,0,0,1,0,0,0,0,0,0,"- ","- ",39.105269999999997,-121.55291,YUBA,UNINCORPORATED,-121.55273188,39.104945839999999
90349949,2016,2016-12-21,9285,2016-12-16,2130,020170,,5,2,9,5800,0,3,5,,1,002,"TALAK WAY W/B","NISENAN LANE",0.00,,Y,A,-,N,,,,,,,,,,N,4,0,1,1,A,-,01,23152,A,N,E,I,A,A,H,-,D,A,0,,,,,Y,Y,A,01,0,0,1,0,0,0,0,0,0,"- ","- ",39.066679999999998,-121.3394,YUBA,UNINCORPORATED,-121.33938993,39.066729969999997
90610492,2017,2017-12-05,9285,2017-11-12,0953,015976,,7,1,9,5800,0,1,3,,1,060,SR-70,"CHANDLER RD",0.50,S,N,B,-,Y,,,70,,,,,,,Y,2,0,1,3,A,-,05,21650,,N,B,C,A,A,H,-,A,D,0,,,,,Y,,D,22,1,0,0,0,0,0,0,0,0,"- ","- ",39.284700000000001,-121.5945,YUBA,UNINCORPORATED,-121.59469821,39.28472464
94903574,2025,2025-11-13,9285,2025-10-18,1345,024588,,6,1,9,5800,0,3,5,,1,002,"FORTY MILE RD","PLUMAS SCHOOL RD",0.00,,Y,A,-,N,,,,,,,,,,N,3,0,4,2,A,-,09,21801,A,N,D,C,A,A,H,-,A,D,0,,,,,Y,,D,22,0,4,0,0,0,0,0,0,0,"- ","- ",39.026969909667969,-121.51344299316406,YUBA,UNINCORPORATED,-121.51335906982422,39.026943206787109
94941502,2025,2025-11-21,9285,2025-11-20,"730 ",022956,,4,1,9,5800,0,3,5,,1,002,"FEATHER RIVER BLVD","CURTIS ST",4541.00,N,N,B,C,N,,,,,,,,,,Y,3,0,2,1,A,-,08,22107,,N,F,I,A,B,H,-,A,D,0,,,,,Y,,A,01,0,1,1,0,0,0,0,0,0,"- ","- ",39.094440460205078,-121.57881927490234,YUBA,UNINCORPORATED,-121.57882690429688,39.094528198242188
6899616,2015,2015-05-08,9285,2015-04-05,0330,19168,,7,3,9,5800,0,3,5,,1,004,"HAMMONTON RD","HAMMONTON SMARTVILLE RD",17424.00,N,N,B,-,N,,,,,,,,,,Y,3,0,2,1,A,-,01,23152,A,N,E,I,A,A,A,B,D,D,0,,,,,Y,Y,D,22,0,1,1,0,0,0,0,0,0,"- ","- ",39.19182,-121.42058,YUBA,UNINCORPORATED,-121.42063199,39.191657759999998
7053956,2015,2016-11-01,9285,2015-06-28,0047,19144,,7,3,9,5800,0,1,3,,1,060,"RT 70","CHANDLER RD",528.00,S,N,A,-,Y,YUB,3,70,-,-,24.660,H,-,W,Y,3,0,1,1,A,-,08,22107,,M,E,I,A,A,H,-,D,D,0,,,,,Y,Y,A,01,0,1,0,0,0,0,0,0,0,"- ","- ",39.280999999999999,-121.59457,YUBA,UNINCORPORATED,-121.59480084,39.290006349999999
8592692,2018,2018-04-06,5801,2018-03-27,1832,327,5801,2,5,3,5801,0,0,0,,0,,"10TH ST","F ST",0.00,,Y,A,-,N,,,,,,,,,,Y,4,0,1,2,A,-,08,22101,D,N,A,C,A,A,H,-,A,A,0,,,,,Y,,A,07,0,0,1,0,0,0,0,0,0,"- ","- ",,,YUBA,MARYSVILLE,-121.41262054443359,39.106849670410156
9866218,2025,2025-09-30,5802,2025-06-26,2054,6035,E020,4,5,1,5802,0,0,0,,0,004,"RT 65","OLD WHEATLAND RD",386.00,N,N,A,-,Y,YUB,3,65,-,-,1.760,H,-,N,Y,4,0,2,3,A,-,03,22350,,N,C,C,A,A,D,-,B,D,0,,,,,Y,,A,01,0,0,2,0,0,0,0,0,0,"- ","- ",39.014720916748047,-121.43171691894531,YUBA,WHEATLAND,-121.43860626220703,39.01873779296875
92234052,2023,2023-11-13,9285,2023-11-03,"4   ",022125,,5,3,9,5800,0,1,3,,1,060,SR-70,"BOYER RD",420.00,S,N,A,-,Y,YUB,,70," "," ",22.247,H,,R,Y,3,0,1,2,A,-,08,22107,,N,C,C,A,A,H,-,D,D,0,,,,,Y,Y,E,22,0,1,0,0,0,0,0,0,0,"- ","- ",39.255290985107422,-121.59877014160156,YUBA,UNINCORPORATED,-121.59871673583984,39.255287170410156
92270764,2023,2023-12-26,9285,2023-12-19,2040,022320,,2,2,9,5800,0,2,4,,2,021,"FEATHER RIVER BLVD","ELLA AVENUE",1056.00,N,N,C,-,N,,,,,,,,,,Y,2,0,3,2,A,-,05,21650,,N,A,C,A,B,H,-,D,D,0,,,,,Y,,D,22,2,1,0,0,0,0,0,0,0,"- ","- ",39.071880340576172,-121.57894134521484,YUBA,UNINCORPORATED,-121.57889556884766,39.072238922119141
92304322,2024,2024-02-02,9285,2024-01-29,1754,018986,,1,2,9,5800,0,2,4,,1,061,"LOMA RICA RD","SHADY WAY",1232.00,S,N,A,-,N,,,,,,,,,,Y,4,0,1,3,A,-,03,22350,,N,C,C,A,A,H,-,D,D,0,,,,,Y,,A,01,0,0,1,0,0,0,0,0,0,"- ","- ",39.229198455810547,-121.51085662841797,YUBA,UNINCORPORATED,-121.5108642578125,39.229351043701172
92351215,2024,2024-04-01,9285,2024-03-29,2120,022919,,5,2,9,5800,0,2,4,,1,022,"MCGOWAN PKY","ARBOGA RD",1800.00,E,N,B,-,N,,,,,,,,,,N,3,0,1,2,A,-,08,22107,,N,C,G,A,B,H,-,D,D,0,,Y,,,Y,,L,04,0,1,0,0,0,0,1,0,0,"- ","- ",39.077110290527344,-121.55490875244141,YUBA,UNINCORPORATED,-121.55500793457031,39.07708740234375
94429438,2024,2024-10-14,9285,2024-10-05,"325 ",022294,,6,3,9,5800,0,2,4,,1,042,"HAMMONTON SMARTSVILLE RD","DANTONI RD",365.00,W,N,A,-,N,,,,,,,,,,N,2,0,1,2,A,-,11,21954,A,F,G,B,E,A,H,-,D,D,0,Y,,,,Y,,-,"- ",1,0,0,0,1,0,0,0,0,"- ","- ",39.135429382324219,-121.53443908691406,YUBA,UNINCORPORATED,-121.53439331054688,39.135421752929688
94751584,2025,2025-07-07,9285,2025-07-02,1430,023008,,3,2,9,5800,0,3,5,,1,002,"WESTERN AVE","10TH AVE",0.00,,Y,A,-,N,,,,,,,,,,Y,4,0,2,1,C,-,18,,,N,E,I,A,A,H,-,A,A,0,,,,,Y,,-,"- ",0,0,2,0,0,0,0,0,0,"- ","- ",39.089889526367188,-121.55634307861328,YUBA,UNINCORPORATED,-121.55638122558594,39.089935302734375
6337552,2014,2014-06-04,9285,2014-01-06,2213,19168,,1,3,9,5800,0,2,4,,1,042,"HAMMONTON SMARTVILLE RD","ALBERTA AV",528.00,E,N,A,-,N,,,,,,,,,,N,4,0,1,2,A,-,11,21956,,N,G,B,E,A,H,-,D,D,0,Y,,,,Y,,N,60,0,0,1,0,1,0,0,0,0,"- ","- ",39.136609999999997,-121.52883,YUBA,UNINCORPORATED,-121.52897221000001,39.13649976
6291780,2014,2014-12-22,5801,2014-11-13,0754,S1,,4,5,3,5801,0,0,0,,0,,"SIMPSON LN","MARYSVILLE CITY LIMITS",220.00,W,N,B,C,N,,,,,,,,,,Y,1,1,2,3,A,-,03,22350,,N,D,C,A,B,H,-,A,D,0,,,,,Y,,A,01,1,0,1,0,0,0,0,0,0,"- ","- ",,,YUBA,MARYSVILLE,,
6292756,2015,2016-02-06,9285,2015-07-12,2055,18632,,7,2,3,5801,0,2,S,,2,901,"B ST","EAST 24TH ST",67.00,S,N,A,-,N,,,,,,,,,,Y,1,1,1,1,A,-,08,22107,,N,E,I,A,A,H,-,C,D,0,,,,,Y,,A,01,0,0,1,0,0,0,0,0,0,"- ","- ",39.157580000000003,-121.58862000000001,YUBA,MARYSVILLE,-121.39355500000001,39.116379039999998
6351953,2014,2014-06-06,9285,2014-01-18,1040,15048,,6,1,9,5800,0,2,4,,1,022,"OLIVEHURST AV","6TH AV",45.00,N,N,A,-,N,,,,,,,,,,Y,4,0,4,2,A,-,09,21804,A,N,D,C,A,A,H,-,A,D,0,,,,,Y,,A,01,0,0,4,0,0,0,0,0,0,"- ","- ",39.098109999999998,-121.55132,YUBA,UNINCORPORATED,-121.5515067,39.098093550000002
6351961,2014,2016-01-23,9285,2014-01-04,1135,17163,,6,1,9,5800,0,1,3,,1,020,"RT 70","OLIVEHURST AV",1631.00,S,N,A,-,Y,YUB,3,70,-,R,8.970,H,-,W,Y,2,0,3,1,A,-,08,22107,,N,F,A,A,A,H,-,A,D,1,,,,,Y,,A,07,2,1,0,0,0,0,0,0,0,"- ","- ",39.098959999999998,-121.54616,YUBA,UNINCORPORATED,-121.54674156999999,39.099685200000003
6356766,2014,2014-06-05,9285,2014-01-21,1852,19168,,2,2,9,5800,0,3,5,,1,004,"SIMPSON LN","HAMMONTON SMARTVILLE RD",12.00,,N,A,-,N,,,,,,,,,,N,4,0,1,2,A,-,03,22350,,N,C,C,A,A,H,-,C,D,0,,,,,Y,,A,07,0,0,1,0,0,0,0,0,0,"- ","- ",38.134349999999998,-121.55228,YUBA,UNINCORPORATED,-121.55197994,39.134409900000001
6405285,2014,2015-11-14,9285,2014-03-21,1745,014793,,5,2,9,5800,0,1,4,,1,062,"RT 20","KIBBE RD",790.00,E,N,A,-,Y,YUB,3,20,-,-,9.630,H,-,E,Y,4,0,2,2,A,-,03,22350,,N,C,C,A,A,H,-,A,D,0,,,,,Y,,A,07,0,0,2,0,0,0,0,0,0,"- ","- ",39.215350000000001,-121.48025,YUBA,UNINCORPORATED,-121.47857586000001,39.216175229999997
6408337,2014,2014-06-28,9285,2014-03-08,1055,014241,,6,1,9,5800,0,2,4,,2,081,"MARYSVILLE RD","MERRIAM RD",10032.00,E,N,A,-,N,,,,,,,,,,Y,2,0,1,1,A,-,08,22107,,N,F,A,A,A,H,-,A,D,0,,,,,Y,,D,22,1,0,0,0,0,0,0,0,0,"- ","- ",39.366199999999999,-121.17619999999999,YUBA,UNINCORPORATED,-121.17550113,39.364596429999999
6408892,2014,2014-06-25,9285,2014-03-02,2030,017534,,7,2,9,5800,0,2,4,,1,022,"MCGOWAN PKWY","POWERLINE RD",204.00,W,N,A,-,N,,,,,,,,,,Y,4,0,1,2,A,-,09,21801,A,N,D,C,A,A,H,-,C,D,0,,,,,Y,,A,01,0,0,1,0,0,0,0,0,0,"- ","- ",39.077210000000001,-121.54367999999999,YUBA,UNINCORPORATED,-121.54352854,39.077267540000001
6475612,2014,2016-01-23,9285,2014-03-23,1625,159876,,7,2,9,5800,0,1,3,,1,020,"RT 70","BEALE RD",1056.00,N,N,A,-,Y,YUB,3,70,-,-,13.748,H,-,E,N,3,0,1,2,A,-,08,22107,,N,B,C,A,-,A,H,A,D,4,,,Y,,Y,,C,02,0,1,0,0,0,0,0,0,1,"- ","- ",39.129260000000002,-121.58472999999999,YUBA,UNINCORPORATED,-121.58751658,39.131269930000002
6494427,2014,2014-08-22,9285,2014-06-04,2117,17190,,3,2,9,5800,0,3,5,,1,006,"LOMA RICA RD","ROAH E MCCLOUD MEMORIAL BRIDGE",78.00,W,N,A,-,N,,,,,,,,,,Y,3,0,1,1,A,-,08,22107,,N,E,I,A,A,H,-,D,D,0,,,,,Y,,J,48,0,1,0,0,0,0,0,0,0,"- ","- ",39.328000000000003,-121.38659,YUBA,UNINCORPORATED,-121.38659,39.328000000000003
6506945,2014,2014-08-11,5801,2014-06-13,0807,S1,MARYS,5,5,3,5801,0,0,0,,0,,"EAST 17TH ST","BUCHANAN ST",0.00,,Y,A,-,N,,,,,,,,,,Y,4,0,1,2,A,-,09,21802,,N,D,C,A,A,H,-,A,A,0,,,,,Y,,D,22,0,0,1,0,0,0,0,0,0,"- ","- ",,,YUBA,MARYSVILLE,-121.57888985,39.15471995
6538363,2014,2015-09-23,9285,2014-06-29,1505,018286,,7,2,9,5800,0,2,4,,2,081,"MARYSVILLE RD","OREGON HILL RD",5280.00,N,N,A,-,N,,,,,,,,,,N,4,0,1,1,A,-,08,22107,,N,F,A,A,A,H,-,A,D,0,,,Y,,Y,,C,02,0,0,1,0,0,0,0,0,1,"- ","- ",39.380200000000002,-121.15056,YUBA,UNINCORPORATED,-121.15052999,39.382225650000002
6545131,2014,2016-05-04,9285,2014-07-02,1640,019144,,3,2,9,5800,0,2,4,,2,025,"RT 65","BEAR RIVER BRIDGE",110.00,N,N,A,-,Y,YUB,3,65,-,R,23.890,H,-,N,Y,4,0,1,3,A,-,03,22350,,N,C,C,A,A,H,-,A,D,0,,,,,Y,,A,01,0,0,1,0,0,0,0,0,0,"- ","- ",39.00385,-121.41294000000001,YUBA,UNINCORPORATED,-121.40679299999999,39.000078000000002
6545171,2014,2014-08-22,9285,2014-07-02,0725,014878,,3,1,9,5800,0,2,4,,1,042,"HAMMONTON SMARTVILLE RD","GROVE AV",30.00,N,N,A,-,N,,,,,,,,,,N,4,0,1,4,A,-,12,22450,A,N,D,C,A,A,H,-,A,A,0,,,,,Y,,D,22,0,0,1,0,0,0,0,0,0,"- ","- ",39.127299999999998,-121.55580999999999,YUBA,UNINCORPORATED,-121.55585468,39.127390220000002
6569297,2014,2016-05-06,5801,2014-07-09,1135,304,5801,3,5,3,5801,0,0,0,,0,,"E ST","6TH ST",0.00,,Y,A,-,Y,YUB,3,70,-,-,14.490,H,-,W,N,4,0,1,2,A,-,03,22350,,N,C,C,A,A,H,-,A,A,0,,,,,Y,,A,01,0,0,1,0,0,0,0,0,0,"- ","- ",,,YUBA,MARYSVILLE,-121.59081419,39.141470900000002
6602746,2014,2016-04-25,5801,2014-08-13,1506,303,,3,5,3,5801,0,0,0,,0,,"B ST","17TH ST",193.00,S,N,A,-,Y,YUB,3,70,-,-,15.040,H,-,E,Y,4,0,1,3,A,-,03,22350,,N,C,C,A,A,H,-,A,D,0,,,,,Y,,A,07,0,0,1,0,0,0,0,0,0,"- ","- ",,,YUBA,MARYSVILLE,-121.58781844000001,39.15349166
6606101,2014,2014-09-19,9285,2014-05-24,1050,17393,,6,1,9,5800,0,3,5,,1,008,"FRENCHTOWN RD","DRY CREEK BR",389.00,S,N,A,-,N,,,,,,,,,,Y,1,1,0,1,A,-,03,22350,,N,E,I,A,A,H,-,A,D,0,,,,,Y,,A,07,0,0,0,0,0,0,0,0,0,"- ","- ",39.381819999999998,-121.25790000000001,YUBA,UNINCORPORATED,-121.25623226,39.38773072
6616657,2014,2014-09-24,5801,2014-08-27,1407,304,5801,3,5,3,5801,0,0,0,,0,,"HOBART DR","GLEN ST",0.00,,Y,A,-,N,,,,,,,,,,N,4,0,1,2,A,-,03,22350,,F,G,B,D,A,H,-,A,D,0,Y,,,,Y,,-,"- ",0,0,1,0,1,0,0,0,0,"- ","- ",,,YUBA,MARYSVILLE,-121.56313993000001,39.160139909999998
6690705,2014,2016-06-29,5801,2014-10-29,1550,S1,MARYS,3,5,3,5801,0,0,0,,0,,"H ST","10TH ST",0.00,,Y,A,-,Y,YUB,3,20,-,-,1.320,I,5,W,Y,4,0,1,2,A,-,09,21801,A,N,A,C,A,A,G,H,-,A,0,,,,,Y,,A,01,0,0,1,0,0,0,0,0,0,"- ","- ",,,YUBA,MARYSVILLE,-121.58671592,39.145452290000001
6720423,2014,2016-06-29,5801,2014-10-28,0817,SAM3,5801,2,5,3,5801,0,0,0,,0,,"EAST 12TH ST","RUBEL ST",0.00,,Y,A,-,Y,YUB,3,20,-,-,1.680,I,5,W,Y,4,0,1,2,A,-,09,21802,A,F,D,C,A,A,H,-,A,D,0,,,,,Y,,A,01,0,0,1,0,0,0,0,0,0,"- ","- ",,,YUBA,MARYSVILLE,-121.58387154,39.148696729999998
6778925,2015,2016-09-02,5801,2015-01-01,0736,317,MARYS,4,5,3,5801,0,0,0,,0,,"10TH ST","I ST",13.00,E,N,A,-,Y,YUB,3,20,-,-,0.590,H,-,W,N,3,0,1,2,A,-,01,21200,5,N,D,G,A,A,H,-,A,D,0,,Y,,,Y,Y,L,04,0,1,0,0,0,0,1,0,0,"- ","- ",,,YUBA,MARYSVILLE,-121.59804898,39.145258329999997
6821363,2015,2016-09-02,5801,2015-02-02,1744,315,YUBAC,1,5,3,5801,0,0,0,,0,,"RT 20","EAST 22ND ST",0.00,,Y,A,-,Y,YUB,3,20,-,R,2.940,I,5,W,Y,4,0,4,2,A,-,09,21801,A,N,A,C,A,A,H,-,B,D,0,,,,,Y,,A,01,0,0,4,0,0,0,0,0,0,"- ","- ",,,YUBA,MARYSVILLE,-121.56529512,39.158114570000002
6899628,2015,2015-05-09,9285,2015-04-08,0650,017306,,3,1,9,5800,0,3,5,,1,002,"ARBOGA RD","PLUMAS ARBOGA RD",1100.00,N,N,B,-,N,,,,,,,,,,Y,3,0,2,2,A,-,08,22107,,N,D,C,A,A,H,-,A,D,0,,,,,Y,,A,01,0,1,1,0,0,0,0,0,0,"- ","- ",39.058309999999999,-121.56126,YUBA,UNINCORPORATED,-121.56124004999999,39.058162119999999
6956272,2015,2015-06-22,9285,2015-04-21,1445,017306,,2,2,9,5800,0,3,5,,1,004,"ERLE RD","LINDHURST AV",60.00,E,N,A,-,N,,,,,,,,,,Y,3,0,2,6,A,-,08,22107,,M,B,C,A,A,H,-,A,A,0,,,,,Y,,A,01,0,2,0,0,0,0,0,0,0,"- ","- ",39.064790000000002,-121.33295,YUBA,UNINCORPORATED,-121.55817861,39.113265089999999
6979911,2015,2015-07-11,9285,2015-05-25,0320,18286,,1,3,9,5800,0,3,5,,1,006,"LOMA RICA RD","SHADY WY",405.00,S,N,A,-,N,,,,,,,,,,Y,3,0,1,1,A,-,08,22107,,N,E,I,A,A,H,-,D,D,0,,,,,Y,,A,01,0,1,0,0,0,0,0,0,0,"- ","- ",39.233490000000003,-121.51049,YUBA,UNINCORPORATED,-121.51081375,39.231619770000002
7047303,2015,2016-11-01,9285,2015-06-13,1150,017900,,6,1,9,5800,0,1,3,,1,060,"RT 70","ELLIS RD",1477.00,S,N,A,-,Y,YUB,3,70,-,-,17.900,H,-,E,Y,3,0,3,3,A,-,03,22350,,N,C,C,A,A,H,-,A,D,0,,,,,Y,,A,01,0,1,2,0,0,0,0,0,0,"- ","- ",39.193840000000002,-121.59483,YUBA,UNINCORPORATED,-121.59489582,39.193867990000001
8003954,2016,2016-04-14,5801,2016-03-11,1501,323,,5,5,3,5801,0,0,0,,0,5801,"5TH ST","OLIVE ST",1739.00,W,N,A,-,N,,,,,,,,,,N,4,0,1,3,A,-,03,22350,,N,C,C,A,A,H,-,A,D,0,,,,Y,Y,,F,26,0,0,1,0,0,0,0,0,0,"- ","- ",,,YUBA,MARYSVILLE,-121.59958,39.139560000000003
8059744,2016,2017-02-24,5801,2016-05-05,1751,308,5801,4,5,3,5801,0,0,0,,0,,"10TH ST BRIDGE",EFE06,48.00,W,-,A,-,Y,SUT,3,20,-,-,16.900,H,-,E,Y,4,0,1,3,A,-,03,22350,,N,C,C,A,A,H,-,A,D,0,,,,,Y,,A,07,0,0,1,0,0,0,0,0,0,"- ","- ",,,YUBA,MARYSVILLE,-121.61089174999999,39.142950470000002