CASE_ID,ACCIDENT_YEAR,PROC_DATE,JURIS,COLLISION_DATE,COLLISION_TIME,OFFICER_ID,REPORTING_DISTRICT,DAY_OF_WEEK,CHP_SHIFT,POPULATION,CNTY_CITY_LOC,SPECIAL_COND,BEAT_TYPE,CHP_BEAT_TYPE,CITY_DIVISION_LAPD,CHP_BEAT_CLASS,BEAT_NUMBER,PRIMARY_RD,SECONDARY_RD,DISTANCE,DIRECTION,INTERSECTION,WEATHER_1,WEATHER_2,STATE_HWY_IND,CALTRANS_COUNTY,CALTRANS_DISTRICT,STATE_ROUTE,ROUTE_SUFFIX,POSTMILE_PREFIX,POSTMILE,LOCATION_TYPE,RAMP_INTERSECTION,SIDE_OF_HWY,TOW_AWAY,COLLISION_SEVERITY,NUMBER_KILLED,NUMBER_INJURED,PARTY_COUNT,PRIMARY_COLL_FACTOR,PCF_CODE_OF_VIOL,PCF_VIOL_CATEGORY,PCF_VIOLATION,PCF_VIOL_SUBSECTION,HIT_AND_RUN,TYPE_OF_COLLISION,MVIW,PED_ACTION,ROAD_SURFACE,ROAD_COND_1,ROAD_COND_2,LIGHTING,CONTROL_DEVICE,CHP_ROAD_TYPE,PEDESTRIAN_ACCIDENT,BICYCLE_ACCIDENT,MOTORCYCLE_ACCIDENT,TRUCK_ACCIDENT,NOT_PRIVATE_PROPERTY,ALCOHOL_INVOLVED,STWD_VEHTYPE_AT_FAULT,CHP_VEHTYPE_AT_FAULT,COUNT_SEVERE_INJ,COUNT_VISIBLE_INJ,COUNT_COMPLAINT_PAIN,COUNT_PED_KILLED,COUNT_PED_INJURED,COUNT_BICYCLIST_KILLED,COUNT_BICYCLIST_INJURED,COUNT_MC_KILLED,COUNT_MC_INJURED,PRIMARY_RAMP,SECONDARY_RAMP,LATITUDE,LONGITUDE,COUNTY,CITY,POINT_X,POINT_Y
94825308,2025,2025-09-01,9285,2025-08-28,1530,021154,,4,2,9,5800,0,1,3,,1,060,"SR-70 S/B","LAURELLEN RD",2081.00,N,N,A,-,Y,YUB,,70," "," ",16.688,H,,L,Y,3,0,1,2,A,-,03,22350,,N,C,C,A,A,H,-,A,D,0,,,,,Y,,A,01,0,1,0,0,0,0,0,0,0,"- ","- ",39.176731109619141,-121.59120178222656,YUBA,UNINCORPORATED,-121.59113311767578,39.176738739013672
94856369,2025,2025-09-23,9230,2025-09-14,1328,019235,,7,1,9,5800,0,1,3,,1,081,SR-49,"MILL STREET",0.00,,Y,A,-,Y,YUB,,49," "," ",5.370,H,,R,N,3,0,1,2,A,-,09,21802,A,M,F,A,A,A,H,-,A,A,0,,,Y,,Y,Y,-,99,0,1,0,0,0,0,0,0,1,"- ","- ",39.455360412597656,-121.05274963378906,YUBA,UNINCORPORATED,-121.05274200439453,39.455360412597656
94856589,2025,2025-09-23,9285,2025-09-17,1905,021599,,3,2,9,5800,0,3,5,,1,002,"CHESTNUT ROAD","3RD STREET",75.00,S,N,A,-,N,,,,,,,,,,N,3,0,2,2,A,-,05,21460,,N,A,C,A,A,H,-,A,D,0,,,Y,,Y,,D,22,0,2,0,0,0,0,0,0,1,"- ","- ",39.102291107177734,-121.55140686035156,YUBA,UNINCORPORATED,-121.58496856689453,39.138206481933594
94860294,2025,2025-09-25,9285,2025-09-11,1405,017393,,4,2,9,5800,0,2,4,,2,081,"MARYSVILLE ROAD","MANZANOAK TRAIL",177.00,E,N,A,-,N,,,,,,,,,,Y,3,0,1,1,C,-,18,,,N,E,J,A,A,H,-,A,D,0,,,,,Y,,-,"- ",0,1,0,0,0,0,0,0,0,"- ","- ",39.369319915771484,-121.23985290527344,YUBA,UNINCORPORATED,-121.23989868164062,39.369380950927734
94879664,2025,2025-10-09,9285,2025-09-29,1825,024588,,1,2,9,5800,0,1,3,,1,062,"SR-20 E/B","LOMA RICA RD",39.00,E,N,A,-,Y,YUB,,20," ",R,7.901,H,,R,N,2,0,1,1,A,-,01,23152,A,N,E,I,A,A,H,-,A,D,0,,,,,Y,Y,A,07,1,0,0,0,0,0,0,0,0,"- ","- ",39.214229583740234,-121.51062774658203,YUBA,UNINCORPORATED,-121.51058197021484,39.214069366455078
94885711,2025,2025-10-14,9285,2025-10-07,1440,020195,,2,2,9,5800,0,1,3,,1,020,"ERLE RD","SR 70 S/B ON RAMP",21.00,E,N,A,-,N,,,,,,,,,,Y,3,0,1,2,A,-,09,21801,A,N,A,C,A,A,H,-,A,D,0,,,,,Y,,D,22,0,1,0,0,0,0,0,0,0,"- ","- ",39.113140106201172,-121.56038665771484,YUBA,UNINCORPORATED,,
94900185,2025,2025-10-24,9285,2025-10-11,"345 ",023008,,6,3,9,5800,0,3,5,,1,006,"JACK SLOUGH RD","KIMBALL LN",1162.00,S,N,A,-,N,,,,,,,,,,N,3,0,3,1,A,-,08,22107,,N,F,A,A,A,H,-,D,A,0,,,,,Y,,A,07,0,1,2,0,0,0,0,0,0,"- ","- ",39.176071166992188,-121.57357025146484,YUBA,UNINCORPORATED,-121.57300567626953,39.176605224609375
94907130,2025,2025-11-13,9285,2025-10-25,"711 ",024588,,6,1,9,5800,0,2,4,,1,041,"N. BEALE RD","FEATHER RIVER BLVD",1109.00,S,N,C,-,N,,,,,,,,,,N,3,0,1,1,A,-,03,22350,,N,E,I,A,B,H,-,B,A,0,,,,,Y,,A,01,0,1,0,0,0,0,0,0,0,"- ","- ",39.125099182128906,-121.57192993164062,YUBA,UNINCORPORATED,-121.57197570800781,39.124954223632812
94919405,2025,2025-11-13,9285,2025-10-16,1449,024541,,4,2,9,5800,0,2,4,,2,025,"SR 65 S/B","EVERGREEN DR",200.00,N,N,A,-,Y,YUB,,65," "," ",1.721,H,,L,Y,3,0,5,5,A,-,03,22350,,N,C,D,A,A,H,-,A,D,0,,,,,Y,,D,22,0,1,4,0,0,0,0,0,0,"- ","- ",39.018440246582031,-121.43798065185547,YUBA,UNINCORPORATED,-121.43802642822266,39.018394470214844
94924966,2025,2025-11-12,9285,2025-11-08,"815 ",022401,,6,1,9,5800,0,3,5,,1,006,"BUTTE VIEW","LAS QUINTAS WAY",0.00,,Y,A,-,N,,,,,,,,,,N,4,0,1,2,A,-,09,21800,A,N,D,C,A,A,B,-,A,D,0,,,,,Y,,A,01,0,0,1,0,0,0,0,0,0,"- ","- ",39.243270874023438,-121.49239349365234,YUBA,UNINCORPORATED,-121.49234771728516,39.243267059326172
94941248,2025,2025-11-21,9285,2025-11-12,1730,022610,,3,2,9,5800,0,3,5,,1,002,"FORTY MILE RD","DAIRY ROAD",0.00,,Y,A,-,N,,,,,,,,,,Y,3,0,2,3,A,-,09,21801,A,N,D,2,A,A,H,-,D,A,0,,,,,Y,,A,07,0,2,0,0,0,0,0,0,0,"- ","- ",39.008628845214844,-121.49886322021484,YUBA,UNINCORPORATED,-121.49887084960938,39.008636474609375
94996366,2025,2026-01-02,9285,2025-12-23,1835,022534,,2,2,9,5800,0,1,3,,1,020,"STATE ROUTE 70 TO N. BEALE RD","N. BEALE ROAD",0.00,,Y,B,-,Y,,,,,,,,,,Y,3,0,2,2,A,-,01,23152,A,N,A,C,A,B,H,-,C,D,0,,,,,Y,Y,A,01,0,2,0,0,0,0,0,0,0,"- ","- ",39.129070281982422,-121.58393096923828,YUBA,UNINCORPORATED,-121.58299255371094,39.128284454345703
95004139,2025,2026-01-08,9285,2025-12-29,1410,024896,,1,2,9,5800,0,2,4,,1,041,"NORTH BEALE ROAD","LOWE AVE",40.00,E,N,A,-,N,,,,,,,,,,N,3,0,1,2,A,-,07,21658,A,N,C,C,A,A,H,-,A,A,0,,,,,Y,,A,07,0,1,0,0,0,0,0,0,0,"- ","- ",39.127468109130859,-121.56098937988281,YUBA,UNINCORPORATED,-121.56101226806641,39.12750244140625
9519311,2022,2023-01-26,5801,2022-11-23,0952,P217,,3,5,3,5801,0,0,0,,0,5801,"5TH ST","I ST",0.00,,Y,A,-,N,,,,,,,,,,Y,4,0,1,2,A,-,12,22450,A,N,D,C,A,A,H,-,A,A,0,,,,,Y,,A,01,0,0,1,0,0,0,0,0,0,"- ","- ",,,YUBA,MARYSVILLE,-121.59654998779297,39.139720916748047
9520915,2023,2023-09-13,5801,2023-05-14,"819 ",,YUBAS,7,5,3,5801,0,0,0,,0,,"RAMIREZ ST","E. 14TH ST",0.00,,Y,A,-,N,,,,,,,,,,Y,1,1,0,2,D,-,00,,,N,D,C,A,A,D,-,A,D,0,,,Y,Y,Y,,-,"- ",0,0,0,0,0,0,0,1,0,"- ","- ",,,YUBA,MARYSVILLE,-121.58293151855469,39.150989532470703
9542328,2022,2023-01-27,5801,2022-12-07,1211,,,3,5,3,5801,0,0,0,,0,5801,"9TH ST","D ST",0.00,,Y,A,-,N,,,,,,,,,,N,3,0,1,2,A,-,07,21658,A,N,B,C,A,A,H,-,A,A,0,,,Y,,Y,,C,02,0,1,0,0,0,0,0,0,1,"- ","- ",,,YUBA,MARYSVILLE,-121.58962249755859,39.144779205322266
9554240,2023,2023-04-13,5801,2023-02-09,"752 ",P224,5801,4,5,3,5801,0,0,0,,0,,"COVILLAUD ST","RIDEOUT WY",0.00,,Y,A,-,N,,,,,,,,,,N,4,0,1,2,A,-,10,21950,,N,G,B,B,A,-,-,A,A,0,Y,,,,Y,,A,01,0,0,1,0,1,0,0,0,0,"- ","- ",,,YUBA,MARYSVILLE,-121.57793426513672,39.158622741699219
9568711,2023,2023-06-01,5801,2023-05-03,"505 ",P232,5801,3,5,3,5801,0,0,0,,0,,"EAST 12TH ST","RAMIREZ ST",0.00,,Y,A,-,Y,YUB,3,20,-,-,1.710,I,5,W,Y,4,0,1,2,A,-,12,21453,A,N,D,D,A,A,H,-,B,A,0,,,,,Y,,A,01,0,0,1,0,0,0,0,0,0,"- ","- ",,,YUBA,MARYSVILLE,-121.58267211914062,39.148838043212891
9614711,2023,2023-10-30,5802,2023-09-22,2141,1013,5802,5,5,1,5802,0,0,0,,0,,"RT 65","BEAR RIVER BR",1021.00,N,N,A,-,Y,YUB,3,65,-,R,0.190,H,-,N,Y,4,0,2,3,A,-,03,22350,,N,C,C,A,A,H,-,D,D,0,,,,,Y,,A,01,0,0,2,0,0,0,0,0,0,"- ","- ",,,YUBA,WHEATLAND,-121.41221618652344,39.003353118896484
9623121,2023,2023-11-09,5801,2023-10-18,1742,311,5801,3,5,3,5801,0,0,0,,0,,"B ST","16TH ST",0.00,,Y,A,-,N,,,,,,,,,,N,3,0,1,2,A,-,10,21950,A,F,G,B,B,A,H,-,A,A,0,Y,,,,Y,,A,01,0,1,0,0,1,0,0,0,0,"- ","- ",,,YUBA,MARYSVILLE,-121.58773040771484,39.152870178222656
9640171,2023,2024-03-01,5801,2023-08-25,1147,,"YUBA ",5,5,3,5801,0,0,0,,0,5801,RT-20,"G ST",1.00,W,N,A,-,Y,YUB,3,20,-,-,0.750,I,5,W,N,1,1,1,2,A,-,05,21650,1,N,D,G,A,A,H,-,A,A,0,,Y,,,Y,,L,04,0,0,1,0,0,1,0,0,0,"- ","- ",,,YUBA,MARYSVILLE,-121.59439849853516,39.145576477050781
9647813,2023,2024-01-16,5801,2023-11-20,1003,P224,5801,1,5,3,5801,0,0,0,,0,,"10TH ST","H ST",0.00,,N,A,-,Y,YUB,3,20,-,-,0.660,H,-,E,Y,4,0,1,3,A,-,04,21703,,N,C,C,A,A,H,-,A,D,0,,,,Y,Y,,F,26,0,0,1,0,0,0,0,0,0,"- ","- ",,,YUBA,MARYSVILLE,-121.59611511230469,39.145320892333984
9661711,2024,2024-05-14,5801,2024-03-09,1156,309,YUBA,6,5,3,5801,0,0,0,,0,5801,"B ST","12TH ST",40.00,N,N,A,-,N,,,,,,,,,,Y,4,0,1,2,A,-,03,22350,,N,C,C,A,A,H,-,A,-,0,,,Y,,Y,,C,02,0,0,1,0,0,0,0,0,1,"- ","- ",,,YUBA,MARYSVILLE,-121.58709716796875,39.148540496826172
9675656,2024,2024-03-15,5801,2024-02-15,2233,311,"YUBA ",4,5,3,5801,0,0,0,,0,5801,"B ST","9TH ST",0.00,,Y,A,-,Y,YUB,3,20,-,-,1.250,H,-,W,N,3,0,1,2,A,-,00,21955,A,N,G,B,D,A,H,-,C,A,0,Y,,,,Y,Y,N,60,0,1,0,0,1,0,0,0,0,"- ","- ",,,YUBA,MARYSVILLE,-121.58668518066406,39.145214080810547
9693357,2024,2024-06-11,5801,2024-04-17,1433,,"YUBA ",3,5,3,5801,0,0,0,,0,5801,"J ST","4TH ST",72.90,N,N,A,-,N,,,,,,,,,,Y,4,0,1,1,A,-,00,23153,F,N,A,I,A,A,H,-,A,D,0,,,,,Y,,A,01,0,0,1,0,0,0,0,0,0,"- ","- ",,,YUBA,MARYSVILLE,-121.59799194335938,39.138668060302734
9717380,2024,2024-10-11,5801,2024-07-24,"737 ",310,YUBAC,3,5,3,5801,0,0,0,,0,,"10TH ST","I ST",496.00,W,N,A,-,N,,,,,,,,,,Y,4,0,1,2,A,-,08,22107,,N,C,C,A,A,H,-,A,D,0,,,,,Y,,E,23,0,0,1,0,0,0,0,0,0,"- ","- ",,,YUBA,MARYSVILLE,-121.59693908691406,39.1453857421875
9729886,2024,2024-09-16,5801,2024-08-08,2231,310,YUBA,4,5,3,5801,0,0,0,,0,5801,"EAST 10TH ST","YUBA ST",2.00,N,N,A,-,N,,,,,,,,,,N,3,0,1,2,A,-,10,21950,A,N,D,G,A,A,H,-,D,A,0,,Y,,,Y,,D,22,0,1,0,0,0,0,1,0,0,"- ","- ",,,YUBA,MARYSVILLE,-121.58380126953125,39.146411895751953
9748121,2024,2025-01-02,5801,2024-10-10,1850,309,"YUBA ",4,5,3,5801,0,0,0,,0,5801,"10TH ST","F ST",10.00,W,N,A,-,Y,YUB,3,20,-,-,0.840,I,5,E,N,3,0,1,2,A,-,10,21950,,N,D,-,A,A,H,-,C,A,0,,Y,,,Y,,A,01,0,1,0,0,0,0,1,0,0,"- ","- ",,,YUBA,MARYSVILLE,-121.5928955078125,39.145576477050781
9763178,2024,2025-01-17,5801,2024-12-17,"745 ",310,YUBAC,2,5,3,5801,0,0,0,,0,5801,"EAST 17TH ST","YUBA ST",111.00,W,N,B,-,N,,,,,,,,,,Y,4,0,1,2,A,-,09,21801,,N,D,C,A,A,H,-,A,D,0,,,,,Y,,B,01,0,0,1,0,0,0,0,0,0,"- ","- ",,,YUBA,MARYSVILLE,-121.58522796630859,39.154163360595703
9769491,2024,2025-01-02,5801,2024-11-04,1841,311,YUBA,1,5,3,5801,0,0,0,,0,5801,"12TH ST","SAMPSON ST",0.00,,Y,A,-,Y,YUB,3,20,-,-,1.873,H,-,E,N,2,0,1,2,A,-,11,21954,A,N,G,B,D,A,H,-,E,A,0,Y,,,,Y,,N,60,1,0,0,0,1,0,0,0,0,"- ","- ",,,YUBA,MARYSVILLE,-121.57975769042969,39.148998260498047
9770533,2024,2025-01-03,5801,2024-12-10,1956,P231,"YUBA ",2,5,3,5801,0,0,0,,0,5801,"18TH ST","CHESTNUT ST",0.00,,Y,A,-,N,,,,,,,,,,Y,4,0,2,2,A,-,09,21804,A,N,D,C,A,A,H,-,C,A,0,,,,,Y,,A,01,0,0,2,0,0,0,0,0,0,"- ","- ",,,YUBA,MARYSVILLE,-121.58737182617188,39.155139923095703
9772240,2024,2025-01-17,5801,2024-12-18,"849 ",312,"YUBA ",3,5,3,5801,0,0,0,,0,9801,"E ST","3RD ST",924.00,S,N,A,-,N,,,,,,,,,,Y,4,0,2,3,A,-,08,22107,,N,D,C,A,A,H,-,A,A,0,,,,,Y,,A,01,0,0,2,0,0,0,0,0,0,"- ","- ",,,YUBA,MARYSVILLE,-121.59005737304688,39.136878967285156
9783661,2025,2025-03-11,5802,2025-02-20,"717 ",6007,E020,4,5,1,5802,0,0,0,,0,004,"WHEATLAND RD","SYCAMORE DR",10.00,E,N,A,-,N,,,,,,,,,,N,3,0,2,2,A,-,09,21802,A,N,D,C,A,A,H,-,A,D,0,,,,,Y,,A,07,0,2,0,0,0,0,0,0,0,"- ","- ",39.006221771240234,-121.43891143798828,YUBA,WHEATLAND,-121.439132,39.006642999999997
9828613,2025,2025-06-25,5802,2025-05-29,1524,5067,E020,4,5,1,5802,0,0,0,,0,"WPD ","WHEATLAND RD","OAKLEY LN",2112.00,W,N,A,-,N,,,,,,,,,,Y,3,0,3,2,A,-,09,21804,A,N,D,C,A,A,H,-,A,D,0,,,,,Y,,D,22,0,3,0,0,0,0,0,0,0,"- ","- ",39.002208709716797,-121.45217132568359,YUBA,WHEATLAND,-121.45140838623047,39.0020751953125
9884677,2025,2025-12-18,5801,2025-10-08,"448 ",P230,,3,5,3,5801,0,0,0,,0,,"3RD ST","H ST",0.00,,Y,A,-,N,,,,,,,,,,Y,4,0,1,2,A,-,09,21801,A,N,D,C,A,A,H,-,C,D,0,,,,,Y,,A,01,0,0,1,0,0,0,0,0,0,"- ","- ",,,YUBA,MARYSVILLE,-121.59477233886719,39.137615203857422
6291982,2014,2015-02-25,9285,2014-04-25,1045,14744,,5,1,9,5800,1,3,5,,1,008,"MARYSVILLE RD","FRENCHTOWN DOBBINS RD",1725.00,W,N,B,-,N,,,,,,,,,,Y,1,1,0,1,A,-,08,22107,,N,E,I,A,A,H,-,A,D,0,,,,,Y,,H,64,0,0,0,0,0,0,0,0,0,"- ","- ",39.373359999999998,-121.23430999999999,YUBA,UNINCORPORATED,-121.23460736,39.37284528
6337568,2014,2015-11-14,9285,2014-01-14,0030,17080,,2,3,9,5800,0,1,4,,1,062,"RT 20","HALLWOOD BL",2112.00,E,N,A,-,Y,YUB,3,20,-,-,6.630,H,-,E,Y,4,0,1,1,A,-,01,23152,A,N,E,I,A,A,H,-,C,D,0,,,,,Y,Y,A,01,0,0,1,0,0,0,0,0,0,"- ","- ",39.198349999999998,-121.53385,YUBA,UNINCORPORATED,-121.52146088000001,39.199304380000001
6351957,2014,2014-06-06,9285,2014-01-14,1140,15976,,2,1,9,5800,0,3,5,,1,002,"11TH AV","ARBOGA RD",10.00,E,N,A,-,N,,,,,,,,,,N,4,0,1,2,A,-,05,21460,,F,D,G,A,A,H,-,A,D,0,,Y,,,Y,,A,01,0,0,1,0,0,0,1,0,0,"- ","- ",39.08813,-121.56095999999999,YUBA,UNINCORPORATED,-121.56097475999999,39.088189849999999
6377273,2014,2014-06-11,9285,2014-02-20,1845,18522,,4,2,9,5800,0,3,5,,1,008,"FRENCHTOWN RD","FRENCHTOWN DOBBINS RD",346.00,S,N,A,-,N,,,,,,,,,,N,2,0,1,1,C,-,18,,,N,H,H,A,A,H,-,D,D,0,,,Y,,Y,,-,"- ",1,0,0,0,0,0,0,0,1,"- ","- ",39.384880000000003,-121.25789,YUBA,UNINCORPORATED,-121.25784416,39.384927490000003
6385316,2014,2014-06-16,9285,2014-02-06,1550,017393,,4,2,9,5800,0,2,4,,2,081,"MARYSVILLE RD","OLD DOBBINS RD",528.00,E,N,C,-,N,,,,,,,,,,Y,3,0,1,2,A,-,05,21460,A,N,B,C,A,B,H,-,A,D,0,,,,,Y,,A,01,0,1,0,0,0,0,0,0,0,"- ","- ",39.3735,-121.20264,YUBA,UNINCORPORATED,-121.21223508,39.378229230000002
6424635,2014,2014-06-25,9230,2014-03-11,1535,014289,,2,2,9,5800,0,1,3,,1,081,"RT 49","JACKSON ST",2112.00,N,N,A,-,Y,,,49,,,,,,,Y,2,0,1,1,A,-,01,23152,F,N,E,I,A,A,H,-,A,D,0,,,,,Y,Y,D,22,1,0,0,0,0,0,0,0,0,"- ","- ",39.453870000000002,-121.05212,YUBA,UNINCORPORATED,-121.05219907999999,39.453868300000003
6424637,2014,2014-07-02,9230,2014-03-13,2330,17889,,4,3,9,5800,0,1,3,,1,081,"RT 49","RIDGE RD",3168.00,S,N,A,-,Y,,,49,,,,,,,Y,3,0,2,2,A,-,01,23152,A,F,A,C,A,A,H,-,D,D,0,,,,,Y,Y,D,22,0,1,1,0,0,0,0,0,0,"- ","- ",39.405119999999997,-121.07538,YUBA,UNINCORPORATED,-121.07532815,39.405059710000003
6461057,2014,2016-03-26,9285,2014-05-02,2042,18475,,5,2,9,5800,0,1,3,,1,020,"RT 70","3RD ST",2640.00,S,N,A,-,Y,YUB,3,70,-,-,13.750,H,-,E,N,3,0,1,2,A,-,11,21954,A,N,G,B,E,A,H,-,D,A,4,Y,,,,Y,Y,N,60,0,1,0,0,1,0,0,0,0,"- ","- ",39.130360000000003,-121.58654,YUBA,UNINCORPORATED,-121.58753809,39.131292469999998
6475828,2014,2016-03-26,9285,2014-04-16,2100,18981,,3,2,9,5800,0,1,3,,1,060,"RT 70","SPARROW LN",241.00,S,N,A,-,Y,YUB,3,70,-,-,24.420,H,-,W,Y,4,0,1,3,A,-,05,21650,,N,B,C,A,A,H,-,D,D,0,,,,,Y,,A,07,0,0,1,0,0,0,0,0,0,"- ","- ",39.286499999999997,-121.59459,YUBA,UNINCORPORATED,-121.59457741999999,39.28654392
6475945,2014,2016-03-26,9285,2014-04-06,2330,19168,,7,3,9,5800,0,1,3,,1,060,"RT 70","MAYER RD",428.00,S,N,B,-,Y,YUB,3,70,-,-,17.330,H,-,W,Y,4,0,3,2,A,-,01,23152,E,N,A,C,A,A,H,-,D,D,0,,,,,Y,,A,01,0,0,3,0,0,0,0,0,0,"- ","- ",39.185899999999997,-121.59368000000001,YUBA,UNINCORPORATED,-121.59362587,39.185903349999997
6475961,2014,2014-07-15,9285,2014-04-11,0032,18522,,5,3,9,5800,0,3,5,,1,006,"JACK SLOUGH RD","ELLIS RD",1056.00,N,N,A,-,N,,,,,,,,,,Y,4,0,1,1,A,-,01,23152,A,N,F,I,A,A,H,-,D,D,0,,,,,Y,Y,A,01,0,0,1,0,0,0,0,0,0,"- ","- ",39.201160000000002,-121.56489999999999,YUBA,UNINCORPORATED,-121.56541734,39.200936409999997
6477492,2014,2014-07-25,9285,2014-04-10,1113,15976,,4,1,9,5800,0,2,4,,1,041,"NORTH BEALE RD","WOODLAND DR",0.00,,Y,A,-,N,,,,,,,,,,Y,3,0,2,2,A,-,09,21802,A,N,D,C,A,A,H,-,A,A,0,,,,,Y,,A,01,0,1,1,0,0,0,0,0,0,"- ","- ",39.127699999999997,-121.54456,YUBA,UNINCORPORATED,-121.54461988,39.127889940000003
6478311,2014,2016-03-28,9285,2014-05-05,0704,014401,,1,1,9,5800,0,1,4,,1,062,"RT 20","BROWNS VALLEY SCHOOL RD",455.00,W,N,A,-,Y,YUB,3,20,-,-,13.490,H,-,E,Y,4,0,3,1,A,-,08,22107,,N,E,I,A,A,H,-,A,D,0,,,,,Y,,A,01,0,0,3,0,0,0,0,0,0,"- ","- ",39.229689999999998,-121.40827,YUBA,UNINCORPORATED,-121.40918271,39.229474109999998
6508492,2014,2016-03-26,9285,2014-05-10,0135,017118,,6,3,9,5800,0,1,3,,1,020,"RT 70","E ST BRIDGE",56.00,S,N,A,-,Y,YUB,3,70,-,-,13.550,H,-,E,Y,3,0,1,1,A,-,01,23152,A,N,F,I,A,A,H,-,D,D,4,,,,,Y,Y,A,01,0,1,0,0,0,0,0,0,0,"- ","- ",39.132809999999999,-121.58901,YUBA,UNINCORPORATED,-121.58496031999999,39.129300729999997
6513492,2014,2014-08-11,9285,2014-06-07,2000,18522,,6,2,9,5800,0,3,5,,1,002,"CAMP FAR WEST RD","WITCHITA WY",794.00,W,N,A,-,N,,,,,,,,,,N,4,0,1,1,A,-,03,22350,,N,E,I,A,A,C,-,A,D,0,,,Y,,Y,,C,02,0,0,1,0,0,0,0,0,1,"- ","- ",39.065190000000001,-121.30623,YUBA,UNINCORPORATED,-121.30604624999999,39.065252090000001
6513500,2014,2014-08-11,9285,2014-06-07,1230,16343,,6,1,9,5800,0,3,5,,1,008,"LA PORTE RD","PINE MEADOW RD",20.00,S,N,A,-,N,,,,,,,,,,Y,4,0,2,2,A,-,03,22350,,N,A,C,A,A,H,-,A,D,0,,,Y,,Y,,C,02,0,0,2,0,0,0,0,0,1,"- ","- ",39.455599999999997,-121.28707,YUBA,UNINCORPORATED,-121.28682843999999,39.455773870000002
6548973,2014,2014-08-26,5801,2014-07-03,2155,305,YUBAS,4,5,3,5801,0,0,0,,0,,"E ST","10TH ST",0.00,,Y,A,-,N,,,,,,,,,,N,4,0,1,2,A,-,03,22350,,F,D,B,B,A,H,-,C,-,0,Y,,,,Y,,D,22,0,0,1,0,1,0,0,0,0,"- ","- ",,,YUBA,MARYSVILLE,-121.59131999,39.145899970000002
6566269,2014,2014-08-27,9285,2014-07-07,1220,017393,,1,1,9,5800,0,2,4,,2,082,"LA PORTE RD","AERO RD",2112.00,W,N,A,-,N,,,,,,,,,,Y,3,0,2,1,A,-,03,22350,,N,E,I,A,A,H,-,A,D,0,,,,,Y,,D,22,0,1,1,0,0,0,0,0,0,"- ","- ",39.45684,-121.28261999999999,YUBA,UNINCORPORATED,-121.30073,39.452041680000001
6582072,2014,2014-09-16,9285,2014-08-20,1910,018107,,3,2,9,5800,0,3,5,,1,002,"BUTTERCUP LN","SUNNY RD",0.00,,Y,A,-,N,,,,,,,,,,Y,4,0,2,2,A,-,05,21650,,N,D,C,A,A,H,-,A,D,0,,,,,Y,Y,D,22,0,0,2,0,0,0,0,0,0,"- ","- ",39.077550000000002,-121.56515,YUBA,UNINCORPORATED,-121.56504,39.077489929999999
6616207,2014,2016-05-06,9285,2014-08-20,0540,15976,,3,3,9,5800,0,1,3,,1,060,"RT 70","BUTTE CO LINE",67.00,S,N,A,-,Y,YUB,3,70,-,R,25.810,H,-,W,Y,4,0,2,3,A,-,03,22350,,N,C,C,A,A,H,-,B,D,0,,,,,Y,,A,01,0,0,2,0,0,0,0,0,0,"- ","- ",39.320929999999997,-121.59614999999999,YUBA,UNINCORPORATED,-121.59541195,39.308010299999999
6641005,2014,2014-11-10,9285,2014-09-22,1335,015976,,1,1,9,5800,0,2,4,,2,021,"FEATHER RIVER BL","ALGODON RD",12144.00,S,N,A,-,N,,,,,,,,,,Y,4,0,1,1,A,-,"- ",,,N,F,A,A,A,H,-,A,D,0,,,,Y,Y,,G,25,0,0,1,0,0,0,0,0,0,"- ","- ",38.97851,-121.5745,YUBA,UNINCORPORATED,-121.57013512,38.976234769999998
6641034,2014,2014-10-17,9285,2014-09-14,1525,18291,,7,2,9,5800,0,3,5,,1,006,"JACK SLOUGH RD","WOODRUFF LN",4000.00,S,N,A,-,N,,,,,,,,,,Y,3,0,1,1,A,-,08,22107,,N,E,I,A,A,H,-,A,D,0,,,,,Y,,D,22,0,1,0,0,0,0,0,0,0,"- ","- ",39.213050000000003,-121.55857,YUBA,UNINCORPORATED,-121.56309284,39.204392439999999
6650889,2014,2016-04-25,9285,2014-09-12,0340,18522,,5,3,9,5800,0,1,4,,1,062,"RT 20","TIMBUCTOO RD",227.00,W,N,A,-,Y,YUB,3,20,-,R,18.150,H,-,W,Y,2,0,1,1,C,-,18,,,N,E,H,A,A,H,-,D,D,0,,,Y,,Y,,-,"- ",1,0,0,0,0,0,0,0,1,"- ","- ",39.210520000000002,-121.31063,YUBA,UNINCORPORATED,-121.33270967999999,39.217742680000001
6650901,2014,2016-05-06,9285,2014-09-25,0755,15491,,4,1,9,5800,0,1,3,,1,020,"RT 70","ERLE RD",2200.00,S,N,C,-,Y,YUB,3,70,-,R,9.740,H,-,E,Y,3,0,2,2,A,-,04,21703,,N,C,C,A,B,H,-,A,D,1,,,,,Y,,A,07,0,1,1,0,0,0,0,0,0,"- ","- ",39.108159999999998,-121.55522999999999,YUBA,UNINCORPORATED,-121.55537386,39.108405640000001
6650905,2014,2014-10-09,9285,2014-09-25,0746,17100,,4,1,9,5800,0,2,4,,1,022,"OLIVEHURST AV","POWERLINE RD",0.00,,Y,C,-,N,,,,,,,,,,Y,4,0,1,2,A,-,09,21804,A,N,D,C,A,B,H,-,B,A,0,,,,,Y,,A,01,0,0,1,0,0,0,0,0,0,"- ","- ",39.101489999999998,-121.55097000000001,YUBA,UNINCORPORATED,-121.55112996,39.101319930000003