CASE_ID,ACCIDENT_YEAR,PROC_DATE,JURIS,COLLISION_DATE,COLLISION_TIME,OFFICER_ID,REPORTING_DISTRICT,DAY_OF_WEEK,CHP_SHIFT,POPULATION,CNTY_CITY_LOC,SPECIAL_COND,BEAT_TYPE,CHP_BEAT_TYPE,CITY_DIVISION_LAPD,CHP_BEAT_CLASS,BEAT_NUMBER,PRIMARY_RD,SECONDARY_RD,DISTANCE,DIRECTION,INTERSECTION,WEATHER_1,WEATHER_2,STATE_HWY_IND,CALTRANS_COUNTY,CALTRANS_DISTRICT,STATE_ROUTE,ROUTE_SUFFIX,POSTMILE_PREFIX,POSTMILE,LOCATION_TYPE,RAMP_INTERSECTION,SIDE_OF_HWY,TOW_AWAY,COLLISION_SEVERITY,NUMBER_KILLED,NUMBER_INJURED,PARTY_COUNT,PRIMARY_COLL_FACTOR,PCF_CODE_OF_VIOL,PCF_VIOL_CATEGORY,PCF_VIOLATION,PCF_VIOL_SUBSECTION,HIT_AND_RUN,TYPE_OF_COLLISION,MVIW,PED_ACTION,ROAD_SURFACE,ROAD_COND_1,ROAD_COND_2,LIGHTING,CONTROL_DEVICE,CHP_ROAD_TYPE,PEDESTRIAN_ACCIDENT,BICYCLE_ACCIDENT,MOTORCYCLE_ACCIDENT,TRUCK_ACCIDENT,NOT_PRIVATE_PROPERTY,ALCOHOL_INVOLVED,STWD_VEHTYPE_AT_FAULT,CHP_VEHTYPE_AT_FAULT,COUNT_SEVERE_INJ,COUNT_VISIBLE_INJ,COUNT_COMPLAINT_PAIN,COUNT_PED_KILLED,COUNT_PED_INJURED,COUNT_BICYCLIST_KILLED,COUNT_BICYCLIST_INJURED,COUNT_MC_KILLED,COUNT_MC_INJURED,PRIMARY_RAMP,SECONDARY_RAMP,LATITUDE,LONGITUDE,COUNTY,CITY,POINT_X,POINT_Y
90417388,2017,2017-03-22,9285,2017-03-19,1040,017163,,7,1,9,5800,0,1,3,,1,062,SR-20,"PLANTZ RD",17.00,W,N,B,-,Y,,,20,,,,,,,Y,4,0,1,2,A,-,04,21703,,N,C,C,A,A,H,-,A,D,0,,,,,Y,,A,01,0,0,1,0,0,0,0,0,0,"- ","- ",39.18121,-121.54463,YUBA,UNINCORPORATED,-121.54468968,39.181257209999998
90426925,2017,2017-04-04,9285,2017-03-23,0725,017900,,4,1,9,5800,0,2,4,,1,022,"MCGOWAN PARKWAY","MARY AVENUE",50.00,N,N,A,-,N,,,,,,,,,,N,4,0,1,2,A,-,03,22350,,N,C,C,A,A,H,-,A,D,0,,,,,Y,,D,22,0,0,1,0,0,0,0,0,0,"- ","- ",39.077199999999998,-121.54741,YUBA,UNINCORPORATED,-121.54722,39.077199999999998
90434040,2017,2017-04-13,9285,2017-04-04,0720,017900,,2,1,9,5800,0,3,5,,1,002,"POWERLINE ROAD","8TH AVENUE",30.00,N,N,A,-,N,,,,,,,,,,Y,3,0,3,1,A,-,08,22107,,N,E,I,A,A,H,-,A,D,0,,,,,Y,,A,01,0,3,0,0,0,0,0,0,0,"- ","- ",39.093519999999998,-121.5425,YUBA,UNINCORPORATED,-121.54244954000001,39.093300960000001
90435392,2017,2017-04-17,9285,2017-04-07,2100,019798,,5,2,9,5800,0,3,5,,1,002,"OSTROM RD. (2800 BLOCK)","CHIPPEWA TRL.",175.00,W,N,C,-,N,,,,,,,,,,Y,3,0,1,1,A,-,03,22350,,N,E,I,A,B,H,-,D,D,0,,,,,Y,,A,01,0,1,0,0,0,0,0,0,0,"- ","- ",39.070279999999997,-121.51112000000001,YUBA,UNINCORPORATED,-121.51100991,39.070230010000003
90440510,2017,2017-04-24,9285,2017-04-14,0645,018522,,5,1,9,5800,0,2,4,,1,022,"SR-70 S/B TO MCGOWAN PARKWAY","MCGOWAN PARKWAY",0.00,,Y,A,-,Y,,,,,,,,,,Y,3,0,2,2,A,-,09,21802,A,N,D,C,A,A,H,-,A,A,0,,,,,Y,,A,07,0,1,1,0,0,0,0,0,0,"- ","- ",39.077289999999998,-121.54208,YUBA,UNINCORPORATED,-121.54145996,39.077319899999999
90448871,2017,2017-05-15,9285,2017-05-03,0801,019300,,3,1,9,5800,0,1,3,,1,020,"SR-70 N/B","FEATHER RIVER BLVD",150.00,N,N,A,-,Y,,,,,,,,,,Y,3,0,4,4,A,-,03,22350,,N,C,C,A,A,H,-,A,D,0,,,,,Y,,A,07,0,1,3,0,0,0,0,0,0,"- ","- ",39.124310000000001,-121.57662000000001,YUBA,UNINCORPORATED,-121.57744398,39.124795380000002
90452466,2017,2017-05-09,9285,2017-05-09,0756,018291,,2,1,9,5800,0,3,5,,1,002,"ALGODON RD. (E/B)","PLUMAS ARBOGA RD",132.00,W,N,A,-,Y,,,,,,,,,,N,4,0,1,2,A,-,03,22350,,N,C,C,A,A,H,-,A,D,0,,,,,Y,,D,22,0,0,1,0,0,0,0,0,0,"- ","- ",39.026449999999997,-121.54452000000001,YUBA,UNINCORPORATED,-121.54464453999999,39.026390120000002
90452845,2017,2017-05-10,9285,2017-05-03,1945,019223,,3,2,9,5800,0,2,4,,1,041,"NORTH BEALE RD","COLLEGE VIEW DR",0.00,,Y,A,-,N,,,,,,,,,,Y,4,0,1,2,A,-,09,21801,A,N,D,C,A,A,H,-,A,D,0,,,,,Y,,A,01,0,0,1,0,0,0,0,0,0,"- ","- ",39.128120000000003,-121.5346,YUBA,UNINCORPORATED,-121.53448996,39.12810992
90457315,2017,2017-05-16,9285,2017-05-01,1540,018291,,1,2,9,5800,0,2,4,,1,022,"LINDHURST AVE.","NORTH BEALE RD.",20.00,S,N,A,-,Y,,,,,,,,,,N,4,0,2,2,A,-,03,22350,,F,C,C,A,A,H,-,A,A,0,,,,,Y,,A,01,0,0,2,0,0,0,0,0,0,"- ","- ",39.124839999999999,-121.57068,YUBA,UNINCORPORATED,-121.57093663000001,39.124545920000003
90459265,2017,2017-05-19,9285,2017-05-03,0730,017393,,3,1,9,5800,0,3,5,,1,006,"FRUITLAND ROAD","BLUE RIDGE WAY",2112.00,W,N,A,-,N,,,,,,,,,,Y,3,0,1,1,A,-,08,22107,,N,E,J,A,A,H,-,A,D,0,,,,,Y,,D,22,0,1,0,0,0,0,0,0,0,"- ","- ",39.290709999999997,-121.39937,YUBA,UNINCORPORATED,-121.39964963,39.290842179999999
90461363,2017,2017-05-23,9285,2017-05-09,2310,018632,,2,3,9,5800,0,1,3,,1,020,SR-70,"1ST STREET",528.00,S,N,A,-,Y,,,70,,,,,,,Y,4,0,1,2,A,-,03,22350,,N,C,C,A,A,H,-,C,D,0,,,,,Y,,D,22,0,0,1,0,0,0,0,0,0,"- ","- ",39.134520000000002,-121.58947999999999,YUBA,UNINCORPORATED,-121.58952384,39.134504130000003
90469253,2017,2017-06-01,9285,2017-05-25,0600,018986,,4,1,9,5800,0,2,4,,2,082,"LA PORTE RD","OREGON HILL RD",930.00,E,N,A,-,N,,,,,,,,,,Y,3,0,1,1,A,-,01,23152,A,N,E,I,A,A,H,-,B,D,0,,,,,Y,Y,A,01,0,1,0,0,0,0,0,0,0,"- ","- ",39.482909999999997,-121.21747000000001,YUBA,UNINCORPORATED,-121.21827335,39.48285808
90480684,2017,2017-06-19,9285,2017-06-04,1756,020170,,7,2,9,5800,0,2,4,,1,042,"HAMMONTON SMARTVILLE RD","BRYDEN RD",860.00,W,N,A,-,N,,,,,,,,,,Y,3,0,1,2,A,-,09,21804,A,N,D,C,A,A,H,-,A,A,0,,,,,Y,,D,22,0,1,0,0,0,0,0,0,0,"- ","- ",39.144019999999998,-121.50779,YUBA,UNINCORPORATED,-121.50763574,39.144143800000002
90481742,2017,2017-06-20,9285,2017-06-16,0730,014793,,5,1,9,5800,0,1,3,,1,060,SR-70,"RAMIREZ ROAD",20.00,S,N,A,-,Y,,,70,,,,,,,Y,4,0,1,2,A,-,09,21801,,N,E,I,A,A,H,-,A,A,0,,,,,Y,,D,22,0,0,1,0,0,0,0,0,0,"- ","- ",39.264240000000001,-121.59751,YUBA,UNINCORPORATED,-121.59736101,39.26421328
90483594,2017,2017-06-22,9285,2017-06-20,0935,018475,,2,1,9,5800,0,2,4,,1,061,"LOMA RICA RD","PONY EXPRESS TRL",900.00,E,N,A,-,N,,,,,,,,,,Y,3,0,1,1,A,-,08,22107,,N,E,I,A,A,H,-,A,D,0,,,,,Y,,A,07,0,1,0,0,0,0,0,0,0,"- ","- ",39.330869999999997,-121.35508,YUBA,UNINCORPORATED,-121.35488313,39.330814410000002
90487943,2017,2017-06-26,9285,2017-06-21,1701,018636,,3,2,9,5800,0,2,4,,2,021,"FEATHER RIVER BLVD","MURPHY RD",968.00,N,N,A,-,N,,,,,,,,,,Y,4,0,1,1,A,-,08,22107,,N,E,I,A,A,H,-,A,D,0,,,,,Y,,A,07,0,0,1,0,0,0,0,0,0,"- ","- ",39.079270000000001,-121.57883,YUBA,UNINCORPORATED,-121.57889,39.079268239999998
90493715,2017,2017-07-05,9285,2017-06-26,1700,017393,,1,2,9,5800,0,2,4,,2,081,"WILLOW GLEN ROAD","SKYGLEN DRIVE",2112.00,N,N,A,-,N,,,,,,,,,,Y,3,0,3,1,A,-,08,22107,,N,E,I,A,A,H,-,A,D,0,,,,,Y,,A,01,0,1,2,0,0,0,0,0,0,"- ","- ",39.383650000000003,-121.31971,YUBA,UNINCORPORATED,-121.3192799,39.384494889999999
90507442,2017,2017-07-25,9285,2017-07-18,0130,017534,,2,3,9,5800,0,2,4,,1,042,"HAMMONTON-SMARTSVILLE ROAD","SOUTH GOLDEN PKY",8448.00,W,N,A,-,N,,,,,,,,,,Y,3,0,1,1,A,-,05,21650,,M,E,I,A,A,H,-,D,D,0,,,,,Y,,A,07,0,1,0,0,0,0,0,0,0,"- ","- ",39.192549999999997,-121.34365,YUBA,UNINCORPORATED,-121.34355131,39.19256257
90513203,2017,2017-07-31,9230,2017-07-19,2230,019235,,3,3,9,5800,0,1,3,,1,081,SR-49,"MARYSVILLE RD",3168.00,S,N,A,-,Y,,,49,,,,,,,Y,3,0,1,1,A,-,08,22107,,N,F,I,A,A,H,-,D,D,0,,,,,Y,,A,07,0,1,0,0,0,0,0,0,0,"- ","- ",39.433480000000003,-121.07485,YUBA,UNINCORPORATED,-121.07491681,39.43358293
90518516,2017,2017-08-08,9285,2017-07-28,2130,020170,,5,2,9,5800,0,2,4,,2,021,"FEATHER RIVER BOULEVARD","GRAND AVE",133.00,S,N,A,-,N,,,,,,,,,,Y,2,0,2,2,A,-,03,22350,,F,A,C,A,A,H,-,C,A,0,,,,,Y,,A,01,1,0,1,0,0,0,0,0,0,"- ","- ",39.106580000000001,-121.57982,YUBA,UNINCORPORATED,-121.57985485,39.106406079999999
90527071,2017,2017-08-21,9285,2017-08-11,0650,017129,,5,1,9,5800,0,3,5,,1,004,"SIMPSON LN","SIMPSON DANTONI RD",650.00,W,N,A,-,N,,,,,,,,,,N,4,0,1,2,D,-,00,,,N,B,C,A,A,H,-,A,D,0,,,,,Y,,-,"- ",0,0,1,0,0,0,0,0,0,"- ","- ",39.137030000000003,-121.55383,YUBA,UNINCORPORATED,-121.55367729,39.137033899999999
90527177,2017,2017-08-21,9285,2017-08-09,1910,020170,,3,2,9,5800,0,3,5,,1,002,"PLUMAS ARBOGA ROAD","OLD MARYSVILLE RD",540.00,E,N,A,-,N,,,,,,,,,,Y,3,0,1,1,A,-,08,22107,,N,E,I,A,A,H,-,D,D,0,,,,,Y,,A,01,0,1,0,0,0,0,0,0,0,"- ","- ",39.026510000000002,-121.54039,YUBA,UNINCORPORATED,-121.54101934000001,39.026437979999997
90527210,2017,2017-08-21,9285,2017-08-09,2100,021197,,3,2,9,5800,0,2,4,,1,041,"N BEALE RD.","AVONDALE AVE",0.00,,Y,A,-,N,,,,,,,,,,N,4,0,1,2,A,-,09,21802,A,N,D,C,A,A,H,-,C,A,0,,,,,Y,,A,01,0,0,1,0,0,0,0,0,0,"- ","- ",39.126100000000001,-121.56721,YUBA,UNINCORPORATED,-121.56722992,39.126129949999999
90534943,2017,2017-08-28,9285,2017-08-24,1240,018768,,4,1,9,5800,0,2,4,,1,042,"HAMMONTON SMARTSVILLE RD","PARK AVE",0.00,,Y,A,-,N,,,,,,,,,,N,3,0,1,2,A,-,09,21802,A,N,D,C,A,A,H,-,A,A,0,,,Y,,Y,,A,01,0,1,0,0,0,0,0,0,1,"- ","- ",39.125839999999997,-121.55807,YUBA,UNINCORPORATED,-121.55799995,39.125849909999999
90535976,2017,2017-08-29,9230,2017-08-25,0140,014289,,5,3,9,5800,0,1,3,,1,081,"STATE HIGHWAY 49","RIDGE RD",2112.00,S,N,A,-,Y,,,49,,,,,,,Y,3,0,2,1,A,-,08,22107,,N,E,I,A,A,H,-,D,D,0,,,,,Y,,A,07,0,1,1,0,0,0,0,0,0,"- ","- ",39.41133,-121.07293,YUBA,UNINCORPORATED,-121.07309365,39.411360309999999
90544521,2017,2017-09-11,9285,2017-09-01,1659,019300,,5,2,9,5800,0,2,4,,2,081,"MARYSVILLE RD","ANGORA LN",200.00,N,N,A,-,N,,,,,,,,,,Y,3,0,1,1,A,-,08,22107,,N,E,I,A,A,H,-,A,D,0,,,,,Y,,A,08,0,1,0,0,0,0,0,0,0,"- ","- ",39.360129999999998,-121.32559999999999,YUBA,UNINCORPORATED,-121.32543642,39.359482180000001
90553005,2017,2017-09-21,9285,2017-09-14,0755,018475,,4,1,9,5800,0,3,5,,1,004,"EDGEWATER CIR","RUPERT AVE",203.00,N,N,A,-,N,,,,,,,,,,Y,3,0,1,1,A,-,08,22107,,N,E,I,A,A,H,-,A,D,0,,,,,Y,,A,01,0,1,0,0,0,0,0,0,0,"- ","- ",39.116100000000003,-121.55443,YUBA,UNINCORPORATED,-121.55434164,39.116156179999997
90553146,2017,2017-10-18,9285,2017-09-20,1325,017163,,3,1,9,5800,0,1,3,,1,020,"SR-70 S/B","FEATHER RIVER BLVD",76.00,S,N,B,-,Y,,,,,,,,,,Y,4,0,2,3,A,-,03,22350,,N,C,C,A,A,H,-,A,D,0,,,,,Y,,D,22,0,0,2,0,0,0,0,0,0,"- ","- ",39.072740000000003,-121.34374,YUBA,UNINCORPORATED,-121.57699335,39.124257159999999
90556148,2017,2017-09-26,9285,2017-09-13,1757,018108,,3,2,9,5800,0,1,3,,1,060,SR-70,"NOBLE RD",250.00,S,N,A,-,Y,,,70,,,,,,,Y,3,0,1,1,A,-,08,22107,,N,E,I,A,A,H,-,A,D,0,,,,,Y,,A,01,0,1,0,0,0,0,0,0,0,"- ","- ",39.207599999999999,-121.59609,YUBA,UNINCORPORATED,-121.59615925,39.207569710000001
90556197,2017,2017-09-26,9285,2017-09-16,1115,018108,,6,1,9,5800,0,2,4,,1,042,"HAMMONTON SMARTVILLE RD","THOUSAND OAKS LN.",550.00,W,N,A,-,N,,,,,,,,,,Y,2,0,1,1,A,-,08,22107,,N,F,A,A,A,H,-,A,D,0,,,Y,,Y,,C,02,1,0,0,0,0,0,0,0,1,"- ","- ",39.198300000000003,-121.31816999999999,YUBA,UNINCORPORATED,-121.31799549,39.198330069999997
90556251,2017,2017-09-26,9285,2017-09-15,0540,015491,,5,3,9,5800,0,2,4,,1,061,"MARYSVILLE ROAD","BALD MOUNTAIN ROAD",0.00,,Y,A,-,N,,,,,,,,,,N,4,0,2,2,A,-,03,22350,,N,C,C,A,A,H,-,D,D,0,,,,,Y,,D,22,0,0,2,0,0,0,0,0,0,"- ","- ",39.26191,-121.39449,YUBA,UNINCORPORATED,-121.39446989,39.26188999
90564184,2017,2017-10-05,9285,2017-09-26,1740,017393,,2,2,9,5800,0,1,3,,1,062,SR-20,"MONUMENT TRAIL ROAD",98.00,W,N,A,-,Y,,,20,,,,,,,Y,3,0,2,3,A,-,08,22107,,N,A,C,A,A,H,-,A,D,0,,,,,Y,,A,01,0,1,1,0,0,0,0,0,0,"- ","- ",39.229289999999999,-121.38683,YUBA,UNINCORPORATED,-121.38682621,39.229384209999999
90568086,2017,2017-10-11,9285,2017-09-25,0600,015976,,1,1,9,5800,0,3,5,,1,006,"SILVA AVE",SR-70,400.00,W,N,A,-,N,,,,,,,,,,N,2,0,2,3,A,-,11,21956,,N,G,B,E,A,H,-,D,D,0,Y,,,,Y,,N,60,1,1,0,0,2,0,0,0,0,"- ","- ",39.181170000000002,-121.59389,YUBA,UNINCORPORATED,-121.59371579,39.181178080000002
90575744,2017,2017-10-23,9285,2017-10-06,1235,018768,,5,1,9,5800,0,2,4,,2,021,"FEATHER RIVER BLVD","ALICIA AVE",0.00,,Y,A,-,N,,,,,,,,,,Y,4,0,3,2,A,-,12,22450,A,N,D,C,A,A,H,-,A,A,0,,,,,Y,,A,01,0,0,3,0,0,0,0,0,0,"- ","- ",39.119909999999997,-121.58137000000001,YUBA,UNINCORPORATED,-121.5813899,39.119919899999999
90575984,2017,2017-10-23,9285,2017-09-25,2025,019830,,1,2,9,5800,0,3,5,,1,008,"FRENCHTOWN ROAD","VAVASSUER WAY",908.00,N,N,A,-,N,,,,,,,,,,Y,1,1,2,1,A,-,01,23152,A,N,E,J,A,A,H,-,D,D,0,,,,,Y,Y,A,01,1,1,0,0,0,0,0,0,0,"- ","- ",39.389040000000001,-121.25870999999999,YUBA,UNINCORPORATED,-121.25846011,39.389586350000002
90576043,2017,2017-10-23,9285,2017-10-15,1453,018291,,7,2,9,5800,0,2,4,,2,025,"SR-65 N/B","EVERGREEN DR",1500.00,N,N,A,-,Y,,,65,,,,,,N,Y,4,0,3,3,A,-,03,22350,,N,C,C,A,A,H,-,A,D,0,,,,,Y,,D,22,0,0,3,0,0,0,0,0,0,"- ","- ",39.018909999999998,-121.43881,YUBA,UNINCORPORATED,-121.43884061999999,39.018857310000001
90576052,2017,2017-10-23,9285,2017-10-12,1655,015491,,4,2,9,5800,0,2,4,,1,041,"NORTH BEALE ROAD","LOWE AVENUE",0.00,,Y,A,-,N,,,,,,,,,,Y,4,0,1,2,A,-,01,23152,A,N,C,C,A,A,H,-,A,D,0,,,,,Y,Y,D,22,0,0,1,0,0,0,0,0,0,"- ","- ",39.12753,-121.56126,YUBA,UNINCORPORATED,-121.56114994000001,39.127499950000001
90577027,2017,2017-10-24,9285,2017-10-20,1600,018522,,5,2,9,5800,0,1,3,,1,020,"SR-70 N/B","FEATHER RIVER BLVD",40.00,N,N,A,-,Y,,,,,,,,,,Y,3,0,1,2,A,-,03,22350,,N,C,C,A,A,H,-,A,D,0,,,,,Y,,A,01,0,1,0,0,0,0,0,0,0,"- ","- ",39.124499999999998,-121.57709,YUBA,UNINCORPORATED,-121.57712573000001,39.124622770000002
90584834,2017,2017-11-01,9285,2017-10-22,1045,018986,,7,1,9,5800,0,2,4,,2,082,"LA PORTE ROAD","MARTIN RD",72.00,E,N,A,-,N,,,,,,,,,,N,2,0,1,2,A,-,05,21650,,N,A,G,A,A,H,-,A,D,0,,Y,,,Y,,L,04,1,0,0,0,0,0,1,0,0,"- ","- ",39.440440000000002,-121.34122000000001,YUBA,UNINCORPORATED,-121.34130562,39.440542319999999
90587019,2017,2017-11-03,9285,2017-10-26,1552,017118,,4,2,9,5800,0,1,3,,1,060,SR-70,"LAURELLEN RD",3168.00,N,N,A,-,Y,,,70,,,,,,,Y,2,0,2,2,A,-,08,22107,,N,D,C,A,A,H,-,A,D,0,,,,,Y,,D,22,1,1,0,0,0,0,0,0,0,"- ","- ",39.17736,-121.5913,YUBA,UNINCORPORATED,-121.59130432000001,39.177358820000002
90587921,2017,2018-01-11,9285,2017-11-04,0620,017118,,6,1,9,5800,0,1,3,,1,020,"SR-70 N/B","FEATHER RIVER BLVD",15.00,N,N,B,C,Y,,,,,,,,,,Y,4,0,2,3,A,-,08,22107,,N,B,C,A,B,H,-,D,D,0,,,,,Y,,A,01,0,0,2,0,0,0,0,0,0,"- ","- ",39.124429999999997,-121.57684999999999,YUBA,UNINCORPORATED,-121.5770534,39.124583540000003
90588254,2017,2017-11-06,9285,2017-11-03,1940,020170,,5,2,9,5800,0,1,3,,1,020,"SR-70 W/B","OLIVEHURST AVE",405.00,E,N,B,C,Y,,,70,,,,,,W,N,3,0,1,3,A,-,03,22350,,N,C,C,A,B,H,-,C,D,0,,,,,Y,,A,08,0,1,0,0,0,0,0,0,0,"- ","- ",39.101860000000002,-121.54939,YUBA,UNINCORPORATED,-121.54946509,39.101733899999999
90591006,2017,2017-11-09,9285,2017-11-07,1250,017163,,2,1,9,5800,0,1,3,,1,062,"SR-20 E/B","PLANTZ RD",5650.00,W,N,A,-,Y,,,20,,,,,,E,Y,3,0,3,2,A,-,03,22350,,N,C,C,A,A,H,-,A,D,0,,,,Y,Y,,G,25,0,3,0,0,0,0,0,0,0,"- ","- ",39.1691,-121.55629999999999,YUBA,UNINCORPORATED,-121.55626590999999,39.169058149999998
90594037,2017,2017-11-14,9285,2017-11-12,1826,018291,,7,2,9,5800,0,3,5,,1,004,"LINDHURST AVE.","TULIP RD.",395.00,N,N,A,-,Y,,,,,,,,,,N,2,0,1,2,A,-,11,21956,,N,G,B,E,A,H,-,D,D,0,Y,,,,Y,,N,60,1,0,0,0,1,0,0,0,0,"- ","- ",39.106079999999999,-121.55209000000001,YUBA,UNINCORPORATED,-121.55195458999999,39.106026479999997
90598003,2017,2017-11-20,9285,2017-11-17,0649,018986,,5,1,9,5800,0,2,4,,2,081,"MARYSVILLE RD","FREE FLIGHT RD",550.00,N,N,A,-,N,,,,,,,,,,N,4,0,2,3,A,-,03,22350,,N,C,C,A,B,H,-,A,A,0,,,,,Y,,A,07,0,0,2,0,0,0,0,0,0,"- ","- ",39.351210000000002,-121.32787,YUBA,UNINCORPORATED,-121.32808077,39.351071079999997
90599701,2017,2017-11-21,9285,2017-10-17,1658,018108,,2,2,9,5800,0,1,3,,1,020,"SR-70 E/B","FEATHER BLVD",300.00,E,N,A,-,Y,,,70,,,,,,E,Y,3,0,1,2,A,-,03,22350,,N,C,C,A,A,H,-,A,D,0,,,,,Y,,A,01,0,1,0,0,0,0,0,0,0,"- ","- ",39.125010000000003,-121.57796,YUBA,UNINCORPORATED,-121.57793925999999,39.125044520000003
90609201,2017,2017-12-04,9285,2017-11-23,1858,019300,,4,2,9,5800,0,3,5,,1,002,"DAIRY RD E/B","FORTY MILE RD",3960.00,E,N,E,-,N,,,,,,,,,,Y,4,0,1,1,A,-,08,22107,,N,F,A,A,B,H,-,D,D,0,,,,,Y,,D,22,0,0,1,0,0,0,0,0,0,"- ","- ",39.013390000000001,-121.48569000000001,YUBA,UNINCORPORATED,-121.48621251,39.013196739999998
90629958,2017,2017-12-29,9285,2017-12-17,1645,016052,,7,2,9,5800,0,3,5,,1,008,"FRENCHTOWN DOBBINS RD","MARYSVILLE RD",100.00,N,N,A,-,N,,,,,,,,,,Y,3,0,1,1,A,-,08,22107,,N,E,I,A,A,H,-,B,D,0,,,,,Y,Y,A,01,0,1,0,0,0,0,0,0,0,"- ","- ",39.3566,-121.2794,YUBA,UNINCORPORATED,-121.23056,39.376190000000001
90630018,2017,2017-12-29,9285,2017-12-13,0835,016044,,3,1,9,5800,0,2,4,,2,021,"FEATHER RIVER BLVD","MYRNA AVE",247.00,S,N,A,-,N,,,,,,,,,,Y,3,0,1,1,C,-,18,,,N,E,J,A,A,H,-,A,D,0,,,,,Y,,-,"- ",0,1,0,0,0,0,0,0,0,"- ","- ",39.090580000000003,-121.57881,YUBA,UNINCORPORATED,-121.57912216,39.100814759999999
90630020,2017,2017-12-29,9285,2017-12-21,0735,015491,,4,1,9,5800,0,1,3,,1,062,"STATE ROUTE 20","SMARTSVILLE ROAD",1584.00,E,N,A,-,Y,,,20,,,,,,,Y,4,0,1,1,A,-,03,22350,,N,E,I,A,A,H,-,A,D,0,,,,,Y,,A,01,0,0,1,0,0,0,0,0,0,"- ","- ",39.205379999999998,-121.30323,YUBA,UNINCORPORATED,-121.30319781999999,39.205421770000001
90634753,2018,2018-01-08,9285,2018-01-05,1218,016044,,5,1,9,5800,0,2,4,,2,021,"FEATHER RIVER BLVD","ALICIA AVE",0.00,,Y,A,-,N,,,,,,,,,,N,4,0,1,2,A,-,12,22450,A,N,D,C,A,B,H,-,A,A,0,,,,,Y,,A,01,0,0,1,0,0,0,0,0,0,"- ","- ",39.119510650634766,-121.58170318603516,YUBA,UNINCORPORATED,-121.58139038085938,39.119918823242188
90640888,2018,2018-01-16,9285,2018-01-09,0910,018291,,2,1,9,5800,0,2,4,,1,041,"GRIFFITH AVE.","N. BEALE RD.",10.00,S,N,B,-,Y,,,,,,,,,,Y,4,0,2,2,A,-,08,22107,,N,D,C,A,B,H,-,A,A,0,,,,,Y,,A,01,0,0,2,0,0,0,0,0,0,"- ","- ",39.128150939941406,-121.52362823486328,YUBA,UNINCORPORATED,-121.52361297607422,39.128204345703125
90647642,2018,2018-01-25,9285,2018-01-23,0815,018291,,2,1,9,5800,0,2,4,,1,022,"ARBOGA RD.","FLEDA ST.",140.00,S,N,B,-,Y,,,,,,,,,,Y,4,0,2,2,A,-,09,21801,A,N,D,C,A,A,H,-,A,D,0,,,,,Y,,A,01,0,0,2,0,0,0,0,0,0,"- ","- ",39.121299743652344,-121.57613372802734,YUBA,UNINCORPORATED,-121.57627868652344,39.121253967285156
90657941,2018,2018-02-08,9285,2018-01-26,1645,016044,,5,2,9,5800,0,1,3,,1,020,"SR 70 N/B","FEATHER RIVER BLVD N",20.00,S,N,A,-,Y,,,,,,,,,,Y,3,0,1,3,A,-,03,22350,,N,C,C,A,A,H,-,A,D,0,,,,,Y,,A,01,0,1,0,0,0,0,0,0,0,"- ","- ",39.124458312988281,-121.57691955566406,YUBA,UNINCORPORATED,-121.57695770263672,39.124523162841797
90664556,2018,2019-02-25,9285,2018-02-07,1750,019085,,3,2,9,5800,0,2,4,,2,025,SR-65,"EVERGREEN DR",1400.00,N,N,A,-,Y,,,65,,,,,,,Y,3,0,1,4,A,-,04,21703,,N,C,C,A,A,H,-,B,D,0,,,,,Y,,A,01,0,1,0,0,0,0,0,0,0,"- ","- ",39.018978118896484,-121.43914031982422,YUBA,UNINCORPORATED,-121.43911743164062,39.019020080566406
90669080,2018,2018-02-26,9285,2018-02-15,0750,015491,,4,1,9,5800,0,2,4,,1,041,"NORTH BEALE ROAD","GOLDFIELDS PARKWAY",0.00,,Y,A,-,N,,,,,,,,,,Y,4,0,2,2,A,-,09,21802,A,N,D,C,A,A,H,-,A,A,0,,,,,Y,,A,01,0,0,2,0,0,0,0,0,0,"- ","- ",39.128181457519531,-121.5281982421875,YUBA,UNINCORPORATED,-121.52819,39.128169999999997
90670491,2018,2018-02-27,9285,2018-02-13,1400,017900,,2,2,9,5800,0,2,4,,1,041,"NORTH BEALE ROAD","PARK AVENUE",200.00,W,N,A,-,N,,,,,,,,,,N,4,0,1,2,A,-,03,22350,,N,C,C,A,A,D,-,A,D,0,,,,,Y,,A,07,0,0,1,0,0,0,0,0,0,"- ","- ",39.127521514892578,-121.55970001220703,YUBA,UNINCORPORATED,-121.5592041015625,39.127544403076172
90701835,2018,2018-04-09,9285,2018-04-01,1406,018632,,7,2,9,5800,0,1,3,,1,062,SR-20,"SMARTVILLE RD",198.00,E,N,A,-,Y,,,20,,,,,,,Y,3,0,1,1,A,-,08,22107,,N,E,J,A,A,H,-,A,D,0,,,,,Y,,A,01,0,1,0,0,0,0,0,0,0,"- ","- ",39.208938598632812,-121.30661773681641,YUBA,UNINCORPORATED,-121.30660247802734,39.208957672119141
90704519,2018,2018-04-12,9285,2018-03-23,2125,020224,,5,2,9,5800,0,2,4,,1,022,"OLIVEHURST AVE","10TH AVENUE",75.00,S,N,A,-,N,,,,,,,,,,N,2,0,1,2,A,-,01,23152,A,N,G,B,E,A,H,-,D,D,0,Y,,,,Y,Y,A,01,1,0,0,0,1,0,0,0,0,"- ","- ",39.089519500732422,-121.5518798828125,YUBA,UNINCORPORATED,-121.55178833007812,39.089653015136719