CASE_ID,ACCIDENT_YEAR,PROC_DATE,JURIS,COLLISION_DATE,COLLISION_TIME,OFFICER_ID,REPORTING_DISTRICT,DAY_OF_WEEK,CHP_SHIFT,POPULATION,CNTY_CITY_LOC,SPECIAL_COND,BEAT_TYPE,CHP_BEAT_TYPE,CITY_DIVISION_LAPD,CHP_BEAT_CLASS,BEAT_NUMBER,PRIMARY_RD,SECONDARY_RD,DISTANCE,DIRECTION,INTERSECTION,WEATHER_1,WEATHER_2,STATE_HWY_IND,CALTRANS_COUNTY,CALTRANS_DISTRICT,STATE_ROUTE,ROUTE_SUFFIX,POSTMILE_PREFIX,POSTMILE,LOCATION_TYPE,RAMP_INTERSECTION,SIDE_OF_HWY,TOW_AWAY,COLLISION_SEVERITY,NUMBER_KILLED,NUMBER_INJURED,PARTY_COUNT,PRIMARY_COLL_FACTOR,PCF_CODE_OF_VIOL,PCF_VIOL_CATEGORY,PCF_VIOLATION,PCF_VIOL_SUBSECTION,HIT_AND_RUN,TYPE_OF_COLLISION,MVIW,PED_ACTION,ROAD_SURFACE,ROAD_COND_1,ROAD_COND_2,LIGHTING,CONTROL_DEVICE,CHP_ROAD_TYPE,PEDESTRIAN_ACCIDENT,BICYCLE_ACCIDENT,MOTORCYCLE_ACCIDENT,TRUCK_ACCIDENT,NOT_PRIVATE_PROPERTY,ALCOHOL_INVOLVED,STWD_VEHTYPE_AT_FAULT,CHP_VEHTYPE_AT_FAULT,COUNT_SEVERE_INJ,COUNT_VISIBLE_INJ,COUNT_COMPLAINT_PAIN,COUNT_PED_KILLED,COUNT_PED_INJURED,COUNT_BICYCLIST_KILLED,COUNT_BICYCLIST_INJURED,COUNT_MC_KILLED,COUNT_MC_INJURED,PRIMARY_RAMP,SECONDARY_RAMP,LATITUDE,LONGITUDE,COUNTY,CITY,POINT_X,POINT_Y
94581725,2025,2025-02-17,9285,2025-02-14,1850,022748,,5,2,9,5800,0,1,3,,1,060,"SR-70 S/B","CHANDLER LANE",750.00,S,N,A,-,Y,YUB,,70," "," ",24.329,H,,L,N,4,0,2,2,A,-,08,22107,,N,D,C,A,A,H,-,C,A,0,,,,,Y,,D,22,0,0,2,0,0,0,0,0,0,"- ","- ",39.285228729248047,-121.59481048583984,YUBA,UNINCORPORATED,-121.59465789794922,39.285224914550781
9458782,2022,2022-06-14,5801,2022-04-23,1832,P232,YUBA,6,5,3,5801,0,0,0,,0,,"BUCHANAN ST","EAST 22ND ST",0.00,,N,-,-,N,,,,,,,,,,Y,4,0,1,2,A,-,12,22450,A,N,D,C,A,A,H,-,A,A,0,,,,,Y,,A,01,0,0,1,0,0,0,0,0,0,"- ","- ",,,YUBA,MARYSVILLE,-121.57962036132812,39.160045623779297
94592071,2025,2025-02-27,9285,2025-02-24,2042,021690,,1,2,9,5800,0,1,3,,1,060,"SR-70 N/B","MAGNOLIA RD",200.00,N,N,A,-,Y,YUB,,70," "," ",20.990,H,,R,N,4,0,1,2,A,-,09,21804,A,N,D,C,A,A,H,-,D,D,0,,,,,Y,,A,07,0,0,1,0,0,0,0,0,0,"- ","- ",39.237190246582031,-121.6002197265625,YUBA,UNINCORPORATED,-121.60023498535156,39.237190246582031
94599582,2025,2025-03-17,9285,2025-02-26,1550,023093,,3,2,9,5800,0,3,5,,1,004,"AVONDALE WAY","N. BEALE RD",10.00,S,N,A,-,N,,,,,,,,,,N,3,0,1,2,A,-,21,22106,,N,D,G,A,A,H,-,A,A,0,,Y,,,Y,,A,01,0,1,0,0,0,0,1,0,0,"- ","- ",39.126018524169922,-121.56707000732422,YUBA,UNINCORPORATED,-121.56720733642578,39.126110076904297
94601297,2025,2025-03-18,9285,2025-03-04,1338,021328,,2,1,9,5800,0,2,4,,1,022,"MCGOWAN PKWY.","OLIVE AVE.",200.00,W,N,A,-,N,,,,,,,,,,N,3,0,1,2,A,-,17,21228,A,N,D,C,A,A,A,-,A,D,0,,,,,Y,,M,94,0,1,0,0,0,0,0,0,0,"- ","- ",39.077411651611328,-121.5313720703125,YUBA,UNINCORPORATED,-121.53126525878906,39.077465057373047
94610983,2025,2025-04-24,9285,2025-03-13,1240,023008,,4,1,9,5800,0,1,3,,1,020,"SR-70 S/B","OLIVEHURST AVE",1320.00,S,N,A,-,Y,YUB,,70," ",R,9.642,H,,L,N,3,0,1,1,A,-,08,22107,,N,E,8,A,A,H,-,A,A,0,,,,,Y,,A,01,0,1,0,0,0,0,0,0,0,"- ","- ",39.106838226318359,-121.55435943603516,YUBA,UNINCORPORATED,-121.55443572998047,39.106803894042969
94638919,2025,2025-04-07,9285,2025-03-27,1305,020195,,4,1,3,5801,0,2,S,,2,901,"14 TH STREET","C STREET",0.00,,Y,C,-,N,,,,,,,,,,N,3,0,1,2,A,-,05,21650,,N,D,G,A,B,H,-,A,A,0,,Y,,,Y,,L,04,0,1,0,0,0,0,1,0,0,"- ","- ",39.150581359863281,-121.58912658691406,YUBA,MARYSVILLE,-121.588998,39.150528000000001
94645238,2025,2025-04-10,9285,2025-03-27,"520 ",017118,,4,3,9,5800,0,2,4,,1,042,"HAMMONTON SMARTSVILLE RD","DOOLITTLE DR",7392.00,E,N,B,-,N,,,,,,,,,,Y,4,0,2,2,A,-,05,21650,,M,B,C,A,A,H,-,D,A,0,,,,,Y,,A,01,0,0,2,0,0,0,0,0,0,"- ","- ",39.1715087890625,-121.41808319091797,YUBA,UNINCORPORATED,-121.41378784179688,39.172882080078125
94648281,2025,2025-04-14,9285,2025-04-03,1800,021599,,4,2,9,5800,0,3,5,,1,002,"PASADO ROAD","S. GLEDHILL AVENUE",200.00,E,N,A,-,N,,,,,,,,,,Y,2,0,1,2,A,-,01,23152,A,N,C,C,A,A,H,-,A,D,0,,,Y,,Y,Y,D,22,1,0,0,0,0,0,0,0,1,"- ","- ",39.112869262695312,-121.5670166015625,YUBA,UNINCORPORATED,-121.56671905517578,39.112869262695312
94649577,2025,2025-04-15,9285,2025-04-10,1140,021567,,4,1,9,5800,0,3,5,,1,002,"POWERLINE RD","9TH AVENUE",15.00,N,N,A,-,N,,,,,,,,,,N,4,0,1,2,A,-,08,22107,,N,B,C,A,A,H,-,A,D,0,,Y,,,Y,,L,04,0,0,1,0,0,0,1,0,0,"- ","- ",39.091541290283203,-121.54248809814453,YUBA,UNINCORPORATED,-121.54246520996094,39.09149169921875
94666562,2025,2025-04-28,9285,2025-04-19,1710,024019,,6,2,9,5800,0,2,4,,2,021,"FEATHER RIVER BOULEVARD","ARBOGA ROAD",980.00,S,N,A,-,N,,,,,,,,,,N,4,0,1,1,C,-,18,,,N,F,J,A,A,H,-,A,D,0,,,,,Y,,-,"- ",0,0,1,0,0,0,0,0,0,"- ","- ",39.052219390869141,-121.578857421875,YUBA,UNINCORPORATED,-121.58083343505859,39.120815277099609
94690429,2025,2025-05-16,9285,2025-05-08,1635,021690,,4,2,9,5800,0,3,5,,1,004,"SIMPSON LN","BABBINGTON RD",0.00,,Y,A,-,N,,,,,,,,,,N,3,0,1,2,A,-,06,21755,,N,D,C,A,A,H,-,A,D,0,,,Y,,Y,,C,02,0,1,0,0,0,0,0,0,1,"- ","- ",39.139579772949219,-121.56478881835938,YUBA,UNINCORPORATED,-121.56484222412109,39.139541625976562
94693929,2025,2025-05-20,9285,2025-05-15,1610,023008,,4,2,9,5800,0,3,5,,1,002,"FORTY MILE RD","PLUMAS ARBOGA RD",0.00,,Y,A,-,N,,,,,,,,,,Y,3,0,3,2,A,-,09,21801,A,N,D,C,A,A,H,-,A,A,0,,,,,Y,,D,22,0,1,2,0,0,0,0,0,0,"- ","- ",39.030048370361328,-121.51583099365234,YUBA,UNINCORPORATED,-121.51586151123047,39.030101776123047
94696862,2025,2025-05-22,9285,2025-05-20,"305 ",022919,,2,3,9,5800,0,1,3,,1,020,"SR-70 NB","MCGOWAN PKY",11088.00,S,N,A,-,Y,YUB,,70," ",R,5.133,H,,R,N,4,0,2,1,A,-,08,22107,,N,E,I,A,A,H,-,D,D,0,,,,,Y,,A,01,0,0,2,0,0,0,0,0,0,"- ","- ",39.045680999755859,-121.54296875,YUBA,UNINCORPORATED,-121.54302978515625,39.045680999755859
94699154,2025,2025-05-23,9285,2025-05-19,"515 ",022956,,1,3,9,5800,0,3,5,,1,002,"GRAND AVE","ALICIA AVE",150.00,E,N,A,-,N,,,,,,,,,,N,4,0,1,2,A,-,03,22350,,N,B,G,A,A,H,-,A,D,0,,Y,,,Y,,A,07,0,0,1,0,0,0,1,0,0,"- ","- ",39.115619659423828,-121.57431793212891,YUBA,UNINCORPORATED,-121.57433319091797,39.115657806396484
94711029,2025,2025-06-03,9285,2025-05-27,2130,022919,,2,2,9,5800,0,2,4,,2,081,"MARYSVILLE RD","TEXAS HILL RD",40.00,E,N,A,-,N,,,,,,,,,,N,4,0,1,1,C,-,18,,,N,E,H,A,A,H,-,D,D,0,,,Y,,Y,,-,"- ",0,0,1,0,0,0,0,0,1,"- ","- ",39.363491058349609,-121.25225067138672,YUBA,UNINCORPORATED,-121.25223541259766,39.363491058349609
94711583,2025,2025-06-03,9285,2025-05-27,"940 ",021154,,2,1,9,5800,0,2,4,,1,041,"N. BEALE RD. (1100 BLOCK)","LINDHURST AVE.",259.00,N,N,A,-,N,,,,,,,,,,N,3,0,1,2,A,-,03,22350,,N,C,C,A,A,H,-,A,A,0,,,,,Y,,A,01,0,1,0,0,0,0,0,0,0,"- ","- ",39.124900817871094,-121.57171630859375,YUBA,UNINCORPORATED,-121.57148742675781,39.124881744384766
94716186,2025,2025-06-06,9285,2025-05-25,1100,023008,,7,1,9,5800,0,2,4,,2,021,"FEATHER RIVER BLVD","ARBOGA RD",500.00,E,N,A,-,N,,,,,,,,,,Y,3,0,1,2,A,-,01,23152,A,N,B,C,A,A,H,-,A,A,0,,,,,Y,Y,A,01,0,1,0,0,0,0,0,0,0,"- ","- ",39.124031066894531,-121.57758331298828,YUBA,UNINCORPORATED,-121.57763671875,39.124004364013672
94719528,2025,2025-06-10,9285,2025-05-31,2500,022956,,6,4,9,5800,0,3,5,,1,002,"FORTY MILE RD","PLUMAS ARBOGA RD",233.00,N,N,A,-,N,,,,,,,,,,Y,4,0,1,1,A,-,01,23152,A,N,E,I,A,A,H,-,D,D,0,,,,,Y,Y,A,01,0,0,1,0,0,0,0,0,0,"- ","- ",39.0306396484375,-121.51547241210938,YUBA,UNINCORPORATED,-121.51554107666016,39.030689239501953
94724015,2025,2025-06-12,9285,2025-05-31,1950,024019,,6,2,9,5800,0,3,5,,1,004,"GOLDFIELDS PARKWAY","N BEALE ROAD",1145.00,S,N,A,-,N,,,,,,,,,,Y,3,0,1,1,A,-,01,23152,A,N,E,I,A,A,D,-,A,D,0,,,,,Y,Y,D,22,0,1,0,0,0,0,0,0,0,"- ","- ",39.125869750976562,-121.5308837890625,YUBA,UNINCORPORATED,-121.53079223632812,39.126014709472656
94726878,2025,2025-06-16,9285,2025-06-12,"745 ",021018,,4,1,9,5800,0,1,3,,1,020,"SR-70 N/B","FEATHER RIVER BLVD",90.00,S,N,A,-,Y,YUB,,70," ",R,11.371,H,,R,N,3,0,1,2,A,-,03,22350,,N,C,C,A,A,H,-,A,D,0,,,Y,,Y,,C,02,0,1,0,0,0,0,0,0,1,"- ","- ",39.124320983886719,-121.57676696777344,YUBA,UNINCORPORATED,-121.57675170898438,39.124336242675781
94732135,2025,2025-06-19,9285,2025-06-11,1850,019842,,3,2,9,5800,0,2,S,,2,904,"ERLE RD","WALNUT RD",0.00,,Y,A,-,N,,,,,,,,,,N,4,0,1,2,A,-,05,21650,,N,D,G,A,A,H,-,A,D,0,,Y,,,Y,,L,04,0,0,1,0,0,0,1,0,0,"- ","- ",39.113040924072266,-121.56284332275391,YUBA,UNINCORPORATED,,
94735586,2025,2025-06-23,9285,2025-06-16,1840,022919,,1,2,9,5800,0,1,3,,1,062,"SR-20 W/B","SPRING VALLEY RD",374.00,E,N,A,-,N,,,,,,,,,,N,4,0,2,3,A,-,03,22350,,N,C,C,A,A,H,-,A,D,0,,,,,Y,,A,07,0,0,2,0,0,0,0,0,0,"- ","- ",39.221469879150391,-121.46462249755859,YUBA,UNINCORPORATED,-121.46485137939453,39.221443176269531
94751481,2025,2025-07-07,9285,2025-06-26,2255,023093,,4,3,9,5800,0,1,3,,1,060,"SR-70 S/B","RAMIREZ RD",870.00,N,N,A,-,Y,YUB,,70," "," ",23.062,H,,L,Y,3,0,1,1,A,-,08,22107,,N,E,I,A,A,H,-,D,D,0,,,,,Y,,A,01,0,1,0,0,0,0,0,0,0,"- ","- ",39.267021179199219,-121.59707641601562,YUBA,UNINCORPORATED,-121.59686279296875,39.266998291015625
94752392,2025,2025-07-07,9285,2025-07-02,1841,021599,,3,2,9,5800,0,1,3,,1,010,"SR-70 N/B","PLUMAS LAKE BLVD",3749.00,S,N,A,-,Y,YUB,,70," ",R,2.757,H,,R,N,3,0,1,1,A,-,08,22107,,N,E,J,A,A,H,-,A,D,0,,,Y,,Y,,C,02,0,1,0,0,0,0,0,0,1,"- ","- ",39.012359619140625,-121.54315185546875,YUBA,UNINCORPORATED,-121.54319763183594,39.012355804443359
94754057,2025,2025-07-08,9285,2025-07-06,1035,024370,,7,1,9,5800,0,3,5,,1,006,"WOODRUFF LANE","ARMSTRONG RD",523.00,E,N,A,-,N,,,,,,,,,,Y,3,0,1,1,A,-,08,22107,,N,E,I,A,A,H,-,A,D,0,,,,,Y,,A,07,0,1,0,0,0,0,0,0,0,"- ","- ",39.219638824462891,-121.5838623046875,YUBA,UNINCORPORATED,-121.5838623046875,39.219593048095703
94766999,2025,2025-07-17,9285,2025-07-10,1832,021012,,4,2,9,5800,0,2,4,,2,081,"WILLOW GLEN RD","TIMOTHY LN",4752.00,S,N,A,-,N,,,,,,,,,,Y,3,0,1,1,A,-,01,23152,A,N,F,A,A,A,H,-,A,D,0,,,,,Y,Y,A,07,0,1,0,0,0,0,0,0,0,"- ","- ",39.435779571533203,-121.28691101074219,YUBA,UNINCORPORATED,-121.28706359863281,39.435653686523438
94775717,2025,2025-07-24,9285,2025-07-21,"647 ",021154,,1,1,9,5800,0,2,4,,1,042,"HAMMONTON SMARTVILLE RD","LINDA AVE",0.00,,Y,A,-,N,,,,,,,,,,N,3,0,1,2,A,-,09,21801,A,N,D,C,A,A,H,-,A,D,0,,,,,Y,,D,22,0,1,0,0,0,0,0,0,0,"- ","- ",39.130359649658203,-121.553466796875,YUBA,UNINCORPORATED,-121.55351257324219,39.130352020263672
94779963,2025,2025-07-28,9285,2025-07-23,1418,024588,,3,2,9,5800,0,2,4,,2,025,"SR-65 S/B","EVERGREEN DR",320.00,S,N,A,-,N,,,,,,,,,,N,4,0,2,2,A,-,03,22350,,N,C,C,A,A,H,-,A,D,0,,,,,Y,,A,01,0,0,2,0,0,0,0,0,0,"- ","- ",39.016300201416016,-121.43450164794922,YUBA,UNINCORPORATED,-121.43379974365234,39.015960693359375
94788581,2025,2025-08-04,9285,2025-07-31,1050,022401,,4,1,9,5800,0,3,5,,1,004,"LINDA AVENUE","SPINNAKER WAY",50.00,E,N,A,-,Y,,,,,,,,,,N,4,0,2,2,A,-,03,22350,,N,C,C,A,A,H,-,A,D,0,,,,,Y,,A,01,0,0,2,0,0,0,0,0,0,"- ","- ",39.130420684814453,-121.54885101318359,YUBA,UNINCORPORATED,-121.54877471923828,39.130435943603516
94796954,2025,2025-08-11,9285,2025-08-01,"820 ",022401,,5,1,9,5800,0,3,5,,1,002,"CHESTNUT ROAD","CATALPA STREET",0.00,,Y,A,-,Y,YUB,,70," ",R,9.786,H,,L,N,3,0,1,1,A,-,03,22350,,N,F,I,A,A,H,-,A,D,0,,,Y,,Y,,C,02,0,1,0,0,0,0,0,0,1,"- ","- ",39.108539581298828,-121.55599975585938,YUBA,UNINCORPORATED,-121.55580902099609,39.108627319335938
94807064,2025,2025-08-18,9285,2025-08-14,"645 ",022401,,4,1,9,5800,0,1,3,,1,062,"STATE ROUTE 70","HAMMONTON SMARTVILLE RD",5280.00,W,N,A,-,Y,YUB,,20," ",R,20.119,H,,R,N,3,0,1,2,A,-,03,22350,,N,C,C,A,A,H,-,A,D,0,,,,,Y,,A,08,0,1,0,0,0,0,0,0,0,"- ","- ",39.205341339111328,-121.30319976806641,YUBA,UNINCORPORATED,-121.30316162109375,39.205360412597656
9480836,2022,2022-09-27,5801,2022-07-21,2135,311,YUBA,4,5,3,5801,0,0,0,,0,5801,"COVILLAUD ST","RIDEOUT WY",0.00,,Y,A,-,N,,,,,,,,,,Y,4,0,1,2,A,-,08,22103,,N,D,C,A,A,H,-,C,A,0,,,,Y,Y,,A,01,0,0,1,0,0,0,0,0,0,"- ","- ",,,YUBA,MARYSVILLE,-121.57793426513672,39.158622741699219
94810711,2025,2025-08-20,9285,2025-08-15,1536,024370,,5,2,9,5800,0,3,5,,1,002,"EVELYN DR","TWAIN DR",0.00,,Y,A,-,N,,,,,,,,,,Y,2,0,1,2,A,-,01,23152,A,N,D,C,A,A,H,-,A,D,0,,,,,Y,Y,A,01,1,0,0,0,0,0,0,0,0,"- ","- ",39.079029083251953,-121.53733062744141,YUBA,UNINCORPORATED,-121.53723907470703,39.078998565673828
94819013,2025,2025-08-26,9285,2025-08-20,"800 ",021018,,3,1,9,5800,0,3,5,,1,002,"RIVER OAKS BLVD","COLORADO DRIVE",0.00,,Y,A,-,N,,,,,,,,,,N,3,0,1,2,A,-,21,22106,,N,D,G,A,A,H,-,A,A,0,,Y,,,Y,,A,07,0,1,0,0,0,0,1,0,0,"- ","- ",38.989551544189453,-121.55120849609375,YUBA,UNINCORPORATED,-121.55120849609375,38.989475250244141
94825197,2025,2025-09-01,9285,2025-08-26,"815 ",019085,,2,1,9,5800,0,3,5,,1,006,"WOODRUFF LN","RT 20",1003.00,W,N,B,-,N,,,,,,,,,,N,4,0,1,2,A,-,09,21804,A,N,B,C,A,A,H,-,A,D,0,,,,,Y,,A,07,0,0,1,0,0,0,0,0,0,"- ","- ",39.214241027832031,-121.51596832275391,YUBA,UNINCORPORATED,-121.51589202880859,39.214241027832031
94833942,2025,2025-09-08,9285,2025-08-31,1855,024588,,7,2,9,5800,0,1,3,,1,020,"SR-70 S/B","FEATHER RIVER BLVD",8237.00,N,N,A,-,Y,YUB,,70," ",R,1.964,H,,L,N,3,0,1,1,A,-,01,23152,A,N,F,I,A,A,H,-,A,D,0,,,,,Y,Y,-,"- ",0,1,0,0,0,0,0,0,0,"- ","- ",39.000938415527344,-121.54357147216797,YUBA,UNINCORPORATED,-121.54348754882812,39.000938415527344
94841331,2025,2025-09-11,9285,2025-09-03,1416,024662,,3,2,9,5800,0,1,3,,1,020,"STATE ROUTE 70 N/B","MCGOWAN PARKWAY",5072.00,S,N,A,-,Y,YUB,,70," ",R,6.364,H,,R,Y,3,0,1,2,A,-,08,22107,,N,B,C,A,A,H,-,A,D,0,,,,Y,Y,,A,01,0,1,0,0,0,0,0,0,0,"- ","- ",39.063388824462891,-121.54250335693359,YUBA,UNINCORPORATED,-121.54244232177734,39.063373565673828
94844463,2025,2025-09-15,9285,2025-09-05,1325,017393,,5,1,9,5800,0,2,4,,2,082,"LA PORTE ROAD","AERO WAY",140.00,W,N,A,-,N,,,,,,,,,,N,3,0,1,2,A,-,05,21460,,N,A,C,A,A,H,-,A,D,0,,,,,Y,,D,22,0,1,0,0,0,0,0,0,0,"- ","- ",39.452571868896484,-121.29557037353516,YUBA,UNINCORPORATED,-121.29564666748047,39.452415466308594
94851896,2025,2025-09-19,9285,2025-09-12,1530,024541,,5,2,9,5800,0,2,4,,2,021,"FEATHER RIVER BLVD",N.BEALE,208.00,S,N,A,-,N,,,,,,,,,,Y,4,0,1,2,A,-,03,22350,,N,C,C,A,A,H,-,A,D,0,,,,,Y,,A,01,0,0,1,0,0,0,0,0,0,"- ","- ",39.125118255615234,-121.57637023925781,YUBA,UNINCORPORATED,-121.57624053955078,39.125255584716797
94856609,2025,2025-09-23,9285,2025-09-19,"850 ",024541,,5,1,9,5800,0,2,4,,1,022,"LINDHURST AVE","ERLE RD",45.00,S,N,C,-,N,,,,,,,,,,N,4,0,1,2,A,-,08,22107,,N,E,8,A,B,H,-,A,D,0,,,,,Y,,A,01,0,0,1,0,0,0,0,0,0,"- ","- ",39.112998962402344,-121.55827331542969,YUBA,UNINCORPORATED,-121.55830383300781,39.113155364990234
94859642,2025,2025-09-25,9285,2025-09-21,2330,022919,,7,3,9,5800,0,3,5,,1,004,"EDGEWATER CIR","N FORK WAY",25.00,E,N,A,-,N,,,,,,,,,,N,2,0,1,1,A,-,08,22107,,N,E,I,A,A,H,-,D,D,0,,,,,Y,,A,01,1,0,0,0,0,0,0,0,0,"- ","- ",39.116771697998047,-121.54518127441406,YUBA,UNINCORPORATED,-121.54532623291016,39.116905212402344
94874367,2025,2025-10-06,9285,2025-09-23,1746,021599,,2,2,9,5800,0,3,5,,1,004,"ERLE RD","LINDHURST AVENUE",350.00,E,N,A,-,N,,,,,,,,,,N,4,0,4,2,A,-,01,23152,A,N,C,C,A,A,H,-,A,A,0,,,,,Y,Y,A,07,0,0,4,0,0,0,0,0,0,"- ","- ",39.113319396972656,-121.55706787109375,YUBA,UNINCORPORATED,-121.55715942382812,39.113288879394531
94874987,2025,2025-10-06,9285,2025-09-28,1512,018986,,7,2,9,5800,0,3,5,,1,006,"PENNY WAY","MICHELLE WAY",1449.00,N,N,B,-,N,,,,,,,,,,N,4,0,1,2,A,-,05,21660,,N,B,C,A,A,H,-,A,D,0,,,,,Y,,D,22,0,0,1,0,0,0,0,0,0,"- ","- ",39.316879272460938,-121.34812927246094,YUBA,UNINCORPORATED,-121.34816741943359,39.316829681396484
9488158,2022,2022-09-01,5801,2022-07-20,1128,,5801,3,5,3,5801,0,0,0,,0,,"RT 20","BUCHANAN ST",305.00,E,N,A,-,Y,YUB,3,20,-,R,2.040,H,-,W,Y,4,0,2,2,A,-,03,22350,,N,A,C,A,A,H,-,A,A,0,,,,,Y,,A,01,0,0,2,0,0,0,0,0,0,"- ","- ",,,YUBA,MARYSVILLE,-121.57715606689453,39.149486541748047
9488347,2022,2022-08-16,5801,2022-07-11,1036,307,5801,1,5,3,5801,0,0,0,,0,,"14TH ST","E ST",88.00,E,N,A,-,N,,,,,,,,,,Y,3,0,1,3,-,-,"- ",,,N,A,E,A,A,H,-,A,A,0,,,,,Y,,-,"- ",0,1,0,0,0,0,0,0,0,"- ","- ",,,YUBA,MARYSVILLE,-121.59164428710938,39.150283813476562
94885660,2025,2025-10-14,9285,2025-10-07,"655 ",017393,,2,1,9,5800,0,2,4,,2,081,"MARYSVILLE ROAD","LEANNE WAY",1022.00,S,N,A,-,N,,,,,,,,,,Y,3,0,2,1,A,-,08,22107,,N,E,J,A,A,H,-,A,D,0,,,,,Y,,A,07,0,2,0,0,0,0,0,0,0,"- ","- ",39.354339599609375,-121.32711029052734,YUBA,UNINCORPORATED,-121.32720184326172,39.353652954101562
94891715,2025,2025-10-17,9285,2025-10-03,1546,024541,,5,2,9,5800,1,3,5,,1,002,"PLUMAS SCHOOL RD.","PLUMAS ARBOGA RD.",0.00,,Y,A,-,N,,,,,,,,,,Y,3,0,1,2,A,-,09,21802,A,N,D,C,A,A,H,-,A,A,0,,,,,Y,,A,08,0,1,0,0,0,0,0,0,0,"- ","- ",39.027420043945312,-121.51923370361328,YUBA,UNINCORPORATED,-121.51924133300781,39.027439117431641
9489233,2022,2022-10-19,5801,2022-07-27,0747,310,,3,5,3,5801,0,0,0,,0,,"EAST 17TH ST","BUCHANAN ST",0.00,,N,A,-,N,,,,,,,,,,Y,4,0,1,2,A,-,12,22450,A,N,D,C,A,A,H,-,A,D,0,,,,,Y,,-,"- ",0,0,1,0,0,0,0,0,0,"- ","- ",,,YUBA,MARYSVILLE,-121.57888793945312,39.154716491699219
9489707,2022,2022-09-02,5801,2022-08-27,1714,,5801,6,5,3,5801,0,0,0,,0,,"BLUE ST","EAST 10TH ST",93.00,S,N,A,-,N,,,,,,,,,,Y,3,0,1,1,A,-,01,23152,A,N,H,I,A,A,A,-,A,D,0,,,Y,,Y,Y,C,02,0,1,0,0,0,0,0,0,1,"- ","- ",,,YUBA,MARYSVILLE,-121.58156585693359,39.146316528320312
9489708,2022,2022-09-02,5801,2022-08-27,0619,,5801,6,5,3,5801,0,0,0,,0,,"J ST","5TH ST",28.00,S,N,A,-,N,,,,,,,,,,Y,4,0,1,1,A,-,03,22350,,N,E,I,A,A,H,-,B,A,0,,,,,Y,,A,07,0,0,1,0,0,0,0,0,0,"- ","- ",,,YUBA,MARYSVILLE,-121.59812164306641,39.139553070068359
94899804,2025,2025-10-24,9285,2025-10-21,1735,022919,,2,2,9,5800,0,2,4,,1,061,"MARYSVILLE RD","PEORIA ROAD",82.00,N,N,A,-,N,,,,,,,,,,N,4,0,3,2,A,-,03,22350,,N,C,C,A,A,H,-,A,D,0,,,,,Y,,D,22,0,0,3,0,0,0,0,0,0,"- ","- ",39.298328399658203,-121.37339782714844,YUBA,UNINCORPORATED,-121.37339019775391,39.298164367675781
94919900,2025,2025-11-11,9285,2025-10-28,1714,019356,,2,2,9,5800,0,3,5,,1,002,"OSTROM ROAD","SOUTH BEALE ROAD",0.00,,Y,A,-,N,,,,,,,,,,N,4,0,2,2,A,-,12,22450,A,N,D,C,A,A,H,-,A,D,0,,,,,Y,,A,01,0,0,2,0,0,0,0,0,0,"- ","- ",39.071689605712891,-121.43567657470703,YUBA,UNINCORPORATED,-121.435791015625,39.071636199951172
94922766,2025,2025-11-12,9285,2025-10-31,1513,024541,,5,2,9,5800,0,3,5,,1,004,"RIVER BANK DR","GOLDFIELDS PKWY",0.00,,Y,A,-,N,,,,,,,,,,N,4,0,1,2,A,-,09,21802,A,N,D,C,A,A,H,-,A,A,0,,,,,Y,,A,01,0,0,1,0,0,0,0,0,0,"- ","- ",39.117450714111328,-121.53411102294922,YUBA,UNINCORPORATED,-121.53403472900391,39.117393493652344
94925004,2025,2025-11-12,9285,2025-11-08,1535,024662,,6,2,9,5800,0,1,3,,1,020,"STATE ROUTE 70","OLIVEHURST AVE",558.67,S,N,A,-,Y,YUB,,70," ",R,9.175,H,,R,Y,3,0,1,1,A,-,08,22107,,N,E,I,A,A,H,-,A,D,0,,,,,Y,,A,01,0,1,0,0,0,0,0,0,0,"- ","- ",39.101509094238281,-121.54911804199219,YUBA,UNINCORPORATED,-121.54899597167969,39.101631164550781
94944766,2025,2025-11-24,9285,2025-11-16,"630 ",024662,,7,1,9,5800,0,3,5,,1,004,"CHUCK YEAGER ROAD","HAMMONTON SMARTSVILLE ROAD",1901.00,S,N,C,-,N,,,,,,,,,,Y,3,0,1,1,A,-,03,22350,,N,E,8,A,B,H,-,B,D,0,,,,,Y,Y,A,07,0,1,0,0,0,0,0,0,0,"- ","- ",39.190200805664062,-121.30159759521484,YUBA,UNINCORPORATED,-121.30161285400391,39.190349578857422
94945335,2025,2025-11-24,9285,2025-11-17,1235,024662,,1,1,9,5800,0,3,5,,1,002,"FORTY MILE ROAD","DAIRY ROAD",35.00,N,N,C,-,N,,,,,,,,,,N,3,0,1,2,A,-,03,22350,,N,C,C,A,B,H,-,A,D,0,,,,,Y,,A,07,0,1,0,0,0,0,0,0,0,"- ","- ",39.008769989013672,-121.49896240234375,YUBA,UNINCORPORATED,-121.49891662597656,39.00872802734375