CASE_ID,ACCIDENT_YEAR,PROC_DATE,JURIS,COLLISION_DATE,COLLISION_TIME,OFFICER_ID,REPORTING_DISTRICT,DAY_OF_WEEK,CHP_SHIFT,POPULATION,CNTY_CITY_LOC,SPECIAL_COND,BEAT_TYPE,CHP_BEAT_TYPE,CITY_DIVISION_LAPD,CHP_BEAT_CLASS,BEAT_NUMBER,PRIMARY_RD,SECONDARY_RD,DISTANCE,DIRECTION,INTERSECTION,WEATHER_1,WEATHER_2,STATE_HWY_IND,CALTRANS_COUNTY,CALTRANS_DISTRICT,STATE_ROUTE,ROUTE_SUFFIX,POSTMILE_PREFIX,POSTMILE,LOCATION_TYPE,RAMP_INTERSECTION,SIDE_OF_HWY,TOW_AWAY,COLLISION_SEVERITY,NUMBER_KILLED,NUMBER_INJURED,PARTY_COUNT,PRIMARY_COLL_FACTOR,PCF_CODE_OF_VIOL,PCF_VIOL_CATEGORY,PCF_VIOLATION,PCF_VIOL_SUBSECTION,HIT_AND_RUN,TYPE_OF_COLLISION,MVIW,PED_ACTION,ROAD_SURFACE,ROAD_COND_1,ROAD_COND_2,LIGHTING,CONTROL_DEVICE,CHP_ROAD_TYPE,PEDESTRIAN_ACCIDENT,BICYCLE_ACCIDENT,MOTORCYCLE_ACCIDENT,TRUCK_ACCIDENT,NOT_PRIVATE_PROPERTY,ALCOHOL_INVOLVED,STWD_VEHTYPE_AT_FAULT,CHP_VEHTYPE_AT_FAULT,COUNT_SEVERE_INJ,COUNT_VISIBLE_INJ,COUNT_COMPLAINT_PAIN,COUNT_PED_KILLED,COUNT_PED_INJURED,COUNT_BICYCLIST_KILLED,COUNT_BICYCLIST_INJURED,COUNT_MC_KILLED,COUNT_MC_INJURED,PRIMARY_RAMP,SECONDARY_RAMP,LATITUDE,LONGITUDE,COUNTY,CITY,POINT_X,POINT_Y
90377422,2017,2017-01-25,9285,2017-01-15,1815,018561,,7,2,9,5800,0,2,4,,1,022,"CHESTNUT RD","OLIVEHURST AVE",0.00,,Y,A,-,Y,,,,,,,,,,Y,4,0,2,2,A,-,09,21802,A,N,D,C,A,A,H,-,B,A,0,,,,,Y,,A,07,0,0,2,0,0,0,0,0,0,"- ","- ",39.101349999999996,-121.55113,YUBA,UNINCORPORATED,-121.55112996,39.101319930000003
90378131,2017,2017-02-16,9285,2017-01-25,1812,020170,,3,2,9,5800,0,3,5,,1,002,"GRAND AVENUE","ARBOGA RD",7.00,W,N,B,-,N,,,,,,,,,,N,4,0,1,2,A,-,03,22350,,N,C,C,A,A,H,-,C,D,0,,,,,Y,,A,07,0,0,1,0,0,0,0,0,0,"- ","- ",39.11786,-121.57144,YUBA,UNINCORPORATED,-121.57147701,39.117956069999998
90381203,2017,2017-01-30,9285,2017-01-22,1438,018986,,7,2,9,5800,0,2,4,,2,081,"WILLOW GLEN RD","MIDDLE PONDEROSA WAY",1445.00,E,N,D,-,N,,,,,,,,,,Y,4,0,1,1,A,-,03,22350,,N,E,I,A,C,H,-,A,D,0,,,,,Y,,D,22,0,0,1,0,0,0,0,0,0,"- ","- ",39.418019999999999,-121.29364,YUBA,UNINCORPORATED,-121.29353553,39.418103199999997
90381477,2017,2017-01-30,9285,2017-01-27,1540,015491,,5,2,9,5800,0,2,4,,1,041,"NORTH BEALE ROAD","FEATHER RIVER BOULEVARD",370.00,E,N,A,-,N,,,,,,,,,,N,4,0,1,2,A,-,03,22350,,N,C,C,A,A,H,-,A,D,0,,,,,Y,,A,08,0,0,1,0,0,0,0,0,0,"- ","- ",39.125219999999999,-121.57432,YUBA,UNINCORPORATED,-121.57448608,39.125471750000003
90390577,2017,2017-02-10,9285,2017-02-07,2145,019798,,2,2,9,5800,0,2,4,,1,041,"N. BEALE RD.","AVONDALE AVE",670.00,W,N,A,-,N,,,,,,,,,,N,3,0,1,2,A,-,00,21760,B,F,B,G,A,A,H,-,C,D,0,,Y,,,Y,,-,99,0,1,0,0,0,0,1,0,0,"- ","- ",39.125480000000003,-121.56956,YUBA,UNINCORPORATED,-121.56943674999999,39.125473880000001
90392375,2017,2017-02-14,9285,2017-02-03,1615,017118,,5,2,9,5800,0,1,3,,1,020,"SR-70 S/B","FEATHER RIVER BLVD",500.00,S,N,B,-,Y,,,,,,,,,,Y,4,0,1,2,A,-,03,22350,,N,C,C,A,B,H,-,A,D,0,,,,,Y,,D,22,0,0,1,0,0,0,0,0,0,"- ","- ",39.122999999999998,-121.57501000000001,YUBA,UNINCORPORATED,-121.57583599,39.123520300000003
90395461,2017,2017-02-17,9285,2017-02-12,2113,020170,,7,2,9,5800,0,1,3,,1,020,"SR-70 S/B","N. BEALE ROAD",1584.00,N,N,A,-,Y,,,,,,,,,,Y,4,0,1,2,A,-,01,23152,A,N,B,C,A,B,H,-,C,D,0,,,,,Y,Y,A,01,0,0,1,0,0,0,0,0,0,"- ","- ",39.133339999999997,-121.58907000000001,YUBA,UNINCORPORATED,,
90397033,2017,2017-02-21,9285,2017-02-12,1910,018986,,7,2,9,5800,0,2,4,,1,061,"MARYSVILLE ROAD","STERN LN",121.00,N,N,A,-,N,,,,,,,,,,Y,2,0,1,1,A,-,08,22107,,N,F,I,A,A,H,-,D,D,0,,,,,Y,,D,22,1,0,0,0,0,0,0,0,0,"- ","- ",39.233240000000002,-121.41167,YUBA,UNINCORPORATED,-121.4117811,39.23311142
90403556,2017,2017-03-01,9285,2017-02-27,2200,019253,,1,3,9,5800,0,3,5,,1,006,"SPRING VALLEY RD","MARYSVILLE RD",2000.00,W,N,A,-,N,,,,,,,,,,N,4,0,1,1,A,-,13,22515,A,N,H,A,A,A,H,-,D,D,0,,,,,Y,,A,07,0,0,1,0,0,0,0,0,0,"- ","- ",39.274290000000001,-121.4032,YUBA,UNINCORPORATED,-121.40029901,39.275344259999997
90406688,2017,2017-03-06,9285,2017-02-25,2010,020170,,6,2,9,5800,0,1,3,,1,020,"SR-70 N/B","ERLE RD",525.00,N,N,A,-,Y,,,,,,,,,,Y,4,0,1,2,A,-,03,22350,,N,C,C,A,A,H,-,C,D,0,,,,,Y,,D,22,0,0,1,0,0,0,0,0,0,"- ","- ",39.114600000000003,-121.56085,YUBA,UNINCORPORATED,-121.56029464,39.114313660000001
9040857,2019,2020-02-06,5801,2019-12-09,0641,302,5801,1,5,3,5801,0,0,0,,0,,"EAST 10TH ST","BLUE ST",0.00,,Y,E,-,N,,,,,,,,,,N,3,0,1,2,A,-,11,21954,A,N,G,B,D,A,H,-,D,D,0,Y,,,,Y,,N,60,0,1,0,0,1,0,0,0,0,"- ","- ",,,YUBA,MARYSVILLE,-121.58161163330078,39.146568298339844
90411858,2017,2017-03-14,9285,2017-03-05,1050,017534,,7,1,9,5800,0,3,5,,1,002,"GRAND AVENUE","SOUTH GLEDHILL AVENUE",44.00,E,N,B,-,N,,,,,,,,,,Y,2,0,1,2,A,-,12,22450,A,N,D,G,A,A,H,-,A,A,0,,Y,,,Y,,L,04,1,0,0,0,0,0,1,0,0,"- ","- ",39.116779999999999,-121.57294,YUBA,UNINCORPORATED,-121.57289836,39.116761269999998
90416111,2017,2017-03-21,9285,2017-03-06,1340,021197,,1,1,9,5800,0,3,5,,1,002,"MARTEL DR.","LARSON ST.",65.00,W,N,B,-,N,,,,,,,,,,Y,3,0,1,1,A,-,08,22107,,N,E,I,A,A,H,-,A,D,0,,,,,Y,,A,01,0,1,0,0,0,0,0,0,0,"- ","- ",39.079169999999998,-121.53493,YUBA,UNINCORPORATED,-121.53503143,39.079071429999999
90416119,2017,2017-03-21,9285,2017-03-14,1425,018291,,2,2,9,5800,0,2,4,,1,022,"MCGOWAN PKY","MARY AVE.",100.00,W,N,A,-,N,,,,,,,,,,N,3,0,1,2,A,-,08,22107,,N,B,G,A,A,H,-,A,D,0,,Y,,,Y,,L,04,0,1,0,0,0,0,1,0,0,"- ","- ",39.077199999999998,-121.54751,YUBA,UNINCORPORATED,-121.54757227,39.077195949999997
90417231,2017,2017-03-22,9285,2017-03-17,2055,012427,,5,2,9,5800,0,3,5,,1,004,"GARDEN AVENUE","CEDAR LANE",20.00,S,N,A,-,N,,,,,,,,,,N,3,0,1,2,A,-,03,22350,,N,G,B,E,A,H,-,C,D,0,Y,,,,Y,,A,01,0,1,0,0,1,0,0,0,0,"- ","- ",39.12473,-121.58139,YUBA,UNINCORPORATED,-121.58148610000001,39.124804589999997
90417303,2017,2017-03-22,9285,2017-02-26,0300,018986,,7,3,9,5800,0,2,4,,2,081,"FRENCHTOWN ROAD","PEPPERTREE LN",1864.00,N,N,B,-,N,,,,,,,,,,Y,3,0,2,1,A,-,08,22107,,F,E,I,A,A,H,-,D,D,0,,,,,Y,,A,07,0,1,1,0,0,0,0,0,0,"- ","- ",39.398539999999997,-121.25985,YUBA,UNINCORPORATED,-121.25977709999999,39.397933139999999
90417345,2017,2017-03-22,9285,2017-03-20,1645,017534,,1,2,9,5800,0,1,3,,1,020,"SR 70 NB FROM FEATHER RIVER BOULEVARD","FEATHER RIVER BLVD",170.00,S,N,B,-,Y,,,,,,,,,,Y,3,0,1,1,A,-,08,22107,,N,E,I,A,B,H,-,A,D,0,,,,,Y,,D,22,0,1,0,0,0,0,0,0,0,"- ","- ",39.12415,-121.57617,YUBA,UNINCORPORATED,-121.5765301,39.12428096
90417387,2017,2017-03-28,9285,2017-03-20,1905,019253,,1,2,9,5800,0,2,4,,1,041,"NORTH BEALE RD","WALMART CENTER",0.00,,Y,C,-,N,,,,,,,,,,Y,4,0,3,2,A,-,03,22350,,N,D,C,A,B,H,-,B,A,0,,,,,Y,,D,22,0,0,3,0,0,0,0,0,0,"- ","- ",39.125320000000002,-121.57308,YUBA,UNINCORPORATED,-121.57312453,39.125237169999998
90421435,2017,2017-03-27,9285,2017-03-17,0900,015491,,5,1,9,5800,0,1,3,,1,060,"STATE ROUTE 70","RAMIREZ ROAD",1584.00,S,N,A,-,Y,,,70,,,,,,,N,4,0,1,2,A,-,09,21804,A,F,F,A,A,A,H,-,A,D,0,,,Y,,Y,,-,99,0,0,1,0,0,0,0,0,1,"- ","- ",39.260179999999998,-121.59799,YUBA,UNINCORPORATED,-121.59808122,39.260195760000002
90422005,2017,2017-03-28,9285,2017-03-18,1010,017534,,6,1,9,5800,0,3,5,,1,004,"SIMPSON LANE","BABBINGTON RD",40.00,N,N,B,-,N,,,,,,,,,,Y,3,0,2,2,A,-,09,21802,A,N,C,C,A,A,H,-,A,A,0,,,,,Y,,A,01,0,1,1,0,0,0,0,0,0,"- ","- ",39.139650000000003,-121.56505,YUBA,UNINCORPORATED,-121.56497622000001,39.139568509999997
90423734,2017,2017-03-29,9285,2017-03-23,0640,017118,,4,1,9,5800,0,1,3,,1,020,SR-70,"MCGOWAN PKY",1584.00,N,N,A,-,Y,,,70,,,,,,,Y,3,0,1,1,A,-,08,22107,,N,E,I,A,B,H,-,A,A,0,,,,,Y,,A,01,0,1,0,0,0,0,0,0,0,"- ","- ",39.08728,-121.54124,YUBA,UNINCORPORATED,-121.54129534,39.087295730000001
90424183,2017,2017-03-30,9285,2017-03-20,0650,017534,,1,1,9,5800,0,2,4,,2,021,"FEATHER RIVER BOULEVARD","ELLA AVE",1092.00,N,N,B,-,N,,,,,,,,,,Y,4,0,1,2,A,-,03,22350,,N,C,C,A,A,H,-,B,D,0,,,,Y,Y,,G,26,0,0,1,0,0,0,0,0,0,"- ","- ",39.073,-121.57881,YUBA,UNINCORPORATED,-121.57889403,39.072338469999998
90428897,2017,2017-04-06,9285,2017-03-29,1725,018291,,3,2,9,5800,0,3,5,,1,006,"SR-20 (E/B)","BROWNS VALLEY SCHOOL RD",94.00,W,N,A,-,Y,,,20,,,,,,,Y,2,0,1,2,A,-,09,21801,A,N,E,I,A,A,H,-,A,D,0,,,Y,,Y,,D,22,1,0,0,0,0,0,0,0,1,"- ","- ",39.23019,-121.40714,YUBA,UNINCORPORATED,-121.40712582,39.23014663
90431421,2017,2017-04-11,9285,2017-03-25,0001,019223,,6,3,9,5800,0,3,5,,1,004,"CHUCK YEAGER RD","LORETTA LN",1211.00,S,N,B,-,N,,,,,,,,,,Y,3,0,1,1,A,-,08,22107,,N,F,A,A,B,H,-,D,D,0,,,,,Y,,D,22,0,1,0,0,0,0,0,0,0,"- ","- ",39.177869999999999,-121.30817,YUBA,UNINCORPORATED,-121.30805284,39.177914649999998
90431491,2017,2017-04-11,9285,2017-03-29,1950,021197,,3,2,9,5800,0,3,5,,1,004,"ALPINE WAY SOUTHBOUND","E. PARK AVE.",100.00,S,N,A,-,N,,,,,,,,,,N,3,0,1,2,A,-,03,22350,,N,G,B,F,A,H,-,C,D,0,Y,,,,Y,,A,01,0,1,0,0,1,0,0,0,0,"- ","- ",39.130670000000002,-121.55839,YUBA,UNINCORPORATED,-121.55856117,39.130837579999998
90433284,2017,2017-04-13,9285,2017-04-02,1500,017393,,7,2,9,5800,0,2,4,,2,081,"WILLOW GLEN ROAD","PINE RIDGE ROAD",370.00,S,N,A,-,N,,,,,,,,,,Y,3,0,4,2,A,-,05,21460,A,N,A,C,A,A,H,-,A,D,0,,,,,Y,,A,08,0,2,2,0,0,0,0,0,0,"- ","- ",39.407809999999998,-121.30918,YUBA,UNINCORPORATED,-121.30879998,39.408123269999997
90438707,2017,2017-04-20,9285,2017-04-13,1000,020170,,4,1,9,5800,0,2,4,,1,041,"N. BEALE ROAD S/B","FEATHER RIVER BLVD",30.00,N,N,B,C,N,,,,,,,,,,Y,3,0,1,2,A,-,03,22350,,N,C,C,A,B,H,-,A,D,0,,,,,Y,,A,01,0,1,0,0,0,0,0,0,0,"- ","- ",39.125709999999998,-121.57602,YUBA,UNINCORPORATED,-121.57586329,39.12570771
90441219,2017,2017-04-25,9285,2017-04-21,1634,015491,,5,2,9,5800,0,2,4,,2,025,"STATE ROUTE 65","DAIRY ROAD",890.00,N,N,A,-,Y,,,65,,,,,,,Y,4,0,1,3,A,-,04,21703,,N,C,C,A,A,H,-,A,D,0,,,,,Y,,B,07,0,0,1,0,0,0,0,0,0,"- ","- ",39.027979999999999,-121.4534,YUBA,UNINCORPORATED,-121.45338144999999,39.028006660000003
90441224,2017,2017-06-01,9285,2017-04-20,1535,015491,,4,2,9,5800,0,3,5,,1,004,"CHUCK YEAGER ROAD","DAUGHTERY ROAD",1080.00,S,N,A,-,N,,,,,,,,,,Y,3,0,1,2,A,-,05,21460,A,N,A,C,A,A,H,-,A,D,0,,,Y,,Y,,C,02,0,1,0,0,0,0,0,0,1,"- ","- ",,,YUBA,UNINCORPORATED,-121.30465206,39.181213120000002
90441232,2017,2017-04-25,9285,2017-04-21,1010,015491,,5,1,9,5800,0,2,4,,1,042,"HAMMONTON SMARTVILLE ROAD","SOUTH GOLDEN PARKWAY",10560.00,W,N,A,-,N,,,,,,,,,,Y,4,0,1,1,A,-,03,22350,,N,E,J,A,A,H,-,A,D,0,,,Y,,Y,,C,02,0,0,1,0,0,0,0,0,1,"- ","- ",39.191180000000003,-121.35011,YUBA,UNINCORPORATED,-121.34973420999999,39.191340750000002
90441269,2017,2017-04-25,9285,2017-04-21,1500,018522,,5,2,9,5800,0,3,5,,1,002,"MAPLEHURST ST","BROUGHAM WAY",181.00,W,N,A,-,N,,,,,,,,,,N,2,0,1,2,A,-,11,21954,A,N,D,B,D,A,H,-,A,D,0,Y,,,,Y,,N,60,1,0,0,0,1,0,0,0,0,"- ","- ",39.067349999999998,-121.55667,YUBA,UNINCORPORATED,-121.55652748,39.067350390000001
90442766,2017,2017-04-26,9285,2017-04-22,2110,021197,,6,2,9,5800,0,3,5,,1,004,"HAMMONTON RD. S/B","HAMMONTON SMARTVILLE RD",18480.00,N,N,A,-,N,,,,,,,,,,N,2,0,1,1,A,-,03,22350,,N,F,A,A,A,A,-,D,D,0,,,Y,,Y,,C,06,1,0,0,0,0,0,0,0,1,"- ","- ",39.183349999999997,-121.42801,YUBA,UNINCORPORATED,-121.42031091,39.194545339999998
90442769,2017,2017-04-26,9285,2017-04-22,2035,021197,,6,2,9,5800,0,2,4,,1,041,"N. BEALE RD. N/B","FEATHER RIVER BLVD",200.00,N,N,A,-,N,,,,,,,,,,N,4,0,1,3,A,-,08,22107,,N,C,C,A,A,H,-,C,A,0,,,,,Y,,A,01,0,0,1,0,0,0,0,0,0,"- ","- ",39.125869999999999,-121.5766,YUBA,UNINCORPORATED,-121.57644728,39.125812639999999
90446275,2017,2017-05-01,9285,2017-04-29,1130,018107,,6,1,9,5800,0,2,4,,1,061,"MARYSVILLE RD","SPRING VALLEY RD",0.00,,Y,A,-,N,,,,,,,,,,Y,4,0,2,2,A,-,09,21802,A,N,D,C,A,A,H,-,A,A,0,,,,,Y,,A,08,0,0,2,0,0,0,0,0,0,"- ","- ",39.277520000000003,-121.39378000000001,YUBA,UNINCORPORATED,-121.39382992,39.277109950000003
90449253,2017,2017-05-04,9285,2017-04-30,0958,018291,,7,1,9,5800,0,2,4,,1,042,"HAMMONTON SMARTVILLE RD","MAPES WAY",25.00,W,N,A,-,Y,,,,,,,,,,N,4,0,2,2,A,-,09,21801,A,N,B,C,A,A,H,-,A,A,0,,,,,Y,,A,01,0,0,2,0,0,0,0,0,0,"- ","- ",39.135260000000002,-121.54803,YUBA,UNINCORPORATED,-121.54801670000001,39.135237609999997
90451795,2017,2017-07-05,9285,2017-05-04,1718,018522,,4,2,9,5800,0,3,5,,1,002,"PLUMAS ARBOGA RD","OLD MARYSVILLE RD",0.00,,Y,A,-,N,,,,,,,,,,Y,4,0,2,2,A,-,09,21801,A,N,A,C,A,A,H,-,A,D,0,,,,,Y,,A,01,0,0,2,0,0,0,0,0,0,"- ","- ",39.026420000000002,-121.54294,YUBA,UNINCORPORATED,-121.54291994,39.026409970000003
90463504,2017,2017-05-25,9285,2017-05-15,1435,018475,,1,2,9,5800,0,2,4,,1,022,"OLIVEHURST AVE","6TH AVENUE",0.00,,Y,A,-,N,,,,,,,,,,Y,2,0,2,2,A,-,09,21801,A,N,A,C,A,A,H,-,A,D,0,,,Y,,Y,,A,01,1,0,1,0,0,0,0,0,1,"- ","- ",39.098059999999997,-121.55137000000001,YUBA,UNINCORPORATED,-121.55150986,39.097969900000002
90467084,2017,2017-05-30,9285,2017-05-22,0818,018291,,1,1,9,5800,0,2,4,,1,041,"N. BEALE RD.","SILVERWOOD ST.",0.00,,Y,A,-,N,,,,,,,,,,Y,4,0,1,2,A,-,09,21804,A,N,D,C,A,A,H,-,A,D,0,,,,,Y,,A,08,0,0,1,0,0,0,0,0,0,"- ","- ",39.127310000000001,-121.563,YUBA,UNINCORPORATED,-121.563,39.127369899999998
90467938,2017,2017-05-31,9285,2017-05-23,1940,019300,,2,2,9,5800,0,3,5,,1,006,"SR-20 W/B","PLANTZ RD",317.00,W,N,A,-,Y,,,20,,,,,,W,Y,2,0,4,2,A,-,01,23152,A,N,F,A,A,A,H,-,A,D,0,,,,,Y,Y,A,01,1,3,0,0,0,0,0,0,0,"- ","- ",39.173389999999998,-121.55107,YUBA,UNINCORPORATED,-121.5510463,39.17336203
90469626,2017,2017-06-02,9285,2017-05-20,0955,015976,,6,1,9,5800,0,3,5,,1,004,"LINDHURST AVE","ERLE RD",105.00,N,N,A,-,N,,,,,,,,,,Y,2,0,2,3,A,-,01,23152,F,N,C,C,A,A,H,-,A,A,0,,,,,Y,,D,22,1,1,0,0,0,0,0,0,0,"- ","- ",39.113619999999997,-121.55868,YUBA,UNINCORPORATED,-121.55859735,39.113498819999997
90469644,2017,2017-06-02,9285,2017-05-21,1535,020170,,7,2,9,5800,0,2,4,,1,042,"HAMMONTON SMARTVILLE ROAD","APEX LANE",540.00,W,N,A,-,N,,,,,,,,,,Y,3,0,2,1,A,-,08,22107,,N,E,I,A,A,H,-,A,D,0,,,,,Y,,A,01,0,1,1,0,0,0,0,0,0,"- ","- ",39.147539999999999,-121.49745,YUBA,UNINCORPORATED,-121.49734125000001,39.147726540000001
90475520,2017,2017-06-12,9285,2017-05-29,2037,019300,,1,2,9,5800,0,2,4,,1,022,"OLIVEHURST AVE","10TH AVENUE",35.00,W,N,A,-,N,,,,,,,,,,N,3,0,1,2,A,-,08,22107,,N,C,G,A,A,H,-,B,D,0,,Y,,,Y,,L,04,0,1,0,0,0,0,1,0,0,"- ","- ",39.089750000000002,-121.55181,YUBA,UNINCORPORATED,-121.55177999999999,39.089860000000002
90475627,2017,2017-06-12,9285,2017-05-31,0500,017900,,3,3,9,5800,0,2,4,,1,041,"NORTH BEALE ROAD","FEATHER RIVER BOULEVARD",528.00,N,N,C,-,N,,,,,,,,,,N,3,0,1,2,A,-,11,21954,A,N,G,B,E,B,H,-,C,D,0,Y,,,,Y,,N,60,0,1,0,0,1,0,0,0,0,"- ","- ",39.126109999999997,-121.57738000000001,YUBA,UNINCORPORATED,-121.57753961,39.126101290000001
90477447,2017,2017-06-14,9285,2017-06-10,1306,019300,,6,1,9,5800,0,1,3,,1,062,"SR-20 W/B","WOODRUFF LN",0.00,,Y,A,-,Y,,,20,,,,,,W,Y,4,0,1,2,A,-,09,21802,A,N,D,C,A,A,H,-,A,A,0,,,,,Y,,A,01,0,0,1,0,0,0,0,0,0,"- ","- ",39.213099999999997,-121.51298,YUBA,UNINCORPORATED,-121.51301060999999,39.213146780000002
90477824,2017,2017-06-14,9285,2017-06-09,1329,019760,,5,1,9,5800,0,2,4,,2,025,SR-65,"DRY CREEK LEVEE RD",800.00,S,N,A,-,Y,,,65,,,,,,,Y,4,0,1,2,A,-,03,22350,,N,C,C,A,A,H,-,A,D,0,,,,,Y,,A,07,0,0,1,0,0,0,0,0,0,"- ","- ",39.021090000000001,-121.44266,YUBA,UNINCORPORATED,-121.44266781,39.021076489999999
90480688,2017,2017-06-19,9285,2017-06-08,1655,017129,,4,2,9,5800,0,3,5,,1,004,"SIMPSON LANE","DAVIS RD",160.00,W,N,A,-,N,,,,,,,,,,Y,3,0,2,5,A,-,03,22350,,N,C,C,A,A,H,-,A,D,0,,,,,Y,,A,07,0,1,1,0,0,0,0,0,0,"- ","- ",39.141779999999997,-121.57539,YUBA,UNINCORPORATED,-121.575934,39.141866569999998
90481901,2017,2017-06-20,9285,2017-06-13,0400,019223,,2,3,9,5800,0,2,4,,1,061,"MARYSVILLE RD","CORTINA WAY",241.00,S,N,A,-,N,,,,,,,,,,Y,3,0,1,1,A,-,08,22107,,N,E,I,A,A,H,-,D,D,0,,,,,Y,,A,01,0,1,0,0,0,0,0,0,0,"- ","- ",39.30247,-121.37221,YUBA,UNINCORPORATED,-121.37230778,39.301884530000002
90483390,2017,2017-06-22,9285,2017-05-09,1334,018636,,2,1,9,5800,0,3,5,,1,002,"ARDMORE AVE","MONARCH TRAIL DR",0.00,,Y,A,-,N,,,,,,,,,,N,4,0,1,2,A,-,21,22106,,N,D,C,A,A,H,-,A,D,0,,,,,Y,,A,08,0,0,1,0,0,0,0,0,0,"- ","- ",39.08916,-121.54949999999999,YUBA,UNINCORPORATED,-121.549491,39.089286000000001
90488279,2017,2017-06-27,9285,2017-06-25,1454,019300,,7,2,9,5800,0,2,4,,1,061,"MARYSVILLE RD","STERN LN",35.00,S,N,A,-,N,,,,,,,,,,N,4,0,1,3,A,-,03,22350,,N,C,C,A,A,H,-,A,D,0,,,,,Y,,D,22,0,0,1,0,0,0,0,0,0,"- ","- ",39.243929999999999,-121.40915,YUBA,UNINCORPORATED,-121.41197327,39.232709980000003
90490305,2017,2017-07-19,9285,2017-06-26,1715,017534,,1,2,9,5800,0,3,5,,1,004,"WIGET AVENUE","NORTH BEALE ROAD",0.00,,Y,A,-,N,,,,,,,,,,Y,4,0,1,2,A,-,09,21802,A,N,D,C,A,A,H,-,A,A,0,,,,,Y,,A,01,0,0,1,0,0,0,0,0,0,"- ","- ",39.127600000000001,-121.55107,YUBA,UNINCORPORATED,-121.55103997000001,39.127739980000001
90490438,2017,2017-06-29,9285,2017-06-26,1325,017534,,1,1,9,5800,0,3,5,,1,004,"GRIFFITH AVENUE","NORTH BEALE ROAD",1584.00,N,N,A,-,N,,,,,,,,,,N,4,0,2,2,A,-,03,22350,,N,C,C,A,A,H,-,A,D,0,,,,,Y,,D,22,0,0,2,0,0,0,0,0,0,"- ","- ",39.131990000000002,-121.52373,YUBA,UNINCORPORATED,-121.52362462000001,39.132579669999998
90493776,2017,2017-07-05,9285,2017-06-29,0825,015491,,4,1,9,5800,0,2,4,,1,041,"NORTH BEALE ROAD","LINDHURST AVENUE",15.00,N,N,A,-,N,,,,,,,,,,Y,3,0,2,2,A,-,01,23152,F,N,C,C,A,A,H,-,A,A,0,,,,,Y,,A,01,0,1,1,0,0,0,0,0,0,"- ","- ",39.124639999999999,-121.57127,YUBA,UNINCORPORATED,-121.57104628,39.12458994
90498346,2017,2017-07-11,9285,2017-07-04,1715,017393,,2,2,9,5800,0,2,4,,2,082,"LA PORTE ROAD","QUAIL TRAIL",2640.00,W,N,A,-,N,,,,,,,,,,N,2,0,1,1,A,-,08,22107,,N,F,A,A,A,H,-,A,D,0,,,Y,,Y,,C,06,1,0,0,0,0,0,0,0,1,"- ","- ",39.564059999999998,-121.10744,YUBA,UNINCORPORATED,,
90503626,2017,2017-07-19,9285,2017-07-07,1205,018475,,5,1,9,5800,0,2,4,,1,041,"N. BEALE RD","FEATHER RIVER BLVD",325.00,E,N,A,-,N,,,,,,,,,,N,4,0,1,2,A,-,17,21208,A,N,D,G,A,A,H,-,A,A,0,,Y,,,Y,Y,L,04,0,0,1,0,0,0,1,0,0,"- ","- ",39.12565,-121.57438,YUBA,UNINCORPORATED,-121.57464064,39.125499619999999
90503673,2017,2017-07-19,9285,2017-07-10,0705,017393,,1,1,9,5800,0,1,3,,1,062,SR-20,"SMARTSVILLE ROAD",173.00,W,N,A,-,N,,,,,,,,,,Y,4,0,1,1,A,-,08,22107,,N,E,J,A,A,H,-,A,D,0,,,,,Y,,A,01,0,0,1,0,0,0,0,0,0,"- ","- ",39.209850000000003,-121.2077,YUBA,UNINCORPORATED,-121.30750006,39.209785830000001
90514834,2017,2017-08-02,9285,2017-07-29,2340,021197,,6,3,9,5800,0,1,3,,1,060,"SR-70 SOUTHBOUND","CHANDLER RD",950.00,S,N,A,-,Y,,,,,,,,,,Y,2,0,1,1,A,-,01,23152,G,N,E,I,A,A,H,-,D,D,0,,,,,Y,Y,A,08,1,0,0,0,0,0,0,0,0,"- ","- ",39.289700000000003,-121.59464,YUBA,UNINCORPORATED,-121.59468945,39.289399789999997
90514942,2017,2017-08-02,9285,2017-07-29,1730,018475,,6,2,9,5800,0,2,4,,1,041,"N. BEALE RD","SILVERWOOD ST",0.00,,Y,A,-,N,,,,,,,,,,Y,4,0,4,2,A,-,09,21801,B,N,D,C,A,A,H,-,A,A,0,,,,,Y,,A,07,0,0,4,0,0,0,0,0,0,"- ","- ",39.127319999999997,-121.5629,YUBA,UNINCORPORATED,-121.563,39.127369899999998
90516582,2017,2017-08-04,9230,2017-07-07,0140,020425,,5,3,9,5800,0,1,3,,1,091,"SR-49 N/B","COLOMA WAY",1056.00,S,N,A,-,Y,,,49,,,,,,N,Y,4,0,1,1,A,-,01,23152,A,N,E,I,A,A,H,-,D,D,0,,,,,Y,Y,A,01,0,0,1,0,0,0,0,0,0,"- ","- ",39.469589999999997,-121.04635999999999,YUBA,UNINCORPORATED,-121.04637004,39.469600810000003
90520340,2017,2017-11-09,9285,2017-07-30,1330,018475,,7,1,9,5800,0,1,3,,1,060,"SR-70 E/B","RAMIREZ RD",0.00,,Y,A,-,Y,,,70,,,,,,E,Y,4,0,2,2,A,-,05,21460,A,N,A,C,A,A,H,-,A,D,0,,,,,Y,,A,01,0,0,2,0,0,0,0,0,0,"- ","- ",39.264539999999997,-121.59732,YUBA,UNINCORPORATED,-121.59730297,39.26453695