CASE_ID,ACCIDENT_YEAR,PROC_DATE,JURIS,COLLISION_DATE,COLLISION_TIME,OFFICER_ID,REPORTING_DISTRICT,DAY_OF_WEEK,CHP_SHIFT,POPULATION,CNTY_CITY_LOC,SPECIAL_COND,BEAT_TYPE,CHP_BEAT_TYPE,CITY_DIVISION_LAPD,CHP_BEAT_CLASS,BEAT_NUMBER,PRIMARY_RD,SECONDARY_RD,DISTANCE,DIRECTION,INTERSECTION,WEATHER_1,WEATHER_2,STATE_HWY_IND,CALTRANS_COUNTY,CALTRANS_DISTRICT,STATE_ROUTE,ROUTE_SUFFIX,POSTMILE_PREFIX,POSTMILE,LOCATION_TYPE,RAMP_INTERSECTION,SIDE_OF_HWY,TOW_AWAY,COLLISION_SEVERITY,NUMBER_KILLED,NUMBER_INJURED,PARTY_COUNT,PRIMARY_COLL_FACTOR,PCF_CODE_OF_VIOL,PCF_VIOL_CATEGORY,PCF_VIOLATION,PCF_VIOL_SUBSECTION,HIT_AND_RUN,TYPE_OF_COLLISION,MVIW,PED_ACTION,ROAD_SURFACE,ROAD_COND_1,ROAD_COND_2,LIGHTING,CONTROL_DEVICE,CHP_ROAD_TYPE,PEDESTRIAN_ACCIDENT,BICYCLE_ACCIDENT,MOTORCYCLE_ACCIDENT,TRUCK_ACCIDENT,NOT_PRIVATE_PROPERTY,ALCOHOL_INVOLVED,STWD_VEHTYPE_AT_FAULT,CHP_VEHTYPE_AT_FAULT,COUNT_SEVERE_INJ,COUNT_VISIBLE_INJ,COUNT_COMPLAINT_PAIN,COUNT_PED_KILLED,COUNT_PED_INJURED,COUNT_BICYCLIST_KILLED,COUNT_BICYCLIST_INJURED,COUNT_MC_KILLED,COUNT_MC_INJURED,PRIMARY_RAMP,SECONDARY_RAMP,LATITUDE,LONGITUDE,COUNTY,CITY,POINT_X,POINT_Y
90821297,2018,2018-09-26,9285,2018-09-16,1930,019478,,7,2,9,5800,0,3,5,,1,002,"LEIGHTON GROVE DR","RAINHAM CT",50.00,E,N,A,-,N,,,,,,,,,,Y,4,0,1,2,A,-,01,23152,A,N,G,E,A,A,H,-,D,D,0,,,,,Y,Y,A,01,0,0,1,0,0,0,0,0,0,"- ","- ",39.002979278564453,-121.55159759521484,YUBA,UNINCORPORATED,-121.55167388916016,39.003009796142578
90821299,2018,2018-09-26,9285,2018-09-17,2019,018986,,1,2,9,5800,0,2,4,,1,061,"MARYSVILLE RD","SHILOH LN",385.00,N,N,A,-,N,,,,,,,,,,Y,4,0,1,1,A,-,01,23152,A,N,E,I,A,A,H,-,D,D,0,,,,,Y,Y,A,01,0,0,1,0,0,0,0,0,0,"- ","- ",39.310359954833984,-121.37001037597656,YUBA,UNINCORPORATED,-121.36988067626953,39.310253143310547
90826589,2018,2018-10-02,9285,2018-09-27,2333,016844,,4,3,9,5800,0,2,4,,2,025,"STATE HIGHWAY 65","SOUTH BEALE ROAD",1056.00,S,N,A,-,Y,,,65,,,,,,,Y,3,0,1,1,A,-,01,23152,A,N,E,I,A,A,H,-,C,D,0,,,,,Y,,A,07,0,1,0,0,0,0,0,0,0,"- ","- ",39.038658142089844,-121.46884918212891,YUBA,UNINCORPORATED,-121.46882629394531,39.0386962890625
90826660,2018,2018-10-02,9285,2018-09-26,1515,019401,,3,2,9,5800,0,1,3,,1,020,SR-70,"FEATHER RIVER BLVD",600.00,N,N,A,-,Y,,,70,,,,,,,Y,4,0,1,2,A,-,03,22350,,N,C,C,A,A,H,-,A,D,0,,,,,Y,,A,01,0,0,1,0,0,0,0,0,0,"- ","- ",39.126049041748047,-121.57959747314453,YUBA,UNINCORPORATED,-121.57959747314453,39.126049041748047
90827155,2018,2018-10-03,9285,2018-09-22,0158,018153,,6,3,9,5800,0,2,4,,1,042,"HAMMONTON SMARTSVILLE ROAD","ALBERTA AVE",504.00,E,N,A,-,N,,,,,,,,,,Y,2,0,2,1,A,-,01,23152,A,N,E,I,A,A,H,-,C,D,0,,,,,Y,Y,A,01,2,0,0,0,0,0,0,0,0,"- ","- ",39.13616943359375,-121.52951812744141,YUBA,UNINCORPORATED,-121.529052734375,39.136474609375
90827555,2018,2018-10-03,9285,2018-09-27,1800,018632,,4,2,9,5800,0,3,5,,1,001,"PLEASANT GROVE RD","NICOLAUS AVE",528.00,N,N,A,-,N,,,,,,,,,,Y,4,0,1,1,A,-,08,22107,,N,E,I,A,A,H,-,A,D,0,,,,,Y,,A,01,0,0,1,0,0,0,0,0,0,"- ","- ",38.909111022949219,-121.48783874511719,YUBA,UNINCORPORATED,-121.48780059814453,38.909030914306641
90830378,2018,2018-10-08,9285,2018-10-01,1550,020106,,1,2,9,5800,0,3,5,,1,004,"SIMPSON LN","E. 10TH STREET",2900.00,S,N,A,-,N,,,,,,,,,,Y,4,0,2,2,A,-,03,22350,,N,C,C,A,A,H,-,A,D,0,,,,,Y,,A,01,0,0,2,0,0,0,0,0,0,"- ","- ",39.142009735107422,-121.57637786865234,YUBA,UNINCORPORATED,-121.57670593261719,39.142017364501953
90830438,2018,2018-10-08,9285,2018-09-26,0745,016044,,3,1,9,5800,0,2,4,,2,021,"FEATHER RIVER BLVD","ALICIA AVE",4.00,E,N,A,-,N,,,,,,,,,,N,3,0,3,4,A,-,10,21950,A,N,G,B,B,A,H,-,A,D,0,Y,,,,Y,,A,07,0,3,0,0,3,0,0,0,0,"- ","- ",39.118888854980469,-121.58116912841797,YUBA,UNINCORPORATED,-121.58138275146484,39.119930267333984
90832844,2018,2018-10-10,9285,2018-10-04,0950,016426,,4,1,9,5800,0,2,4,,2,021,"FEATHER RIVER BLVD","CURTIS ST",700.00,N,N,A,-,N,,,,,,,,,,Y,4,0,1,1,A,-,01,23152,E,N,E,I,A,A,H,-,A,D,0,,,,,Y,,A,01,0,0,1,0,0,0,0,0,0,"- ","- ",39.083488464355469,-121.57904815673828,YUBA,UNINCORPORATED,-121.57888793945312,39.083992004394531
90833555,2018,2018-10-11,9285,2018-06-29,1750,019830,,5,2,9,5800,0,2,4,,1,042,"HAMMONTON SMARTVILLE RD","DOOLITTLE DR",1056.00,E,N,A,-,N,,,,,,,,,,Y,1,1,0,1,A,-,08,22107,,N,E,I,A,A,H,-,A,D,0,,,Y,,Y,,C,02,0,0,0,0,0,0,0,1,0,"- ","- ",39.170639038085938,-121.43341827392578,YUBA,UNINCORPORATED,-121.43557739257812,39.170078277587891
90837082,2018,2018-10-16,9285,2018-10-09,1525,019401,,2,2,9,5800,0,2,4,,1,022,"ARBOGA RD","ELLA AVE",0.00,,Y,A,-,N,,,,,,,,,,Y,3,0,1,1,C,-,18,,,N,E,I,A,A,H,-,A,D,0,,,,,Y,,-,"- ",0,1,0,0,0,0,0,0,0,"- ","- ",39.069751739501953,-121.56136322021484,YUBA,UNINCORPORATED,-121.56146240234375,39.069728851318359
90837810,2018,2018-10-17,9285,2018-10-08,1720,020106,,1,2,9,5800,0,3,5,,1,002,"ZANES DRIVE","THUNDER RANCH WAY",55.00,N,N,A,-,N,,,,,,,,,,N,4,0,1,2,A,-,06,21751,,N,B,C,A,A,H,-,A,D,0,,,,,Y,,-,"- ",0,0,1,0,0,0,0,0,0,"- ","- ",39.010871887207031,-121.55458831787109,YUBA,UNINCORPORATED,-121.55467987060547,39.010635375976562
90838864,2018,2018-10-18,9285,2018-09-07,0245,018522,,5,3,9,5800,0,2,4,,1,041,"N BEALE ROAD","AVONDALE AVE",343.00,W,N,A,-,N,,,,,,,,,,N,1,1,0,2,A,-,03,22350,,N,G,B,E,A,H,-,C,D,0,Y,,,Y,Y,,F,25,0,0,0,1,0,0,0,0,0,"- ","- ",39.125690460205078,-121.5684814453125,YUBA,UNINCORPORATED,-121.568359375,39.125789642333984
90839269,2018,2018-10-18,9285,2018-10-17,0812,017129,,3,1,9,5800,0,2,4,,1,022,"8TH AVENUE","WESTERN AVE",0.00,,Y,A,-,N,,,,,,,,,,Y,4,0,1,2,A,-,09,21802,A,N,D,C,A,A,H,-,A,D,0,,,,,Y,,A,07,0,0,1,0,0,0,0,0,0,"- ","- ",39.093551635742188,-121.55628204345703,YUBA,UNINCORPORATED,-121.55622863769531,39.093551635742188
90839948,2018,2018-10-19,9285,2018-09-11,1315,016052,,2,1,9,5800,0,2,4,,1,061,"LOMA RICA ROAD","SUGARLOAF COURT",0.00,,Y,A,-,N,,,,,,,,,,Y,1,1,0,2,A,-,09,21801,A,N,D,C,A,A,H,-,A,D,0,,,Y,,Y,,D,22,0,0,0,0,0,0,0,1,0,"- ","- ",39.330410003662109,-121.35814666748047,YUBA,UNINCORPORATED,-121.3580322265625,39.330459594726562
90842547,2018,2018-10-23,9285,2018-08-05,1250,020106,,7,1,9,5800,0,2,4,,2,082,"LA PORTE RD","YUBA/PLUMAS COUNTY LINE",650.00,S,N,A,-,N,,,,,,,,,,Y,2,0,3,2,A,-,01,23152,A,N,D,C,A,A,H,-,A,D,0,,,,,Y,Y,A,01,2,0,1,0,0,0,0,0,0,"- ","- ",39.596359252929688,-121.07608032226562,YUBA,UNINCORPORATED,-121.07615661621094,39.59625244140625
90843438,2018,2018-10-24,9285,2018-10-21,0745,017163,,7,1,9,5800,0,1,3,,1,062,SR-20,"TIMBUCTOO RD",943.00,W,N,A,-,Y,,,20,,,,,,,N,3,0,1,1,A,-,05,21650,,N,F,A,A,A,H,-,B,D,0,,,,,Y,,A,01,0,1,0,0,0,0,0,0,0,"- ","- ",39.21051025390625,-121.31378173828125,YUBA,UNINCORPORATED,-121.31378173828125,39.210475921630859
90846999,2018,2018-10-29,9285,2018-10-23,1950,019401,,2,2,9,5800,0,1,3,,1,060,SR-70,"SPARROW LN",450.00,S,N,A,-,Y,,,70,,,,,,,Y,1,1,7,4,A,-,05,21650,,N,B,C,A,A,H,-,D,D,0,,,,,Y,,A,07,1,1,5,0,0,0,0,0,0,"- ","- ",39.285770416259766,-121.59455108642578,YUBA,UNINCORPORATED,-121.59461975097656,39.285774230957031
90847259,2018,2018-10-29,9285,2018-10-13,1950,020106,,6,2,9,5800,0,3,5,,1,002,"MCGOWAN PARKWAY","DAN AVENUE",0.00,,Y,A,-,N,,,,,,,,,,N,1,1,0,3,A,-,05,21202,A,F,D,G,A,A,H,-,C,D,0,,Y,,,Y,,L,04,0,0,0,0,0,1,0,0,0,"- ","- ",39.077350616455078,-121.53887939453125,YUBA,UNINCORPORATED,-121.53887176513672,39.077358245849609
90847825,2018,2018-10-29,9285,2018-10-24,0500,017163,,3,3,9,5800,0,2,4,,1,061,"LOMA RICA RD","LOOP RD",74.00,S,N,A,-,N,,,,,,,,,,Y,3,0,1,1,A,-,08,22107,,M,E,I,A,A,H,-,D,D,0,,,,,Y,,D,22,0,1,0,0,0,0,0,0,0,"- ","- ",39.313999176025391,-121.41452026367188,YUBA,UNINCORPORATED,-121.41429901123047,39.313976287841797
90857842,2018,2018-11-12,9285,2018-11-06,1210,016052,,2,1,9,5800,0,2,4,,1,022,SR-70,"OLIVEHURST AVE.",0.00,,Y,A,-,Y,,,70,,,,,,,N,4,0,1,2,A,-,21,22106,,N,C,C,A,A,H,-,A,D,0,,,,,Y,,A,01,0,0,1,0,0,0,0,0,0,"- ","- ",39.1019287109375,-121.55091094970703,YUBA,UNINCORPORATED,-121.55059814453125,39.102455139160156
90861045,2018,2018-11-15,9285,2018-11-07,0835,015976,,3,1,9,5800,0,1,3,,1,020,"SR-70 N/B","OLIVEHURST AVE",2640.00,S,N,A,-,Y,,,,,,,,,,Y,4,0,2,2,A,-,07,21658,A,N,B,C,A,A,H,-,A,D,0,,,,,Y,,A,01,0,0,2,0,0,0,0,0,0,"- ","- ",39.096271514892578,-121.54348754882812,YUBA,UNINCORPORATED,-121.54444885253906,39.097236633300781
90866219,2018,2018-11-26,9285,2018-11-13,0730,020106,,2,1,9,5800,0,2,4,,2,025,SR-65,"DRY CREEK LEVEE RD",100.00,S,N,A,-,Y,,,65,,,,,,,Y,4,0,2,4,A,-,03,22350,,N,C,C,A,A,H,-,A,D,0,,,,,Y,,D,22,0,0,2,0,0,0,0,0,0,"- ","- ",39.021701812744141,-121.44368743896484,YUBA,UNINCORPORATED,-121.44370269775391,39.021675109863281
90867640,2018,2018-11-26,9285,2018-11-19,1705,016052,,1,2,9,5800,0,3,5,,1,004,"LINDHURST AVE.","HAMMONTON RD  W",0.00,,Y,A,-,N,,,,,,,,,,N,3,0,1,2,A,-,10,21950,A,N,G,B,B,A,H,-,C,A,0,Y,,,,Y,,D,22,0,1,0,0,1,0,0,0,0,"- ","- ",39.122081756591797,-121.56638336181641,YUBA,UNINCORPORATED,-121.56638336181641,39.122001647949219
90870765,2018,2018-11-29,9285,2018-11-16,1210,015976,,5,1,9,5800,0,3,5,,1,006,"RAMIREZ RD",SR-70,4752.00,E,N,A,F,N,,,,,,,,,,Y,2,0,1,1,A,-,08,22107,,N,E,I,A,A,H,-,A,D,0,,,,,Y,,D,22,1,0,0,0,0,0,0,0,0,"- ","- ",39.2647705078125,-121.57848358154297,YUBA,UNINCORPORATED,-121.58049011230469,39.264698028564453
90878296,2018,2018-12-07,9285,2018-11-28,1520,015491,,3,2,9,5800,0,3,5,,1,002,"LEIGHTON GROVE DRIVE","CROFT COURT",0.00,,Y,B,-,N,,,,,,,,,,N,3,0,1,2,A,-,08,22107,,N,C,E,A,A,H,-,A,D,0,,,,,Y,,A,01,0,1,0,0,0,0,0,0,0,"- ","- ",39.002998352050781,-121.55069732666016,YUBA,UNINCORPORATED,-121.55075836181641,39.002998352050781
90878311,2018,2018-12-07,9285,2018-11-28,1655,015491,,3,2,9,5800,0,2,4,,1,041,"NORTH BEALE ROAD","LINDHURST AVENUE",40.00,E,N,B,-,N,,,,,,,,,,Y,4,0,1,2,A,-,03,22350,,N,C,C,A,A,H,-,C,A,0,,,,,Y,,A,01,0,0,1,0,0,0,0,0,0,"- ","- ",39.124771118164062,-121.57071685791016,YUBA,UNINCORPORATED,-121.57093048095703,39.124664306640625
90878524,2018,2018-12-10,9285,2018-11-30,2210,018768,,5,3,9,5800,0,3,5,,1,002,"PLUMAS ARBOGA RD","ALGODON RD",6336.00,N,N,B,-,N,,,,,,,,,,Y,3,0,2,1,A,-,08,22107,,N,E,I,A,A,H,-,D,D,0,,,,,Y,,A,01,0,2,0,0,0,0,0,0,0,"- ","- ",39.044170379638672,-121.54354858398438,YUBA,UNINCORPORATED,-121.54548645019531,39.029228210449219
90878553,2018,2018-12-10,9285,2018-12-03,1245,018475,,1,1,9,5800,0,2,4,,1,061,"MARYSVILLE RD","PEORIA RD",0.00,,Y,A,-,N,,,,,,,,,,Y,4,0,1,1,C,-,18,,,N,H,A,A,A,B,-,A,D,0,,,Y,,Y,,-,"- ",0,0,1,0,0,0,0,0,1,"- ","- ",39.298210144042969,-121.37344360351562,YUBA,UNINCORPORATED,-121.37346649169922,39.297950744628906
90878857,2018,2018-12-13,9285,2018-11-30,1340,017393,,5,1,9,5800,0,3,5,,1,006,"SICARD FLAT ROAD","WANDERING WAY",747.00,N,N,A,-,N,,,,,,,,,,Y,4,0,1,2,A,-,17,21662,A,N,A,C,A,A,H,-,A,D,0,,,,,Y,,D,22,0,0,1,0,0,0,0,0,0,"- ","- ",39.232681274414062,-121.3460693359375,YUBA,UNINCORPORATED,-121.34622192382812,39.233112335205078
9087901,2020,2020-09-01,5802,2020-05-26,1400,602,5802,2,5,1,5802,0,0,0,,0,,"MAIN ST","FRONT ST",50.00,N,N,A,-,N,,,,,,,,,,N,3,0,1,2,A,-,21,22106,,N,C,C,A,A,H,-,A,D,0,,,,,Y,,-,,0,1,0,0,0,0,0,0,0,"- ","- ",,,YUBA,WHEATLAND,-121.4224853515625,39.010211944580078
90881016,2018,2018-12-12,9285,2018-12-08,1808,018986,,6,2,9,5800,0,3,5,,1,006,"WOODRUFF LN","ARMSTRONG RD",520.00,E,N,A,-,N,,,,,,,,,,Y,3,0,1,1,A,-,01,23152,A,N,E,I,A,A,H,-,D,D,0,,,,,Y,Y,A,01,0,1,0,0,0,0,0,0,0,"- ","- ",39.219638824462891,-121.58384704589844,YUBA,UNINCORPORATED,-121.58387756347656,39.219593048095703
90883376,2018,2018-12-14,9285,2018-12-11,1945,019478,,2,2,9,5800,0,2,4,,1,022,"MCGOWAN PKY","LARSON ST",100.00,E,N,A,-,N,,,,,,,,,,N,2,0,1,2,A,-,08,22107,,F,C,G,A,A,H,-,C,A,0,,Y,,,Y,,-,99,1,0,0,0,0,0,1,0,0,"- ","- ",39.077369689941406,-121.53433990478516,YUBA,UNINCORPORATED,-121.53398895263672,39.077430725097656
90883381,2018,2018-12-14,9285,2018-12-05,2500,017393,,3,4,9,5800,0,2,4,,2,081,"MARYSVILLE ROAD","ROAD 169",5280.00,W,N,C,-,N,,,,,,,,,,Y,1,1,0,1,A,-,05,21460,A,N,E,J,A,B,H,-,D,D,0,,,,,Y,,D,22,0,0,0,0,0,0,0,0,0,"- ","- ",39.380340576171875,-121.14501953125,YUBA,UNINCORPORATED,-121.14715576171875,39.379638671875
90888100,2018,2018-12-21,9285,2018-12-17,0905,017118,,1,1,9,5800,0,1,3,,1,020,"FEATHER RIVER BLVD ONRAMP TO N/B SR-70","FEATHER RIVER BLVD",60.00,N,N,A,-,Y,,,,,,,,,,Y,4,0,2,3,A,-,03,22350,,N,E,I,A,B,H,-,A,D,0,,,,Y,Y,,D,22,0,0,2,0,0,0,0,0,0,"- ","- ",39.124431610107422,-121.57707977294922,YUBA,UNINCORPORATED,-121.576307,39.125166
90894051,2018,2018-12-31,9285,2018-12-21,0100,018522,,5,3,9,5800,0,3,5,,1,002,"CHESTNUT RD","OLIVEHURST AVENUE",300.00,N,N,C,-,N,,,,,,,,,,N,4,0,1,1,A,-,01,23152,A,N,E,I,A,B,H,-,D,D,0,,,,,Y,Y,A,01,0,0,1,0,0,0,0,0,0,"- ","- ",39.102268218994141,-121.55133056640625,YUBA,UNINCORPORATED,-121.55137634277344,39.102031707763672
90900739,2019,2019-01-09,9230,2019-01-02,1050,019235,,3,1,9,5800,0,1,3,,1,081,SR-49,"MOONSHINE RD",3696.00,N,N,A,-,Y,,,49,,,,,,,Y,4,0,1,1,A,-,01,23152,A,N,E,I,A,B,H,-,A,A,0,,,,,Y,Y,A,01,0,0,1,0,0,0,0,0,0,"- ","- ",39.403011322021484,-121.07981872558594,YUBA,UNINCORPORATED,-121.07964324951172,39.402900695800781
90905579,2019,2019-01-16,9285,2019-01-07,0705,017118,,1,1,9,5800,0,3,5,,1,002,"FORTY MILE ROAD","ROSSER ROAD",4700.00,W,N,B,-,N,,,,,,,,,,N,4,0,1,2,A,-,03,22350,,N,C,C,A,B,H,-,B,D,0,,,,,Y,,A,01,0,0,1,0,0,0,0,0,0,"- ","- ",39.050369262695312,-121.51497650146484,YUBA,UNINCORPORATED,-121.51506805419922,39.062709808349609
90905594,2019,2019-01-16,9285,2019-01-08,1140,018291,,2,1,9,5800,0,2,4,,1,041,"N. BEALE RD.","FEATHER RIVER BLVD.",0.00,,Y,B,-,Y,,,,,,,,,,Y,4,0,1,2,A,-,12,21453,A,N,D,C,A,A,H,-,A,A,0,,,,,Y,,A,01,0,0,1,0,0,0,0,0,0,"- ","- ",39.125648498535156,-121.57579040527344,YUBA,UNINCORPORATED,-121.57575988769531,39.125690460205078
90906060,2019,2019-01-16,9285,2019-01-07,0750,015491,,1,1,9,5800,0,1,3,,1,020,"STATE ROUTE 70","PLUMAS LAKE BOULEVARD",50.00,S,N,C,-,Y,,,70,,,,,,,Y,4,0,3,2,A,-,03,22350,,N,A,C,A,B,H,-,A,D,0,,,,,Y,,D,22,0,0,3,0,0,0,0,0,0,"- ","- ",39.021938323974609,-121.546630859375,YUBA,UNINCORPORATED,-121.54660797119141,39.021949768066406
90915383,2019,2019-01-30,9285,2019-01-23,0455,019830,,3,3,9,5800,0,2,4,,1,061,"MARYSVILLE RD","SHILOH LN",351.00,N,N,A,-,N,,,,,,,,,,Y,3,0,1,1,A,-,08,22107,,N,B,I,A,A,H,-,D,D,0,,,,,Y,,A,01,0,1,0,0,0,0,0,0,0,"- ","- ",39.310398101806641,-121.36990356445312,YUBA,UNINCORPORATED,-121.36991119384766,39.310161590576172
90915832,2019,2019-02-25,9285,2019-01-28,1745,020096,,1,2,9,5800,0,2,4,,2,025,SR-65,"DAIRY RD",650.00,S,N,B,-,Y,,,65,,,,,,,Y,4,0,2,2,A,-,09,21801,A,N,D,C,A,A,H,-,C,D,0,,,,,Y,,A,01,0,0,2,0,0,0,0,0,0,"- ","- ",39.024940490722656,-121.44911956787109,YUBA,UNINCORPORATED,-121.44907379150391,39.025001525878906
90919822,2019,2019-02-05,9285,2019-01-24,2130,019478,,4,2,9,5800,0,3,5,,1,002,"RIVER OAKS BLVD","ALGODON RD",0.00,,Y,A,-,N,,,,,,,,,,N,4,0,1,1,A,-,03,22350,,N,E,I,A,A,H,-,C,A,0,,,,,Y,,A,01,0,0,1,0,0,0,0,0,0,"- ","- ",39.026378631591797,-121.55146789550781,YUBA,UNINCORPORATED,-121.55156707763672,39.026298522949219
90921757,2019,2019-02-07,9285,2019-01-30,1120,017900,,3,1,9,5800,0,1,3,,1,060,"STATE ROUTE 70","RAMIREZ ROAD",1342.00,S,N,A,-,Y,,,70,,,,,,,Y,1,2,2,2,A,-,08,22107,,N,A,C,A,A,H,-,A,D,0,,,,,Y,,A,01,2,0,0,0,0,0,0,0,0,"- ","- ",39.260749816894531,-121.59795379638672,YUBA,UNINCORPORATED,-121.59798431396484,39.260757446289062
90923088,2019,2019-02-11,9285,2019-02-01,1940,019085,,5,2,9,5800,0,3,5,,1,002,"RIVER OAKS BLVD","PLUMAS LAKE BLVD",0.00,,Y,C,-,N,,,,,,,,,,Y,3,0,1,2,A,-,12,22450,A,N,D,C,A,B,H,-,C,A,0,,,,,Y,,D,22,0,1,0,0,0,0,0,0,0,"- ","- ",39.020648956298828,-121.55162811279297,YUBA,UNINCORPORATED,-121.55133819580078,39.020301818847656
90925087,2019,2019-02-12,9285,2019-02-04,1415,018986,,1,2,9,5800,0,2,4,,1,041,"NORTH BEALE ROAD","FEATHER RIVER BLVD",240.00,S,N,B,-,N,,,,,,,,,,Y,4,0,5,3,A,-,03,22350,,N,C,C,A,B,H,-,A,A,0,,,,,Y,,A,01,0,0,5,0,0,0,0,0,0,"- ","- ",39.125579833984375,-121.57489013671875,YUBA,UNINCORPORATED,-121.57493591308594,39.125553131103516
90926667,2019,2019-02-14,9285,2019-02-12,1125,016052,,2,1,9,5800,0,2,4,,1,041,"N. BEALE ROAD","LOWE AVE",42.00,W,N,A,-,N,,,,,,,,,,N,4,0,1,2,A,-,09,21804,A,N,D,G,A,A,H,-,A,D,0,,Y,,,Y,,D,22,0,0,1,0,0,0,1,0,0,"- ","- ",39.127658843994141,-121.56128692626953,YUBA,UNINCORPORATED,-121.56129455566406,39.127498626708984
90926780,2019,2019-02-14,9285,2019-02-13,1305,016052,,3,1,9,5800,0,1,3,,1,020,SR-70,"FEATHER RIVER BLVD. SOUTH",9187.00,N,N,B,C,Y,,,70,,,,,,,Y,4,0,1,2,A,-,07,21658,A,N,B,C,A,B,H,-,A,D,0,,,,,Y,,D,22,0,0,1,0,0,0,0,0,0,"- ","- ",39.0035400390625,-121.54341125488281,YUBA,UNINCORPORATED,-121.54347991943359,39.0035400390625
90927204,2019,2019-02-15,9285,2019-02-09,1045,017900,,6,1,9,5800,0,3,5,,1,001,"WHEATLAND ROAD","PLEASANT GROVE ROAD",2997.00,E,N,C,-,N,,,,,,,,,,Y,2,0,5,1,A,-,03,22350,,N,E,I,A,B,H,-,D,D,0,,,,,Y,,A,01,1,3,1,0,0,0,0,0,0,"- ","- ",38.992271423339844,-121.47772216796875,YUBA,UNINCORPORATED,-121.47917938232422,38.992733001708984
90928027,2019,2019-02-18,9285,2019-02-06,0915,017393,,3,1,9,5800,0,2,4,,2,082,"LA PORTE ROAD","OREGON HILL RD",0.00,,N,B,-,N,,,,,,,,,,Y,3,0,1,1,A,-,03,22350,,N,F,I,A,C,H,-,A,D,0,,,,,Y,,B,07,0,1,0,0,0,0,0,0,0,"- ","- ",39.490608215332031,-121.21231079101562,YUBA,UNINCORPORATED,-121.22035980224609,39.484798431396484
90928039,2019,2019-02-18,9285,2019-02-06,1020,015976,,3,1,9,5800,0,1,3,,1,062,SR-20,"TIMBUCTOO RD.",540.00,W,N,B,-,Y,,,20,,,,,,,Y,3,0,1,1,A,-,03,22350,,N,E,J,A,B,C,-,A,D,0,,,,,Y,,A,01,0,1,0,0,0,0,0,0,0,"- ","- ",39.21044921875,-121.31284332275391,YUBA,UNINCORPORATED,-121.31284332275391,39.21044921875
90928059,2019,2019-02-18,9285,2019-02-10,0935,017163,,7,1,9,5800,0,1,3,,1,020,"SR-70 S/B","OLIVEHURST AVE",3802.00,S,N,B,-,Y,,,,,,,,,,Y,2,0,3,2,A,-,03,22350,,N,C,E,A,A,H,-,A,D,0,,,,,Y,,A,01,3,0,0,0,0,0,0,0,0,"- ","- ",39.094478607177734,-121.54274749755859,YUBA,UNINCORPORATED,-121.54257202148438,39.094318389892578
90934292,2019,2019-02-26,9285,2019-02-22,1020,017163,,5,1,9,5800,0,1,3,,1,020,"SR-70 S/B","FEATHER RIVER BLVD",763.00,S,N,A,-,Y,,,,,,,,,,Y,3,0,1,1,A,-,03,22350,,N,E,J,A,A,H,-,A,D,0,,,,,Y,,A,01,0,1,0,0,0,0,0,0,0,"- ","- ",39.123020172119141,-121.57505035400391,YUBA,UNINCORPORATED,-121.57510375976562,39.123081207275391
90934614,2019,2019-02-26,9285,2019-02-23,1315,017118,,6,1,9,5800,0,3,5,,1,004,"ERLE ROAD","LINDHURST AVE",25.00,E,N,B,-,N,,,,,,,,,,N,4,0,3,2,A,-,21,22106,,N,C,C,A,A,H,-,A,A,0,,,,,Y,,A,01,0,0,3,0,0,0,0,0,0,"- ","- ",39.11328125,-121.55835723876953,YUBA,UNINCORPORATED,-121.55830383300781,39.113262176513672
9094569,2020,2020-06-30,5801,2020-03-28,1247,315,"YUBA ",6,5,3,5801,0,0,0,,0,,"EAST 12TH ST","SAMPSON ST",0.00,,Y,-,-,N,,,,,,,,,,Y,4,0,3,2,A,-,09,21801,A,N,-,-,A,-,-,-,-,-,0,,,,,Y,,A,01,0,0,3,0,0,0,0,0,0,"- ","- ",,,YUBA,MARYSVILLE,-121.57958984375,39.149009704589844
90945695,2019,2019-03-13,9285,2019-03-01,1910,020224,,5,2,9,5800,0,3,5,,1,006,"RAMIREZ RD","FRUITLAND RD",660.00,S,N,B,C,N,,,,,,,,,,Y,4,0,1,2,A,-,03,22350,,N,D,C,A,B,H,-,D,D,0,,,,,Y,,D,22,0,0,1,0,0,0,0,0,0,"- ","- ",39.29248046875,-121.51975250244141,YUBA,UNINCORPORATED,-121.51975250244141,39.292507171630859