CASE_ID,ACCIDENT_YEAR,PROC_DATE,JURIS,COLLISION_DATE,COLLISION_TIME,OFFICER_ID,REPORTING_DISTRICT,DAY_OF_WEEK,CHP_SHIFT,POPULATION,CNTY_CITY_LOC,SPECIAL_COND,BEAT_TYPE,CHP_BEAT_TYPE,CITY_DIVISION_LAPD,CHP_BEAT_CLASS,BEAT_NUMBER,PRIMARY_RD,SECONDARY_RD,DISTANCE,DIRECTION,INTERSECTION,WEATHER_1,WEATHER_2,STATE_HWY_IND,CALTRANS_COUNTY,CALTRANS_DISTRICT,STATE_ROUTE,ROUTE_SUFFIX,POSTMILE_PREFIX,POSTMILE,LOCATION_TYPE,RAMP_INTERSECTION,SIDE_OF_HWY,TOW_AWAY,COLLISION_SEVERITY,NUMBER_KILLED,NUMBER_INJURED,PARTY_COUNT,PRIMARY_COLL_FACTOR,PCF_CODE_OF_VIOL,PCF_VIOL_CATEGORY,PCF_VIOLATION,PCF_VIOL_SUBSECTION,HIT_AND_RUN,TYPE_OF_COLLISION,MVIW,PED_ACTION,ROAD_SURFACE,ROAD_COND_1,ROAD_COND_2,LIGHTING,CONTROL_DEVICE,CHP_ROAD_TYPE,PEDESTRIAN_ACCIDENT,BICYCLE_ACCIDENT,MOTORCYCLE_ACCIDENT,TRUCK_ACCIDENT,NOT_PRIVATE_PROPERTY,ALCOHOL_INVOLVED,STWD_VEHTYPE_AT_FAULT,CHP_VEHTYPE_AT_FAULT,COUNT_SEVERE_INJ,COUNT_VISIBLE_INJ,COUNT_COMPLAINT_PAIN,COUNT_PED_KILLED,COUNT_PED_INJURED,COUNT_BICYCLIST_KILLED,COUNT_BICYCLIST_INJURED,COUNT_MC_KILLED,COUNT_MC_INJURED,PRIMARY_RAMP,SECONDARY_RAMP,LATITUDE,LONGITUDE,COUNTY,CITY,POINT_X,POINT_Y
91400643,2021,2021-02-02,9285,2021-01-22,0815,018291,,5,1,9,5800,0,2,4,,1,042,"HAMMONTON SMARTVILLE RD","HERNWOOD RANCH RD.",200.00,W,N,B,C,N,,,,,,,,,,Y,4,0,1,1,A,-,03,22350,,N,E,I,A,B,H,-,A,D,0,,,,,Y,,A,01,0,0,1,0,0,0,0,0,0,"- ","- ",39.19525146484375,-121.35971832275391,YUBA,UNINCORPORATED,-121.35951995849609,39.195232391357422
91400807,2021,2021-02-02,9285,2021-01-27,0410,020454,,3,3,9,5800,0,3,5,,1,006,"RAMIREZ RD",SR-70,1509.00,E,N,B,G,N,,,,,,,,,,Y,3,0,1,1,A,-,03,22350,,N,E,I,A,B,H,-,D,D,0,,,,,Y,,A,01,0,1,0,0,0,0,0,0,0,"- ","- ",39.264591217041016,-121.59181976318359,YUBA,UNINCORPORATED,-121.59194183349609,39.264579772949219
91407694,2021,2021-02-12,9285,2021-02-05,0820,018291,,5,1,9,5800,0,3,5,,1,004,"TWISTED RIVER DR","RUPERT AVE",0.00,,Y,A,-,N,,,,,,,,,,N,4,0,1,2,A,-,09,21802,A,N,D,C,A,A,H,-,A,A,0,,,,,Y,,A,08,0,0,1,0,0,0,0,0,0,"- ","- ",39.1156005859375,-121.55496978759766,YUBA,UNINCORPORATED,-121.55490112304688,39.115592956542969
91407949,2021,2021-02-12,9285,2021-02-11,0935,017393,,4,1,9,5800,0,2,4,,2,081,"MARYSVILLE ROAD","TEXAS HILL ROAD",1056.00,E,N,B,-,N,,,,,,,,,,N,3,0,1,1,C,-,18,,,N,E,H,A,A,H,-,A,D,0,,,,,Y,,-,"- ",0,1,0,0,0,0,0,0,0,"- ","- ",39.364639282226562,-121.24977874755859,YUBA,UNINCORPORATED,-121.24917602539062,39.364955902099609
91409257,2021,2021-02-16,9285,2021-02-09,1902,018636,,2,2,9,5800,0,2,4,,1,042,"HAMMONTON SMARTVILLE RD","BRYDEN RD",891.00,W,N,A,-,N,,,,,,,,,,Y,4,0,3,2,A,-,09,21804,A,N,A,C,A,A,H,-,C,A,0,,,,,Y,,A,01,0,0,3,0,0,0,0,0,0,"- ","- ",39.143890380859375,-121.50772094726562,YUBA,UNINCORPORATED,-121.50773620605469,39.14410400390625
91410803,2021,2021-02-18,9285,2021-02-11,2245,020096,,4,3,9,5800,0,1,3,,1,020,"SR-70 SOUTHBOUND","ERLE ROAD",3.00,N,N,C,-,Y,,,,,,,,,,N,4,0,1,2,A,-,12,22450,A,N,G,B,B,B,H,-,C,A,0,Y,,,,Y,,D,22,0,0,1,0,1,0,0,0,0,"- ","- ",39.113311767578125,-121.56063842773438,YUBA,UNINCORPORATED,-121.55813598632812,39.111728668212891
91414611,2021,2021-02-24,9285,2021-02-17,1115,016052,,3,1,9,5800,0,3,5,,1,001,"HAMMONTON SMARTVILLE RD","LINDA AVE",380.00,S,N,A,-,N,,,,,,,,,,N,4,0,1,2,A,-,04,21703,,N,C,C,A,A,H,-,A,D,0,,,,,Y,,A,07,0,0,1,0,0,0,0,0,0,"- ","- ",39.129379272460938,-121.55415344238281,YUBA,UNINCORPORATED,-121.55415344238281,39.129436492919922
91418038,2021,2021-03-01,9285,2021-02-19,0739,015491,,5,1,9,5800,0,3,5,,1,002,"FORTY MILE ROAD","STATE ROUTE 65",4900.00,S,N,C,-,N,,,,,,,,,,Y,4,0,1,3,A,-,09,21801,A,N,D,A,A,B,H,-,A,D,0,,,,,Y,,A,01,0,0,1,0,0,0,0,0,0,"- ","- ",39.051460266113281,-121.51553344726562,YUBA,UNINCORPORATED,-121.51423645019531,39.064620971679688
91419120,2021,2021-03-02,9285,2021-02-24,0800,018291,,3,1,9,5800,0,3,5,,1,002,"OSTROM RD.","RANCHO RD.",2050.00,E,N,A,-,N,,,,,,,,,,Y,4,0,1,1,A,-,01,23152,A,N,F,I,A,A,H,-,A,D,0,,,,,Y,Y,A,01,0,0,1,0,0,0,0,0,0,"- ","- ",39.07086181640625,-121.5035400390625,YUBA,UNINCORPORATED,-121.50589752197266,39.070793151855469
91421238,2021,2021-03-05,9285,2021-02-26,1120,018291,,5,1,9,5800,0,2,4,,2,025,SR-65,"DAIRY RD.",600.00,S,N,A,-,Y,,,65,,,,,,,Y,4,0,1,2,A,-,08,22107,,N,D,C,A,A,H,-,A,D,0,,,,,Y,,A,01,0,0,1,0,0,0,0,0,0,"- ","- ",39.024879455566406,-121.44896697998047,YUBA,UNINCORPORATED,-121.44894409179688,39.024913787841797
91422257,2021,2021-03-08,9285,2021-02-23,0940,015976,,2,1,9,5800,0,1,3,,1,062,SR-20,"PLANTZ RD",4224.00,W,N,A,-,Y,,,20,,,,,,,Y,3,0,2,2,A,-,08,22107,,N,A,C,A,A,H,-,A,D,0,,,,,Y,,D,22,0,1,1,0,0,0,0,0,0,"- ","- ",39.171070098876953,-121.55390930175781,YUBA,UNINCORPORATED,-121.55387115478516,39.171024322509766
91423360,2021,2021-03-09,9285,2021-03-01,0140,021920,,1,3,9,5800,0,1,3,,1,062,"SR-20 W/B","LOMA RICA RD",2112.00,E,N,A,-,Y,,,20,,,,,,W,Y,4,0,1,1,A,-,01,23152,A,N,D,J,A,A,H,-,C,D,0,,,,,Y,,A,01,0,0,1,0,0,0,0,0,0,"- ","- ",39.214111328125,-121.50319671630859,YUBA,UNINCORPORATED,-121.50319671630859,39.214164733886719
91423460,2021,2021-03-09,9285,2021-03-03,2210,020106,,3,3,9,5800,0,3,5,,1,002,"LINDHURST AVE","ERLE RD",2029.00,S,N,A,-,N,,,,,,,,,,N,2,0,1,1,A,-,08,22107,,N,E,I,A,A,H,-,D,D,0,,Y,,,Y,,L,04,1,0,0,0,0,0,1,0,0,"- ","- ",39.108661651611328,-121.55404663085938,YUBA,UNINCORPORATED,-121.55412292480469,39.108806610107422
91423652,2021,2021-03-09,9285,2021-03-04,1228,018291,,4,1,9,5800,0,1,3,,1,060,SR-70,"WOODRUFF LN.",500.00,N,N,A,-,Y,,,70,,,,,,,N,4,0,1,2,A,-,03,22350,,N,C,C,A,A,H,-,A,D,0,,,,,Y,,A,01,0,0,1,0,0,0,0,0,0,"- ","- ",39.221580505371094,-121.601318359375,YUBA,UNINCORPORATED,-121.60130310058594,39.221580505371094
91425044,2021,2021-03-11,9285,2021-03-07,1728,018986,,7,2,9,5800,0,3,5,,1,004,"SMARTVILLE RD","BIG OAK VALLEY ROAD",125.00,N,N,A,-,N,,,,,,,,,,Y,3,0,1,1,A,-,08,22107,,N,E,I,A,A,H,-,A,D,0,,,,,Y,,A,07,0,1,0,0,0,0,0,0,0,"- ","- ",39.189361572265625,-121.30158233642578,YUBA,UNINCORPORATED,-121.301509,39.189264999999999
91425105,2021,2021-03-11,9285,2021-03-08,1522,018561,,1,2,9,5800,0,2,4,,1,022,"ARBOGA RD","FURNEAUX RD",0.00,,Y,B,-,N,,,,,,,,,,N,4,0,1,2,A,-,03,22350,,N,C,C,A,A,H,-,A,A,0,,,,,Y,,A,07,0,0,1,0,0,0,0,0,0,"- ","- ",39.107219696044922,-121.56111907958984,YUBA,UNINCORPORATED,-121.56111907958984,39.107250213623047
91426039,2021,2021-03-12,9285,2021-03-08,2150,021025,,1,2,9,5800,0,2,4,,2,025,"SR-65 S/B","MCGOWAN PKY",2150.00,N,N,A,-,Y,,,65,,,,,,S,Y,3,0,3,2,A,-,01,23152,A,N,B,C,A,A,H,-,D,D,0,,,,,Y,Y,A,01,0,2,1,0,0,0,0,0,0,"- ","- ",39.08258056640625,-121.53337097167969,YUBA,UNINCORPORATED,-121.53277587890625,39.083080291748047
91428574,2021,2021-03-16,9285,2021-03-05,1440,020224,,5,2,9,5800,0,3,5,,1,008,"LA PORTE RD","CHALLENGE CUTOFF RD",15.00,N,N,A,-,N,,,,,,,,,,Y,4,0,1,2,A,-,05,21650,,N,A,C,A,A,H,-,A,D,0,,,,,Y,,A,07,0,0,1,0,0,0,0,0,0,"- ","- ",39.483589172363281,-121.24456787109375,YUBA,UNINCORPORATED,-121.24536895751953,39.483821868896484
91433572,2021,2021-03-23,9285,2021-03-14,1944,018986,,7,2,9,5800,0,1,3,,1,062,SR-20,"LOMA RICA ROAD",125.00,W,N,C,-,Y,,,20,,,,,,,Y,3,0,1,2,A,-,01,23152,A,N,C,C,A,B,H,-,C,A,0,,,,,Y,Y,A,01,0,1,0,0,0,0,0,0,0,"- ","- ",39.214000701904297,-121.51132202148438,YUBA,UNINCORPORATED,-121.51130676269531,39.213958740234375
91436910,2021,2021-03-26,9285,2021-03-16,0755,019830,,2,1,9,5800,0,2,4,,1,042,"HAMMONTON SMARTVILLE RD","N. BEALE RD",171.00,N,N,A,-,N,,,,,,,,,,N,4,0,1,2,A,-,08,22107,,N,B,C,A,A,H,-,A,D,0,,,,,Y,,A,01,0,0,1,0,0,0,0,0,0,"- ","- ",39.128120422363281,-121.55513763427734,YUBA,UNINCORPORATED,-121.55532073974609,39.128040313720703
91443914,2021,2021-04-06,9285,2021-03-27,0935,018291,,6,1,9,5800,0,3,5,,1,002,"ASPEN WY","CATALPA ST.",6.00,N,N,A,-,N,,,,,,,,,,Y,3,0,1,2,A,-,09,21801,A,N,D,C,A,A,H,-,A,D,0,,,,,Y,,A,07,0,1,0,0,0,0,0,0,0,"- ","- ",39.107948303222656,-121.56008911132812,YUBA,UNINCORPORATED,-121.56005096435547,39.107868194580078
91443948,2021,2021-04-06,9285,2021-03-27,1615,020224,,6,2,9,5800,0,3,5,,1,008,"INDIANA-NEW YORK RD","NEW YORK HOUSE RD",2904.00,N,N,A,-,N,,,,,,,,,,N,4,0,1,1,A,-,08,22107,,N,F,A,A,A,A,-,A,D,0,,,Y,,Y,,C,06,0,0,1,0,0,0,0,0,1,"- ","- ",39.471389770507812,-121.235107421875,YUBA,UNINCORPORATED,-121.24298858642578,39.476520538330078
91444970,2021,2021-04-07,9285,2021-03-28,0005,020070,,7,3,9,5800,0,3,5,,1,008,"RICES CROSSING RD","CITRON WAY",150.00,S,N,A,-,N,,,,,,,,,,Y,3,0,1,1,A,-,08,22107,,N,E,I,A,A,H,-,D,D,0,,,,,Y,Y,A,01,0,1,0,0,0,0,0,0,0,"- ","- ",39.341560363769531,-121.26790618896484,YUBA,UNINCORPORATED,-121.26815032958984,39.341770172119141
91446300,2021,2021-04-08,9285,2021-04-03,1245,018291,,6,1,9,5800,0,2,4,,1,041,"N. BEALE RD.","LINDHURST AVE.",450.00,W,N,A,-,N,,,,,,,,,,N,3,0,2,2,A,-,03,22350,,N,C,C,A,A,H,-,A,A,0,,,,,Y,,A,01,0,2,0,0,0,0,0,0,0,"- ","- ",39.125209808349609,-121.57267761230469,YUBA,UNINCORPORATED,-121.57083892822266,39.125030517578125
91448055,2021,2021-11-03,9285,2021-04-01,1245,018291,,4,1,9,5800,0,3,5,,1,006,"VIRGINIA RD.","FRUITLAND RD.",800.00,W,N,A,-,N,,,,,,,,,,Y,3,0,3,1,A,-,08,22107,,N,F,I,A,A,H,-,A,D,0,,,,,Y,,A,07,0,2,1,0,0,0,0,0,0,"- ","- ",39.302021026611328,-121.41857147216797,YUBA,UNINCORPORATED,-121.41781616210938,39.301998138427734
91448201,2021,2021-04-12,9285,2021-04-02,0520,020454,,5,3,9,5800,0,1,3,,1,062,"SR-20 E/B","HALLWOOD BLVD",1532.00,E,N,A,-,Y,,,20,,,,,,E,Y,3,0,1,1,A,-,08,22107,,N,E,I,A,A,H,-,D,D,0,,,,,Y,,D,22,0,1,0,0,0,0,0,0,0,"- ","- ",39.207298278808594,-121.51576232910156,YUBA,UNINCORPORATED,-121.51556396484375,39.207244873046875
91453041,2021,2021-04-19,9285,2021-04-09,0155,020070,,5,3,9,5800,0,3,5,,1,002,"OSTROM RD","BRADSHAW RD",4000.00,E,N,A,-,N,,,,,,,,,,Y,3,0,1,1,A,-,01,23152,A,N,F,A,A,A,H,-,D,D,0,,,,,Y,Y,A,01,0,1,0,0,0,0,0,0,0,"- ","- ",39.071441650390625,-121.45465087890625,YUBA,UNINCORPORATED,-121.45429992675781,39.071487426757812
91453237,2021,2021-04-19,9285,2021-04-13,1820,019798,,2,2,9,5800,0,2,4,,1,041,"NORTH BEALE ROAD","HAMMONTON SMARTVILLE ROAD",0.00,,Y,B,-,N,,,,,,,,,,Y,3,0,2,2,A,-,12,21453,A,N,D,C,A,A,H,-,A,A,0,,,,,Y,,D,22,0,2,0,0,0,0,0,0,0,"- ","- ",39.127601623535156,-121.55570220947266,YUBA,UNINCORPORATED,-121.55564880371094,39.127651214599609
91454609,2021,2021-04-20,9285,2021-04-14,1450,018475,,3,2,9,5800,0,3,5,,1,002,"ARDMORE AVE","BEVERLY AVE",0.00,,Y,A,-,N,,,,,,,,,,Y,3,0,3,2,A,-,12,22450,A,N,D,C,A,A,H,-,A,A,0,,,,,Y,,A,01,0,1,2,0,0,0,0,0,0,"- ","- ",39.078170776367188,-121.54953765869141,YUBA,UNINCORPORATED,-121.54953765869141,39.078151702880859
91456061,2021,2021-04-22,9285,2021-04-18,1412,018986,,7,2,9,5800,0,2,4,,2,025,SR-65,"DAIRY RD",1080.00,N,N,A,-,Y,,,65,,,,,,,Y,2,0,1,1,A,-,01,23152,A,N,E,I,A,A,H,-,A,D,0,,,,,Y,Y,D,22,1,0,0,0,0,0,0,0,0,"- ","- ",39.028430938720703,-121.45378112792969,YUBA,UNINCORPORATED,-121.45384979248047,39.028331756591797
91457406,2021,2021-04-23,9285,2021-04-14,2045,019223,,3,2,9,5800,0,1,3,,1,020,"SR-70 S/B","FEATHER RIVER BLVD",480.00,N,N,A,-,Y,,,,,,,,,,Y,3,0,1,1,A,-,08,22107,,N,E,I,A,A,H,-,D,D,0,,,,,Y,,A,01,0,1,0,0,0,0,0,0,0,"- ","- ",39.125240325927734,-121.57862854003906,YUBA,UNINCORPORATED,-121.57781219482422,39.124771118164062
91458005,2021,2021-04-26,9285,2021-04-18,1400,021920,,7,2,9,5800,0,3,5,,1,002,"ARBOGA RD","7TH AVENUE",295.00,S,N,A,-,N,,,,,,,,,,N,3,0,1,3,A,-,08,22107,,N,C,C,A,A,H,-,A,D,0,,,,,Y,,A,01,0,1,0,0,0,0,0,0,0,"- ","- ",39.094600677490234,-121.56069946289062,YUBA,UNINCORPORATED,-121.56080627441406,39.094680786132812
91458217,2021,2021-04-26,9285,2021-04-20,0845,020096,,2,1,9,5800,0,2,4,,1,042,"HAMMONTON SMARTVILLE RD","MAPES WAY",25.00,E,N,A,-,N,,,,,,,,,,Y,4,0,1,2,A,-,03,22350,,N,C,C,A,A,H,-,A,D,0,,,,,Y,,A,01,0,0,1,0,0,0,0,0,0,"- ","- ",39.135299682617188,-121.54786682128906,YUBA,UNINCORPORATED,-121.54784393310547,39.135265350341797
91458300,2021,2021-05-27,9285,2021-04-23,1113,018291,,5,1,9,5800,0,1,3,,1,020,"SR-70 (N/B)","N. BEALE RD.",250.00,S,N,A,-,Y,,,70,,,,,,,Y,3,0,2,2,A,-,03,22350,,N,C,C,A,A,H,-,A,D,0,,,,,Y,,A,01,0,2,0,0,0,0,0,0,0,"- ","- ",39.128360748291016,-121.58338928222656,YUBA,UNINCORPORATED,-121.58338165283203,39.128372192382812
91463353,2021,2021-05-27,9285,2021-04-25,1403,021460,,7,2,9,5800,0,3,5,,1,002,"ERLE RD",SR-70,250.00,W,N,B,-,N,,,,,,,,,,Y,4,0,1,2,A,-,09,21801,A,N,D,C,A,B,H,-,A,A,0,,,,,Y,,A,01,0,0,1,0,0,0,0,0,0,"- ","- ",39.113170623779297,-121.56041717529297,YUBA,UNINCORPORATED,-121.55998229980469,39.113212585449219
91464018,2021,2021-05-27,9230,2021-04-17,0030,020425,,6,3,9,5800,0,1,3,,1,081,SR-49,"CREEKSIDE TRAIL",2100.00,S,N,A,-,Y,,,,,,,,,,Y,2,0,1,1,A,-,08,22107,,N,E,8,A,A,H,-,D,D,0,,,,,Y,,A,01,1,0,0,0,0,0,0,0,0,"- ","- ",38.604900360107422,-121.28040313720703,YUBA,UNINCORPORATED,,
91469255,2021,2021-05-27,9285,2021-04-28,1728,019223,,3,2,9,5800,0,2,4,,2,025,"SR-65 N/B","S BEALE RD",0.00,,Y,A,-,Y,,,65,,,,,,N,Y,3,0,1,2,A,-,09,21802,A,N,D,C,A,A,H,-,A,A,0,,,,,Y,,D,22,0,1,0,0,0,0,0,0,0,"- ","- ",39.040771484375,-121.47158050537109,YUBA,UNINCORPORATED,-121.47160339355469,39.040733337402344
91470277,2021,2021-05-27,9285,2021-04-30,1600,021460,,5,2,9,5800,0,3,5,,1,006,SR-70,"CHANDLER RD",2640.00,S,N,A,-,Y,,,70,,,,,,,Y,2,0,2,2,A,-,03,22350,,N,C,C,A,A,H,-,A,A,0,,,Y,,Y,,C,02,1,0,1,0,0,0,0,0,1,"- ","- ",39.284568786621094,-121.5947265625,YUBA,UNINCORPORATED,-121.59471893310547,39.284568786621094
91470913,2021,2021-05-27,9285,2021-05-05,1145,018291,,3,1,9,5800,0,3,5,,1,002,"ERLE RD.","FIR RD.",150.00,E,N,A,-,N,,,,,,,,,,Y,3,0,2,2,A,-,09,21801,A,N,D,C,A,A,H,-,A,D,0,,,,,Y,,A,01,0,1,1,0,0,0,0,0,0,"- ","- ",39.113189697265625,-121.56044006347656,YUBA,UNINCORPORATED,-121.56066131591797,39.113090515136719
91473684,2021,2021-05-27,9285,2021-05-10,1340,016052,,1,1,9,5800,0,3,5,,1,002,"3317 FORTY MILE ROAD","ROSSER ROAD",3850.00,S,N,A,-,N,,,,,,,,,,Y,4,0,2,2,A,-,09,21801,A,N,D,C,A,A,H,-,A,D,0,,,,,Y,,A,01,0,0,2,0,0,0,0,0,0,"- ","- ",39.052169799804688,-121.51502227783203,YUBA,UNINCORPORATED,-121.51510620117188,39.052139282226562
91474979,2021,2021-05-27,9285,2021-05-11,1505,018986,,2,2,9,5800,0,2,4,,1,061,"LOMA RICA RD","PONY EXPRESS TRL",685.00,E,N,A,-,N,,,,,,,,,,Y,3,0,2,1,A,-,08,22107,,N,F,A,A,A,H,-,A,D,0,,,,,Y,,A,07,0,1,1,0,0,0,0,0,0,"- ","- ",39.330791473388672,-121.35559844970703,YUBA,UNINCORPORATED,-121.35563659667969,39.330741882324219
91475899,2021,2021-05-27,9285,2021-05-10,1500,017393,,1,2,9,5800,0,2,4,,2,081,"MARYSVILLE ROAD","COLLINS LAKE ROAD",1584.00,S,N,A,-,N,,,,,,,,,,Y,4,0,1,2,A,-,03,22350,,N,C,C,A,A,H,-,A,D,0,,,,,Y,,A,01,0,0,1,0,0,0,0,0,0,"- ","- ",39.339839935302734,-121.33740997314453,YUBA,UNINCORPORATED,-121.33786010742188,39.339286804199219
91476688,2021,2021-05-27,9285,2021-05-18,1350,015491,,2,1,9,5800,0,2,4,,2,021,"FEATHER RIVER BOULEVARD","PLUMAS ARBOGA ROAD",0.00,,Y,A,-,N,,,,,,,,,,Y,3,0,1,2,A,-,09,21801,A,N,D,C,A,A,H,-,A,A,0,,,,,Y,,A,07,0,1,0,0,0,0,0,0,0,"- ","- ",39.054908752441406,-121.57903289794922,YUBA,UNINCORPORATED,-121.57901763916016,39.054931640625
91477803,2021,2021-05-27,9285,2021-05-19,1514,018986,,3,2,9,5800,0,2,4,,1,022,"ARBOGA RD","SPARTAN LANE",250.00,S,N,A,-,N,,,,,,,,,,Y,4,0,1,1,A,-,08,22107,,N,E,I,A,A,H,-,A,D,0,,,,,Y,,A,01,0,0,1,0,0,0,0,0,0,"- ","- ",39.111831665039062,-121.56320190429688,YUBA,UNINCORPORATED,-121.56313323974609,39.111892700195312
91478337,2021,2021-05-27,9285,2021-05-16,2015,020454,,7,2,9,5800,0,3,5,,1,002,"BRIDGEPORT WAY","RIVER OAKS DR",132.00,E,N,A,-,N,,,,,,,,,,N,3,0,1,2,A,-,03,22350,,F,D,G,A,A,H,-,A,D,0,,Y,,,Y,,-,99,0,1,0,0,0,0,1,0,0,"- ","- ",,,YUBA,UNINCORPORATED,-121.54958343505859,39.015697479248047
91478775,2021,2021-05-27,9285,2021-05-11,1810,018561,,2,2,9,5800,0,2,4,,1,022,"OLIVEHURST AVE","6TH AVE",15.00,S,N,A,-,N,,,,,,,,,,Y,4,0,1,2,A,-,03,22350,,M,C,C,A,A,H,-,A,A,0,,,,,Y,,A,07,0,0,1,0,0,0,0,0,0,"- ","- ",39.097881317138672,-121.55149841308594,YUBA,UNINCORPORATED,-121.551513671875,39.097927093505859
91490815,2021,2021-06-07,9285,2021-05-28,1615,020454,,5,2,9,5800,0,3,5,,1,002,"WESTERN AVE","7TH AVE",8.00,N,N,A,-,N,,,,,,,,,,Y,3,0,1,2,A,-,03,22350,,N,D,C,A,A,H,-,A,A,0,,,Y,,Y,,C,02,0,1,0,0,0,0,0,0,1,"- ","- ",39.095458984375,-121.55628204345703,YUBA,UNINCORPORATED,-121.55622863769531,39.095401763916016
91494206,2021,2021-06-10,9285,2021-05-30,1155,018291,,7,1,9,5800,0,3,5,,1,006,"SCOTT FORBES RD.","DEER RIDGE COURT",1954.00,N,N,A,-,N,,,,,,,,,,Y,2,0,2,2,A,-,01,23152,A,N,D,G,A,A,H,-,A,D,0,,Y,,,Y,Y,A,01,1,1,0,0,0,0,1,0,0,"- ","- ",39.257728576660156,-121.34123992919922,YUBA,UNINCORPORATED,-121.34088134765625,39.257694244384766
91495322,2021,2021-06-11,9285,2021-06-03,1410,018561,,4,2,9,5800,0,1,3,,1,020,"NORTH BEALE ROAD","N/B SR-70",25.00,S,N,A,-,Y,,,,,,,,,,N,4,0,1,2,A,-,03,22350,,N,C,C,A,A,H,-,A,A,0,,,,,Y,,D,22,0,0,1,0,0,0,0,0,0,"- ","- ",39.129489898681641,-121.58512878417969,YUBA,UNINCORPORATED,-121.58299255371094,39.128284454345703
91498182,2021,2021-06-16,9285,2021-06-07,2030,019085,,1,2,9,5800,0,3,5,,1,006,RAMIREZ,"FRUITLAND RD",7392.00,S,N,A,-,N,,,,,,,,,,Y,4,0,1,1,A,-,08,22107,,N,E,I,A,A,H,-,B,D,0,,,,,Y,,D,22,0,0,1,0,0,0,0,0,0,"- ","- ",39.274959564208984,-121.52976989746094,YUBA,UNINCORPORATED,-121.52964782714844,39.275711059570312
91502056,2021,2021-07-27,9285,2021-06-14,0451,019830,,1,3,9,5800,0,1,3,,1,011,SR-70,"ERLE RD",1373.00,N,N,A,-,Y,,,70,,,,,,,Y,3,0,1,3,A,-,03,22350,,N,C,C,A,A,H,-,B,D,0,,,,,Y,,D,22,0,1,0,0,0,0,0,0,0,"- ","- ",39.116111755371094,-121.56365203857422,YUBA,UNINCORPORATED,-121.56363677978516,39.116130828857422
91502818,2021,2021-06-22,9285,2021-06-16,0650,016052,,3,1,9,5800,0,2,4,,1,061,"11211 LOMA RICA ROAD","HATFIELD LANE",165.00,W,N,A,-,N,,,,,,,,,,Y,4,0,1,1,A,-,08,22107,,N,E,I,A,A,H,-,A,D,0,,,,,Y,,A,01,0,0,1,0,0,0,0,0,0,"- ","- ",39.305389404296875,-121.43151092529297,YUBA,UNINCORPORATED,-121.43154907226562,39.305465698242188
91503097,2021,2021-06-22,9285,2021-06-16,1441,018986,,3,2,9,5800,0,2,4,,1,041,"N BEALE RD N/B","FEATHER RIVER BLVD",70.00,S,N,A,-,N,,,,,,,,,,N,4,0,1,2,A,-,07,21658,A,N,B,C,A,A,H,-,A,A,0,,,,,Y,,A,07,0,0,1,0,0,0,0,0,0,"- ","- ",39.125659942626953,-121.57546997070312,YUBA,UNINCORPORATED,-121.57551574707031,39.125652313232422
91503837,2021,2021-06-23,9285,2021-06-13,0040,020070,,7,3,9,5800,0,3,5,,1,002,"OLIVEHURST AVE","13TH STREET",125.00,N,N,A,-,N,,,,,,,,,,Y,3,0,1,2,A,-,08,22107,,N,C,E,A,A,H,-,C,D,0,,,Y,,Y,Y,C,02,0,1,0,0,0,0,0,0,1,"- ","- ",39.084861755371094,-121.55184173583984,YUBA,UNINCORPORATED,-121.55186462402344,39.08477783203125
91505974,2021,2021-06-24,9285,2021-06-20,0440,020070,,7,3,9,5800,0,2,4,,2,025,"SR-65 SOUTHBOUND","MORRISON RD",2500.00,N,N,A,-,Y,,,65,,,,,,S,Y,4,0,2,2,A,-,03,22350,,N,C,C,A,A,H,-,D,D,0,,,,,Y,,A,01,0,0,2,0,0,0,0,0,0,"- ","- ",39.044639587402344,-121.48497009277344,YUBA,UNINCORPORATED,-121.48493194580078,39.044692993164062
91506600,2021,2021-06-25,9285,2021-06-22,0124,018636,,2,3,9,5800,0,1,3,,1,062,SR-20,"PLANTZ RD",6864.00,W,N,A,-,Y,,,20,,,,,,,Y,4,0,1,1,C,-,18,,,N,E,H,A,A,H,-,D,D,0,,,,,Y,,-,"- ",0,0,1,0,0,0,0,0,0,"- ","- ",39.166458129882812,-121.55861663818359,YUBA,UNINCORPORATED,-121.55868530273438,39.166500091552734
91506661,2021,2021-06-25,9285,2021-06-21,1510,020106,,1,2,9,5800,0,3,5,,1,002,"FEATHER RIVER BLVD.","ELLA AVENUE",845.00,N,N,A,-,N,,,,,,,,,,N,4,0,2,1,A,-,08,22107,,N,E,I,A,A,H,-,A,D,0,,,,,Y,,A,01,0,0,2,0,0,0,0,0,0,"- ","- ",39.071140289306641,-121.57879638671875,YUBA,UNINCORPORATED,-121.57889556884766,39.071659088134766