CASE_ID,ACCIDENT_YEAR,PROC_DATE,JURIS,COLLISION_DATE,COLLISION_TIME,OFFICER_ID,REPORTING_DISTRICT,DAY_OF_WEEK,CHP_SHIFT,POPULATION,CNTY_CITY_LOC,SPECIAL_COND,BEAT_TYPE,CHP_BEAT_TYPE,CITY_DIVISION_LAPD,CHP_BEAT_CLASS,BEAT_NUMBER,PRIMARY_RD,SECONDARY_RD,DISTANCE,DIRECTION,INTERSECTION,WEATHER_1,WEATHER_2,STATE_HWY_IND,CALTRANS_COUNTY,CALTRANS_DISTRICT,STATE_ROUTE,ROUTE_SUFFIX,POSTMILE_PREFIX,POSTMILE,LOCATION_TYPE,RAMP_INTERSECTION,SIDE_OF_HWY,TOW_AWAY,COLLISION_SEVERITY,NUMBER_KILLED,NUMBER_INJURED,PARTY_COUNT,PRIMARY_COLL_FACTOR,PCF_CODE_OF_VIOL,PCF_VIOL_CATEGORY,PCF_VIOLATION,PCF_VIOL_SUBSECTION,HIT_AND_RUN,TYPE_OF_COLLISION,MVIW,PED_ACTION,ROAD_SURFACE,ROAD_COND_1,ROAD_COND_2,LIGHTING,CONTROL_DEVICE,CHP_ROAD_TYPE,PEDESTRIAN_ACCIDENT,BICYCLE_ACCIDENT,MOTORCYCLE_ACCIDENT,TRUCK_ACCIDENT,NOT_PRIVATE_PROPERTY,ALCOHOL_INVOLVED,STWD_VEHTYPE_AT_FAULT,CHP_VEHTYPE_AT_FAULT,COUNT_SEVERE_INJ,COUNT_VISIBLE_INJ,COUNT_COMPLAINT_PAIN,COUNT_PED_KILLED,COUNT_PED_INJURED,COUNT_BICYCLIST_KILLED,COUNT_BICYCLIST_INJURED,COUNT_MC_KILLED,COUNT_MC_INJURED,PRIMARY_RAMP,SECONDARY_RAMP,LATITUDE,LONGITUDE,COUNTY,CITY,POINT_X,POINT_Y
92172640,2023,2023-09-18,9285,2023-09-11,"633 ",020070,,1,1,9,5800,0,2,4,,2,081,"MARYSVILLE RD","SPRING VALLEY RD",2500.00,S,N,A,-,N,,,,,,,,,,N,4,0,1,2,A,-,08,22107,,F,B,C,A,A,H,-,B,D,0,,,Y,,Y,,D,22,0,0,1,0,0,0,0,0,1,"- ","- ",39.269599914550781,-121.39362335205078,YUBA,UNINCORPORATED,-121.39387512207031,39.270393371582031
92180299,2023,2023-09-26,9285,2023-09-20,1020,020070,,3,1,9,5800,0,2,4,,1,061,"LOMA RICA ROAD","COUNTY ROAD 276",1350.00,S,N,A,-,N,,,,,,,,,,Y,2,0,1,1,A,-,08,22107,,N,E,8,A,A,H,-,A,D,0,,,,,Y,,-,"- ",1,0,0,0,0,0,0,0,0,"- ","- ",39.280429840087891,-121.47698974609375,YUBA,UNINCORPORATED,-121.47702789306641,39.2803955078125
92187540,2023,2023-10-02,9285,2023-09-22,1614,022401,,5,2,9,5800,0,3,5,,1,006,"1640 STACEY ANNE DRIVE","HELEEN BART",415.00,S,N,A,-,N,,,,,,,,,,N,4,0,1,1,A,-,01,23152,A,N,E,J,A,A,H,-,A,D,0,,,,,Y,Y,D,22,0,0,1,0,0,0,0,0,0,"- ","- ",39.230548858642578,-121.36329650878906,YUBA,UNINCORPORATED,-121.36346435546875,39.230422973632812
92189993,2023,2023-10-04,9285,2023-09-27,"535 ",021690,,3,3,9,5800,0,3,5,,1,002,"VIRGINIA RD","OSTRUM RD",0.00,,Y,A,-,N,,,,,,,,,,Y,3,0,1,1,A,-,01,23152,A,N,E,I,A,A,H,-,D,A,0,,,,,Y,Y,A,01,0,1,0,0,0,0,0,0,0,"- ","- ",39.070968627929688,-121.48699951171875,YUBA,UNINCORPORATED,-121.48696899414062,39.071006774902344
92194099,2023,2023-10-09,9285,2023-09-28,1735,022401,,4,2,9,5800,0,1,3,,1,062,"SR-20 WESTBOUND","HAMMONTON SMARTVILLE RD",0.00,,Y,A,-,Y,YUB,,20," ",R,21.109,H,,L,N,4,0,1,2,D,-,00,,,N,B,C,A,A,H,-,A,A,0,,,,Y,Y,Y,-,"- ",0,0,1,0,0,0,0,0,0,"- ","- ",39.202098846435547,-121.28704071044922,YUBA,UNINCORPORATED,-121.28706359863281,39.202205657958984
92194212,2023,2023-10-09,9285,2023-10-01,"155 ",022294,,7,3,9,5800,0,2,4,,1,042,"HAMMONTON SMARTVILLE RD","NORTH BEALE RD",500.00,N,N,A,-,N,,,,,,,,,,Y,3,0,2,1,A,-,08,22107,,N,E,I,A,A,H,-,A,D,0,,,,,Y,,A,01,0,1,1,0,0,0,0,0,0,"- ","- ",39.129230499267578,-121.55438995361328,YUBA,UNINCORPORATED,-121.55467987060547,39.128795623779297
92194695,2023,2023-10-09,9285,2023-09-29,1610,022534,,5,2,9,5800,0,3,5,,1,006,"SCOTT GRANT ROAD","BEACON LN (PRIVATE ROAD)",15.00,N,N,B,-,N,,,,,,,,,,Y,3,0,1,1,A,-,08,22107,,N,E,I,A,A,H,-,A,A,0,,,,,Y,,A,08,0,1,0,0,0,0,0,0,0,"- ","- ",39.320259094238281,-121.37722015380859,YUBA,UNINCORPORATED,-121.377251,39.320211999999998
92196383,2023,2023-10-11,9285,2023-10-05,1433,021068,,4,2,9,5800,0,3,5,,1,004,"LINDHURST AVE","ERLE ROAD",961.00,N,N,A,-,N,,,,,,,,,,N,4,0,1,2,A,-,03,22350,,N,C,C,A,A,H,-,A,A,0,,,,,Y,,D,22,0,0,1,0,0,0,0,0,0,"- ","- ",39.115470886230469,-121.55985260009766,YUBA,UNINCORPORATED,-121.55992889404297,39.115604400634766
92197194,2023,2023-10-12,9285,2023-10-07,1238,018986,,6,1,9,5800,0,2,4,,2,082,"QUINCY LA PORTE ROAD","SCALES RD",3347.00,N,N,A,-,N,,,,,,,,,,N,3,0,1,1,A,-,08,22107,,N,F,A,A,A,H,-,A,D,0,,,Y,,Y,,C,02,0,1,0,0,0,0,0,0,1,"- ","- ",39.596580505371094,-121.07621002197266,YUBA,UNINCORPORATED,-121.07614898681641,39.596546173095703
92197457,2023,2023-10-12,9285,2023-10-10,"730 ",019085,,2,1,9,5800,0,3,5,,1,006,"WOODRUFF LN","ARMSTRONG RD",1795.00,E,N,B,-,N,,,,,,,,,,Y,2,0,1,1,A,-,03,22350,,N,F,A,A,A,H,-,A,A,0,,,,,Y,,A,07,1,0,0,0,0,0,0,0,0,"- ","- ",39.219749450683594,-121.578857421875,YUBA,UNINCORPORATED,-121.57937622070312,39.219703674316406
92200226,2023,2023-10-16,9285,2023-10-05,1936,022125,,4,2,9,5800,0,2,4,,1,042,"ERLE RD","EDGEWATER CIR",150.00,W,N,A,-,N,,,,,,,,,,N,4,0,1,2,A,-,09,21801,A,N,B,C,A,A,H,-,C,D,0,,,,,Y,,A,01,0,0,1,0,0,0,0,0,0,"- ","- ",39.113391876220703,-121.55499267578125,YUBA,UNINCORPORATED,-121.55487060546875,39.113338470458984
92202113,2023,2023-10-18,9285,2023-10-05,"145 ",021690,,4,3,9,5800,0,3,5,,1,006,"JACK SLOUGH RD","KIMBALL LN",1120.00,S,N,A,-,N,,,,,,,,,,Y,2,0,1,1,A,-,03,22350,,N,E,I,A,A,H,-,D,D,0,,,Y,,Y,,C,02,1,0,0,0,0,0,0,0,1,"- ","- ",39.176628112792969,-121.57286834716797,YUBA,UNINCORPORATED,-121.5728759765625,39.176658630371094
92202336,2023,2023-10-18,9285,2023-10-10,1905,021567,,2,2,9,5800,0,1,3,,1,062,SR-20,"WOODRUFF LN",0.00,,Y,B,C,Y,YUB,,20," ",R,7.764,H,,R,Y,4,0,1,2,A,-,09,21802,A,N,D,C,A,B,H,-,A,A,0,,,,,Y,,D,22,0,0,1,0,0,0,0,0,0,"- ","- ",39.213298797607422,-121.51290130615234,YUBA,UNINCORPORATED,-121.5128173828125,39.213230133056641
92202497,2023,2023-10-18,9285,2023-10-11,"700 ",018291,,3,1,9,5800,0,3,5,,1,004,"DANTONI RD.","SIMPSON DANTONI RD",75.00,S,N,B,-,N,,,,,,,,,,N,3,0,2,1,A,-,03,22350,,N,E,I,A,A,H,-,D,D,0,,,,,Y,,A,01,0,2,0,0,0,0,0,0,0,"- ","- ",39.142391204833984,-121.53295135498047,YUBA,UNINCORPORATED,-121.53298187255859,39.142612457275391
92204593,2023,2023-10-20,9285,2023-10-16,1428,021154,,1,2,9,5800,0,1,3,,1,060,"SR-70 S/B","BETTENCOURT LN",487.00,N,N,B,-,Y,YUB,,70," "," ",19.301,H,,L,Y,3,0,1,2,A,-,03,22350,,N,C,C,A,A,D,-,A,D,0,,,,,Y,,A,01,0,1,0,0,0,0,0,0,0,"- ","- ",39.2139892578125,-121.59915924072266,YUBA,UNINCORPORATED,-121.59918975830078,39.213981628417969
92221651,2023,2023-10-27,9285,2023-10-21,1601,020520,,6,2,9,5800,0,1,3,,1,062,"WOODRUFF LANE",SR-20,0.00,,Y,A,-,Y,YUB,,20," ",R,7.766,H,,L,Y,3,0,2,2,A,-,09,21802,A,N,D,C,A,A,H,-,A,A,0,,,,,Y,,A,01,0,2,0,0,0,0,0,0,0,"- ","- ",39.213298797607422,-121.51284790039062,YUBA,UNINCORPORATED,-121.51289367675781,39.213336944580078
92224358,2023,2023-10-31,9285,2023-10-24,1830,021154,,2,2,9,5800,0,3,5,,1,002,"LINKS PKWY","PLUMAS ARBOGA RD",0.00,,Y,A,-,N,,,,,,,,,,Y,3,0,1,2,A,-,09,21802,A,N,D,C,A,A,H,-,C,A,0,,,,,Y,,A,07,0,1,0,0,0,0,0,0,0,"- ","- ",39.055049896240234,-121.56952667236328,YUBA,UNINCORPORATED,-121.56954193115234,39.055023193359375
92224394,2023,2023-10-31,9285,2023-10-23,2031,018986,,1,2,9,5800,0,2,4,,1,022,"MCGOWEN PRKY","DONALD DR",670.00,W,N,A,-,N,,,,,,,,,,Y,4,0,1,2,A,-,03,22350,,N,B,C,A,A,H,-,C,D,0,,,Y,,Y,,-,"- ",0,0,1,0,0,0,0,0,1,"- ","- ",39.077110290527344,-121.55513763427734,YUBA,UNINCORPORATED,-121.55489799999999,39.077072000000001
92225813,2023,2023-11-01,9285,2023-10-25,1738,020520,,3,2,9,5800,0,3,5,,1,002,"FORTY MILE RD","PLUMAS ARBOGA RD",0.00,,Y,B,-,N,,,,,,,,,,Y,4,0,2,2,A,-,09,21802,A,N,D,C,A,B,H,-,A,A,0,,,,,Y,,A,01,0,0,2,0,0,0,0,0,0,"- ","- ",39.030078887939453,-121.51583862304688,YUBA,UNINCORPORATED,-121.51586151123047,39.030101776123047
92229090,2023,2023-11-06,9230,2023-10-24,"910 ",019235,,2,1,9,5800,0,1,3,,1,081,SR49,"MILL ST",5808.00,N,N,A,-,Y,YUB,,49," "," ",6.511,H,,R,N,2,0,1,3,A,-,21,22106,,N,H,4,E,A,D,-,A,D,0,Y,,,,Y,,D,22,1,0,0,0,1,0,0,0,0,"- ","- ",39.465679168701172,-121.04817962646484,YUBA,UNINCORPORATED,-121.04813385009766,39.465660095214844
92233246,2023,2023-11-13,9285,2023-11-04,1127,018291,,6,1,9,5800,0,2,4,,2,025,"SR-65 S/B","MCDEVITT DR.",270.00,N,N,A,-,Y,YUB,,65," "," ",1.283,H,,L,Y,3,0,2,2,A,-,09,21801,A,N,D,C,A,A,H,-,A,D,0,,,,,Y,,D,22,0,2,0,0,0,0,0,0,0,"- ","- ",39.014728546142578,-121.43177795410156,YUBA,UNINCORPORATED,-121.43177032470703,39.014739990234375
92233497,2023,2023-11-13,9285,2023-11-02,"650 ",017393,,4,1,9,5800,0,2,4,,2,081,"MARYSVILLE ROAD","TEXAS HILL ROAD",215.00,E,N,A,-,N,,,,,,,,,,Y,2,0,1,2,C,-,18,,,N,E,H,A,A,H,-,D,D,0,,,,,Y,,-,"- ",1,0,0,0,0,0,0,0,0,"- ","- ",39.363731384277344,-121.2518310546875,YUBA,UNINCORPORATED,-121.251708984375,39.363746643066406
92233540,2023,2023-11-13,9285,2023-11-08,2340,022401,,3,3,9,5800,0,3,5,,1,002,"RIVER BANKS DRIVE","NEWCASTLE WAY",120.00,E,N,A,-,Y,,,,,,,,,,Y,4,0,1,1,A,-,08,22107,,N,E,J,A,A,H,-,C,D,0,,,,,Y,,A,01,0,0,1,0,0,0,0,0,0,"- ","- ",39.115139007568359,-121.54383087158203,YUBA,UNINCORPORATED,-121.54388427734375,39.115211486816406
92234046,2023,2023-11-13,9285,2023-11-08,"430 ",021690,,3,3,9,5800,0,2,4,,1,061,"LOMA RICA","IOWA CITY RD",1000.00,S,N,A,-,N,,,,,,,,,,N,4,0,1,1,C,-,18,,,N,E,H,A,A,H,-,D,D,0,,,,,Y,,-,"- ",0,0,1,0,0,0,0,0,0,"- ","- ",39.285648345947266,-121.47238922119141,YUBA,UNINCORPORATED,-121.47218322753906,39.285778045654297
92235467,2023,2023-11-14,9285,2023-11-02,1335,019223,,4,1,9,5800,0,2,4,,1,041,"NORTH BEALE RD","PRIVATE DRIVE",0.00,,Y,A,-,N,,,,,,,,,,N,3,0,1,2,A,-,05,21650,,N,D,G,A,A,H,-,A,A,0,,Y,,,Y,,L,04,0,1,0,0,0,0,1,0,0,"- ","- ",39.125370025634766,-121.57302856445312,YUBA,UNINCORPORATED,,
92238844,2023,2023-11-17,9285,2023-11-10,"625 ",021328,,5,1,9,5800,0,2,4,,1,042,"HAMMONTON SMARTVILLE RD","HAMMONTON RD",70.00,W,N,A,-,N,,,,,,,,,,Y,3,0,1,2,A,-,08,22107,,N,B,C,A,A,H,-,B,D,0,,,,Y,Y,,A,01,0,1,0,0,0,0,0,0,0,"- ","- ",39.165290832519531,-121.45197296142578,YUBA,UNINCORPORATED,-121.56916809082031,39.120010375976562
92239109,2023,2023-11-17,9285,2023-11-10,1140,021328,,5,1,9,5800,0,2,4,,1,061,"LOMA RICA RD.","BONANZA WAY",285.00,W,N,A,-,N,,,,,,,,,,Y,3,0,2,2,A,-,05,21460,A,N,A,C,A,A,H,-,A,D,0,,,,,Y,,A,07,0,1,1,0,0,0,0,0,0,"- ","- ",39.313220977783203,-121.40728759765625,YUBA,UNINCORPORATED,-121.40715789794922,39.313209533691406
92240753,2023,2023-11-20,9285,2023-11-19,2124,021068,,7,2,9,5800,0,2,4,,1,022,"ARBOGA RD","9TH AVENUE",650.00,S,N,A,-,N,,,,,,,,,,N,4,0,1,1,A,-,01,23152,A,N,E,I,A,A,H,-,D,D,0,,,,,Y,Y,A,01,0,0,1,0,0,0,0,0,0,"- ","- ",39.0902099609375,-121.56101226806641,YUBA,UNINCORPORATED,-121.56095886230469,39.090045928955078
92241475,2023,2023-11-21,9285,2023-11-16,1150,022917,,4,1,9,5800,0,1,3,,1,020,"SR-70 S/B OFF RAMP","ERLE RD",0.00,,Y,A,-,Y,,,,,,,,,,N,4,0,1,2,A,-,10,21950,A,N,G,B,B,A,H,-,A,D,0,Y,,,,Y,,D,22,0,0,1,0,1,0,0,0,0,"- ","- ",39.113300323486328,-121.56062316894531,YUBA,UNINCORPORATED,-121.560518,39.113168999999999
92251877,2023,2023-12-04,9285,2023-11-25,1436,022125,,6,2,9,5800,0,3,5,,1,002,"LEVEE RD","COUNTRY CLUB RD",245.00,S,N,A,-,N,,,,,,,,,,N,3,0,1,1,A,-,08,22107,,N,F,A,A,A,H,-,A,D,0,,,Y,,Y,,C,02,0,1,0,0,0,0,0,0,1,"- ","- ",39.032360076904297,-121.60075378417969,YUBA,UNINCORPORATED,-121.60090637207031,39.032398223876953
92253305,2023,2024-05-21,9285,2023-11-25,1310,020070,,6,1,9,5800,0,1,3,,1,060,"STATE ROUTE 70","SADDLEBACK DRIVE",0.00,,Y,A,-,Y,YUB,,70," "," ",17.589,H,,R,Y,1,1,0,1,A,-,03,22350,,N,F,A,A,A,D,-,A,D,0,,,Y,,Y,,C,02,0,0,0,0,0,0,0,1,0,"- ","- ",39.189449310302734,-121.59449768066406,YUBA,UNINCORPORATED,-121.59454345703125,39.189441680908203
92253764,2023,2023-12-06,9285,2023-12-01,1606,021068,,5,2,9,5800,0,3,5,,1,004,"EDGEWATER CIRCLE","RUPERT AVENUE",234.00,N,N,A,-,N,,,,,,,,,,N,4,0,1,1,A,-,01,23152,F,N,E,J,A,A,H,-,A,D,0,,,,,Y,Y,D,22,0,0,1,0,0,0,0,0,0,"- ","- ",39.116359710693359,-121.55429077148438,YUBA,UNINCORPORATED,-121.55433654785156,39.116241455078125
92255913,2023,2023-12-07,9285,2023-12-03,"944 ",021328,,7,1,9,5800,0,3,5,,1,002,"SPENCEVILLE RD","BOYD LN",5045.00,E,N,B,-,N,,,,,,,,,,Y,2,0,2,2,A,-,08,22107,,N,A,C,A,A,H,-,A,D,0,,,,,Y,,A,01,1,1,0,0,0,0,0,0,0,"- ","- ",39.038860321044922,-121.38604736328125,YUBA,UNINCORPORATED,-121.38600921630859,39.038887023925781
92257325,2023,2023-12-08,9285,2023-11-30,1206,018291,,4,1,9,5800,0,3,5,,1,004,"GRIFFITH AVE.","TIPTOE LN.",0.00,,Y,A,-,N,,,,,,,,,,N,3,0,3,2,A,-,08,22107,,N,A,C,A,A,H,-,A,D,0,,,,,Y,,A,01,0,3,0,0,0,0,0,0,0,"- ","- ",39.133838653564453,-121.52371215820312,YUBA,UNINCORPORATED,-121.52362060546875,39.133853912353516
92258390,2023,2023-12-11,9285,2023-12-04,1355,022294,,1,1,9,5800,0,3,5,,1,004,"SPENCEVILLE RD","LONG RAVINE RD",3854.00,N,N,A,-,N,,,,,,,,,,Y,2,0,1,2,A,-,03,22350,,N,B,C,A,A,B,-,A,D,0,,,Y,,Y,,D,22,1,0,0,0,0,0,0,0,1,"- ","- ",39.107040405273438,-121.28959655761719,YUBA,UNINCORPORATED,,
92258624,2023,2023-12-11,9285,2023-12-04,1900,022294,,1,2,9,5800,0,1,3,,1,020,"SR-70 NORTHBOUND","OLIVEHURST AVE",1901.00,S,N,A,-,Y,YUB,,70," ",R,8.917,H,,R,Y,4,0,1,1,A,-,01,23152,A,N,E,I,A,A,H,-,D,D,0,,,,,Y,Y,A,01,0,0,1,0,0,0,0,0,0,"- ","- ",39.098888397216797,-121.54573059082031,YUBA,UNINCORPORATED,-121.54581451416016,39.098846435546875
92258987,2023,2023-12-11,9285,2023-12-06,1353,020520,,3,1,9,5800,0,1,3,,1,020,"SR-70 N/B FROM PLUMAS LAKE BLVD","PLUMAS LAKE BLVD",255.00,S,N,B,C,Y,YUB,,70," ",R,3.422,H,,R,Y,3,0,1,1,A,-,08,22107,,N,F,A,A,B,H,-,A,D,0,,,,,Y,,D,22,0,1,0,0,0,0,0,0,0,"- ","- ",39.021629333496094,-121.54634094238281,YUBA,UNINCORPORATED,-121.54647064208984,39.021598815917969
92260001,2023,2023-12-12,9285,2023-12-07,"125 ",022534,,4,3,9,5800,0,3,5,,1,004,"SIMPSON LANE","SIMPSON DANTONI RD",405.00,N,N,B,-,N,,,,,,,,,,Y,3,0,1,1,A,-,01,23152,A,M,E,I,A,B,H,-,C,A,0,,,,,Y,Y,D,22,0,1,0,0,0,0,0,0,0,"- ","- ",39.136711120605469,-121.55316162109375,YUBA,UNINCORPORATED,-121.55305480957031,39.136569976806641
92261819,2023,2023-12-14,9285,2023-12-08,1625,023561,,5,2,9,5800,0,1,S,,2,904,"SR-70 E/B","ERLE RD",1584.00,E,N,A,-,Y,YUB,,70," ",R,9.830,H,,R,Y,4,0,3,2,A,-,03,22350,,N,C,C,A,A,H,-,A,D,0,,,,,Y,,A,01,0,0,3,0,0,0,0,0,0,"- ","- ",39.109249114990234,-121.55600738525391,YUBA,UNINCORPORATED,-121.55601501464844,39.109249114990234
92261827,2023,2023-12-14,9285,2023-12-12,1750,022320,,2,2,9,5800,0,2,4,,1,022,"OLIVEHURST AVENUE","LINDHURST AVENUE",157.00,W,N,A,-,N,,,,,,,,,,N,4,0,1,3,A,-,03,22350,,N,C,2,A,A,H,-,D,A,0,,,,,Y,,A,01,0,0,1,0,0,0,0,0,0,"- ","- ",39.103130340576172,-121.55029296875,YUBA,UNINCORPORATED,-121.55022430419922,39.103221893310547
92261937,2023,2023-12-14,9285,2023-12-07,"750 ",018876,,4,1,9,5800,0,3,5,,1,002,"CIMARRON DR.","MADISON CT.",0.00,,Y,B,-,N,,,,,,,,,,N,4,0,1,2,A,-,09,21802,A,N,D,G,A,B,H,-,A,A,0,,Y,,,Y,,A,08,0,0,1,0,0,0,1,0,0,"- ","- ",38.991481781005859,-121.54765319824219,YUBA,UNINCORPORATED,-121.54753112792969,38.991500854492188
92266078,2023,2023-12-19,9285,2023-12-18,"445 ",022401,,1,3,9,5800,0,3,5,,1,002,"SR-65 SOUTHBOUND","OAKLEY LANE",10.00,S,N,B,C,Y,YUB,,65," "," ",3.448,H,,L,N,4,0,1,1,A,-,08,22107,,N,E,I,A,B,H,-,D,D,0,,,,,Y,,A,01,0,0,1,0,0,0,0,0,0,"- ","- ",39.034381866455078,-121.46266937255859,YUBA,UNINCORPORATED,-121.46258544921875,39.034454345703125
92268428,2023,2023-12-21,9285,2023-12-19,1852,022320,,2,2,9,5800,0,2,4,,2,025,"STATE ROUTE 65","FORTY MILE ROAD",2112.00,S,N,C,-,Y,YUB,,65," ",R,6.469,H,,R,N,2,0,1,2,C,-,18,,,N,G,B,E,B,H,-,D,D,0,Y,,,,Y,,-,"- ",1,0,0,0,1,0,0,0,0,"- ","- ",39.061199188232422,-121.50821685791016,YUBA,UNINCORPORATED,-121.50822448730469,39.061195373535156
92269214,2023,2023-12-22,9285,2023-11-03,2149,020520,,5,2,9,5800,0,2,4,,2,021,"FEATHER RIVER BOULEVARD","MYRNA AVENUE",1690.00,S,N,A,-,N,,,,,,,,,,Y,1,1,0,2,A,-,11,21954,A,N,G,B,D,A,H,-,D,D,0,Y,,,,Y,,N,60,0,0,0,1,0,0,0,0,0,"- ","- ",39.0968017578125,-121.57893371582031,YUBA,UNINCORPORATED,-121.57882690429688,39.096885681152344
92272050,2023,2023-12-27,9285,2023-12-20,"825 ",018291,,3,1,9,5800,0,2,4,,1,041,"N. BEALE RD.","LOWE AVE.",0.00,,Y,B,-,N,,,,,,,,,,Y,3,0,1,1,A,-,08,22107,,N,E,I,A,B,H,-,A,D,0,,,,,Y,,A,01,0,1,0,0,0,0,0,0,0,"- ","- ",39.127521514892578,-121.56105041503906,YUBA,UNINCORPORATED,-121.56114959716797,39.127498626708984
92274891,2023,2023-12-29,9285,2023-12-21,1500,017393,,4,2,9,5800,0,2,4,,2,081,"WILLOW GLEN ROAD","NEPTUNE DRIVE",900.00,N,N,A,-,N,,,,,,,,,,Y,3,0,1,1,A,-,08,22107,,N,E,I,A,A,H,-,A,D,0,,,,,Y,,A,01,0,1,0,0,0,0,0,0,0,"- ","- ",39.365718841552734,-121.32256317138672,YUBA,UNINCORPORATED,-121.32235717773438,39.365974426269531
92275012,2023,2024-01-25,9285,2023-12-27,2210,021012,,3,3,9,5800,0,2,4,,1,061,"LOMA RICA RD","IOWA CITY RD",3221.00,N,N,C,-,N,,,,,,,,,,Y,4,0,1,1,A,-,08,22107,,N,F,0,A,B,H,-,D,D,0,,,,,Y,,A,01,0,0,1,0,0,0,0,0,0,"- ","- ",39.294429779052734,-121.46234130859375,YUBA,UNINCORPORATED,-121.4622802734375,39.294403076171875
92275823,2023,2024-01-03,9285,2023-12-29,1750,021068,,5,2,9,5800,0,2,4,,1,022,"MCGOWAN PARKWAY","NB SR-70 ON RAMP",0.00,,Y,B,-,N,,,,,,,,,,Y,4,0,1,2,A,-,09,21801,A,N,A,C,A,A,H,-,C,D,0,,,,,Y,,D,22,0,0,1,0,0,0,0,0,0,"- ","- ",39.077369689941406,-121.54064178466797,YUBA,UNINCORPORATED,-121.54059100000001,39.077314999999999
9227670,2021,2021-03-19,5801,2021-02-28,1014,326,"YUBA ",7,5,3,5801,0,0,0,,0,5108,"B ST","11TH ST",0.00,,Y,A,-,Y,YUB,3,20,-,-,1.410,H,-,W,Y,4,0,1,3,A,-,03,22350,,N,C,C,A,A,H,-,A,A,0,,,,,Y,,A,07,0,0,1,0,0,0,0,0,0,"- ","- ",,,YUBA,MARYSVILLE,-121.58687591552734,39.146999359130859
92281112,2024,2024-01-08,9285,2024-01-02,"958 ",018986,,2,1,9,5800,0,3,5,,1,008,"FRENCHTOWN RD","PEPPERTREE LN",480.00,S,N,B,-,N,,,,,,,,,,Y,3,0,1,1,A,-,08,22107,,N,E,8,A,A,H,-,A,D,0,,,,,Y,,D,22,0,1,0,0,0,0,0,0,0,"- ","- ",39.391819000244141,-121.25940704345703,YUBA,UNINCORPORATED,-121.25932312011719,39.391510009765625
92283708,2024,2024-01-10,9285,2024-01-02,1800,022534,,2,2,9,5800,0,3,5,,1,002,"STATE ROUTE 70","FEATHER RIVER BOULEVARD SOUTH",2025.00,S,N,C,-,Y,,,,,,,,,,N,4,0,1,1,A,-,03,22350,,N,E,I,A,B,H,-,C,A,0,,,,,Y,,A,01,0,0,1,0,0,0,0,0,0,"- ","- ",39.972671508789062,-121.54306793212891,YUBA,UNINCORPORATED,-121.57143402099609,39.121116638183594
92283941,2024,2024-01-10,9285,2024-01-03,1000,019139,,3,1,9,5800,0,3,5,,1,002,"CAMP FAR WEST RD","WINTUN WAY",1650.00,S,N,B,C,N,,,,,,,,,,N,4,0,1,1,A,-,08,22107,,N,F,I,A,B,H,-,A,D,0,,,,,Y,,D,22,0,0,1,0,0,0,0,0,0,"- ","- ",39.047779083251953,-121.33493041992188,YUBA,UNINCORPORATED,-121.3448486328125,39.050445556640625
92288224,2024,2024-01-16,9285,2024-01-09,"420 ",022125,,2,3,9,5800,0,3,5,,1,002,"WHEATLAND RD","FORTY MILE RD",3168.00,E,N,A,-,N,,,,,,,,,,Y,3,0,1,1,A,-,08,22107,,N,E,I,A,A,H,-,C,D,0,,,,,Y,,A,01,0,1,0,0,0,0,0,0,0,"- ","- ",38.992111206054688,-121.47765350341797,YUBA,UNINCORPORATED,-121.47873687744141,38.992595672607422
92296124,2024,2024-01-24,9285,2024-01-14,1715,021599,,7,2,9,5800,0,3,5,,1,002,"CHESTNUT ROAD (5200 BLOCK)","CHARLOTTE CT.",11.00,N,N,A,-,N,,,,,,,,,,N,3,0,1,2,A,-,08,22107,,F,C,G,A,A,H,-,C,D,0,,Y,,,Y,,A,01,0,1,0,0,0,0,1,0,0,"- ","- ",39.103378295898438,-121.55222320556641,YUBA,UNINCORPORATED,-121.55220031738281,39.103256225585938
9229759,2021,2021-03-27,5801,2021-02-09,2500,328,,2,5,3,5801,0,0,0,,0,,"J ST","LIGHT POLE 459",0.00,,Y,A,-,N,,,,,,,,,,Y,2,0,1,1,A,-,00,22650,,N,G,E,A,A,H,-,A,D,0,,,,,Y,,A,01,1,0,0,0,0,0,0,0,0,"- ","- ",,,YUBA,MARYSVILLE,,
92298228,2024,2024-01-26,9285,2024-01-22,1425,022401,,1,2,9,5800,0,3,5,,1,004,"N BEALE ROAD","AVONDALE AVE",0.00,,Y,B,C,Y,,,,,,,,,,N,4,0,1,3,A,-,09,21801,A,N,D,C,A,B,H,-,A,D,0,,,,,Y,,A,01,0,0,1,0,0,0,0,0,0,"- ","- ",39.126178741455078,-121.56730651855469,YUBA,UNINCORPORATED,-121.56723022460938,39.126132965087891