CASE_ID,ACCIDENT_YEAR,PROC_DATE,JURIS,COLLISION_DATE,COLLISION_TIME,OFFICER_ID,REPORTING_DISTRICT,DAY_OF_WEEK,CHP_SHIFT,POPULATION,CNTY_CITY_LOC,SPECIAL_COND,BEAT_TYPE,CHP_BEAT_TYPE,CITY_DIVISION_LAPD,CHP_BEAT_CLASS,BEAT_NUMBER,PRIMARY_RD,SECONDARY_RD,DISTANCE,DIRECTION,INTERSECTION,WEATHER_1,WEATHER_2,STATE_HWY_IND,CALTRANS_COUNTY,CALTRANS_DISTRICT,STATE_ROUTE,ROUTE_SUFFIX,POSTMILE_PREFIX,POSTMILE,LOCATION_TYPE,RAMP_INTERSECTION,SIDE_OF_HWY,TOW_AWAY,COLLISION_SEVERITY,NUMBER_KILLED,NUMBER_INJURED,PARTY_COUNT,PRIMARY_COLL_FACTOR,PCF_CODE_OF_VIOL,PCF_VIOL_CATEGORY,PCF_VIOLATION,PCF_VIOL_SUBSECTION,HIT_AND_RUN,TYPE_OF_COLLISION,MVIW,PED_ACTION,ROAD_SURFACE,ROAD_COND_1,ROAD_COND_2,LIGHTING,CONTROL_DEVICE,CHP_ROAD_TYPE,PEDESTRIAN_ACCIDENT,BICYCLE_ACCIDENT,MOTORCYCLE_ACCIDENT,TRUCK_ACCIDENT,NOT_PRIVATE_PROPERTY,ALCOHOL_INVOLVED,STWD_VEHTYPE_AT_FAULT,CHP_VEHTYPE_AT_FAULT,COUNT_SEVERE_INJ,COUNT_VISIBLE_INJ,COUNT_COMPLAINT_PAIN,COUNT_PED_KILLED,COUNT_PED_INJURED,COUNT_BICYCLIST_KILLED,COUNT_BICYCLIST_INJURED,COUNT_MC_KILLED,COUNT_MC_INJURED,PRIMARY_RAMP,SECONDARY_RAMP,LATITUDE,LONGITUDE,COUNTY,CITY,POINT_X,POINT_Y
92425327,2024,2024-06-27,9285,2024-06-26,"555 ",019085,,3,3,9,5800,0,2,4,,1,061,"MARYSVILLE RD","KENMIR RANCH",200.00,S,N,B,-,N,,,,,,,,,,Y,4,0,1,1,C,-,18,,,N,E,H,A,A,H,-,A,D,0,,,Y,,Y,,-,"- ",0,0,1,0,0,0,0,0,1,"- ","- ",39.291149139404297,-121.38533782958984,YUBA,UNINCORPORATED,-121.38526153564453,39.291210174560547
9242689,2021,2021-04-22,5801,2021-03-19,0650,321,2801,5,5,3,5801,0,0,0,,0,,"B ST","15TH ST",112.00,S,N,B,-,Y,YUB,3,70,-,-,41.910,H,-,E,Y,4,0,1,2,A,-,03,22350,,N,C,C,A,B,H,-,B,A,0,,,,,Y,,A,01,0,0,1,0,0,0,0,0,0,"- ","- ",,,YUBA,MARYSVILLE,-121.58751678466797,39.151416778564453
92427712,2024,2024-07-01,9285,2024-06-26,2118,021068,,3,2,9,5800,0,3,5,,1,006,"WOODRUFF LN","JACK SLOUGH RD",1584.00,N,N,A,-,N,,,,,,,,,,N,3,0,1,1,A,-,03,22350,,N,E,I,A,A,H,-,D,D,0,,,,,Y,,A,01,0,1,0,0,0,0,0,0,0,"- ","- ",39.22003173828125,-121.55792999267578,YUBA,UNINCORPORATED,-121.55765533447266,39.218818664550781
92433767,2024,2024-07-09,9285,2024-06-20,"30  ",021599,,4,3,9,5800,0,3,5,,1,004,"GOLDFIELDS PARKWAY","ERLE ROAD",28.00,S,N,A,-,N,,,,,,,,,,Y,2,0,2,1,A,-,01,23152,A,N,E,I,A,A,H,-,C,A,0,,,,,Y,Y,A,07,2,0,0,0,0,0,0,0,0,"- ","- ",39.113639831542969,-121.53421020507812,YUBA,UNINCORPORATED,-121.5340576171875,39.113719940185547
92436005,2024,2024-07-11,9285,2024-07-01,1845,022534,,1,2,9,5800,0,3,5,,1,002,"ALICIA AVE","TISH CIRCLE",115.00,S,N,A,-,N,,,,,,,,,,N,4,0,1,2,A,-,05,21650,,M,A,G,A,A,H,-,A,D,0,,Y,,,Y,,L,04,0,0,1,0,0,0,1,0,0,"- ","- ",39.117969512939453,-121.57855224609375,YUBA,UNINCORPORATED,-121.57955932617188,39.118663787841797
92437606,2024,2024-08-14,9285,2024-07-04,1540,018291,,4,2,9,5800,0,3,5,,1,004,"AVONDALE AVE.","N. BEALE RD.",0.00,,Y,A,-,Y,,,,,,,,,,Y,2,0,3,2,A,-,09,21802,A,N,D,C,A,A,H,-,A,A,0,,,,,Y,,A,01,1,2,0,0,0,0,0,0,0,"- ","- ",39.126110076904297,-121.56719970703125,YUBA,UNINCORPORATED,-121.56723022460938,39.126132965087891
92439145,2024,2024-07-15,9285,2024-07-07,1030,021690,,7,1,9,5800,0,3,5,,1,008,"LA PORTE RD","CHALLENGE CUT OFF RD",1100.00,S,N,A,-,N,,,,,,,,,,N,2,0,1,1,A,-,03,22350,,N,F,A,A,A,H,-,A,D,0,,,Y,,Y,,C,02,1,0,0,0,0,0,0,0,1,"- ","- ",39.481529235839844,-121.24810791015625,YUBA,UNINCORPORATED,-121.24176788330078,39.482894897460938
92439564,2024,2024-07-15,9285,2024-07-07,1643,021860,,7,2,9,5800,0,1,3,,1,020,"SR-70 S/B","FEATHER RIVER BOULEVARD",1500.00,N,N,A,-,Y,YUB,,70," ",R,0.698,H,,L,Y,2,0,1,1,A,-,01,23152,A,N,E,I,A,A,H,-,A,D,0,,,,,Y,Y,D,22,1,0,0,0,0,0,0,0,0,"- ","- ",38.982688903808594,-121.54332733154297,YUBA,UNINCORPORATED,-121.54325103759766,38.982688903808594
92442735,2024,2024-07-18,9285,2024-07-14,"40  ",022320,,7,3,9,5800,0,3,5,,1,008,"COLLINS LAKE ROAD","MARYSVILLE ROAD",2640.00,S,N,A,-,N,,,,,,,,,,Y,3,0,1,1,A,-,01,23152,A,N,E,I,A,A,H,-,D,D,0,,,,,Y,Y,A,01,0,1,0,0,0,0,0,0,0,"- ","- ",39.338420867919922,-121.32852172851562,YUBA,UNINCORPORATED,-121.32872009277344,39.339130401611328
92443693,2024,2024-07-19,9230,2024-07-16,"250 ",019235,,2,3,9,5800,0,1,3,,1,091,SR-49,"CLEVELAND AVENUE",220.00,S,N,A,-,Y,YUB,,49," "," ",5.193,H,,R,Y,3,0,1,1,A,-,03,22350,,N,E,I,A,A,C,-,D,D,0,,,,,Y,,D,22,0,1,0,0,0,0,0,0,0,"- ","- ",39.452968597412109,-121.05232238769531,YUBA,UNINCORPORATED,-121.05228424072266,39.452964782714844
9260000,2021,2021-06-07,5801,2021-05-02,1651,327,5801,7,5,3,5801,0,0,0,,0,,"F ST","4TH ST",139.00,S,N,A,-,N,,,,,,,,,,Y,3,0,2,2,A,-,09,21801,,N,D,C,A,A,H,-,A,A,0,,,Y,,Y,,A,01,0,1,1,0,0,0,0,0,1,"- ","- ",,,YUBA,MARYSVILLE,-121.59182739257812,39.138561248779297
9261155,2021,2021-05-05,5801,2021-04-22,2127,P217,YUBA,4,5,3,5801,0,0,0,,0,5801,"E ST","9TH ST",0.00,,Y,A,-,Y,YUB,3,20,-,-,0.989,I,5,W,N,4,0,1,1,-,-,"- ",,,N,G,B,A,A,H,-,C,A,0,,,,,Y,,-,"- ",0,0,1,0,0,0,0,0,0,"- ","- ",,,YUBA,MARYSVILLE,-121.59130096435547,39.145423889160156
9280127,2021,2021-06-18,5801,2021-05-30,1639,P217,YUBAC,7,5,3,5801,0,0,0,,0,5801,"10TH ST","CHESTNUT ST",0.00,,Y,A,-,Y,YUB,3,20,-,-,1.320,I,6,E,Y,4,0,1,2,A,-,12,22450,,N,B,C,A,A,H,-,A,A,0,,,,,Y,,A,01,0,0,1,0,0,0,0,0,0,"- ","- ",,,YUBA,MARYSVILLE,-121.58671569824219,39.145458221435547
9287416,2021,2021-07-20,5801,2021-06-20,1826,311,,7,5,3,5801,0,0,0,,0,,"10TH ST","I ST",2100.00,W,N,A,-,Y,YUB,3,20,-,-,0.360,H,-,E,Y,3,0,2,2,A,-,07,21658,,N,B,C,A,A,H,-,A,D,0,,,,,Y,,A,01,0,1,1,0,0,0,0,0,0,"- ","- ",,,YUBA,MARYSVILLE,-121.60198974609375,39.144657135009766
92898515,2024,2024-07-30,9285,2024-07-24,"610 ",020070,,3,1,9,5800,0,3,5,,1,006,"RAMIREZ ROAD","FRUITLAND ROAD",5000.00,S,N,A,-,N,,,,,,,,,,Y,3,0,1,1,A,-,08,22107,,N,E,I,A,A,H,-,A,D,0,,,,,Y,,D,22,0,1,0,0,0,0,0,0,0,"- ","- ",39.281620025634766,-121.52616119384766,YUBA,UNINCORPORATED,-121.52616119384766,39.281681060791016
92997344,2024,2024-07-31,9285,2024-07-20,"105 ",021012,,6,3,9,5800,0,1,3,,1,020,"SR-70 N/B","F STREET",1742.00,S,N,A,-,Y,YUB,,70," "," ",13.751,H,,R,N,3,0,1,2,A,-,08,22107,,F,B,B,F,A,H,-,C,D,0,Y,,,,Y,,-,99,0,1,0,0,1,0,0,0,0,"- ","- ",39.131359100341797,-121.58754730224609,YUBA,UNINCORPORATED,-121.58761596679688,39.131320953369141
9301268,2021,2021-08-24,5801,2021-07-31,1412,328,,6,5,3,5801,0,0,0,,0,,"B ST","E 11TH ST",0.00,,Y,A,-,Y,YUB,3,20,-,-,1.397,I,5,E,N,4,0,1,2,A,-,09,21801,A,N,A,C,A,A,H,-,A,D,0,,,,,Y,,A,01,0,0,1,0,0,0,0,0,0,"- ","- ",,,YUBA,MARYSVILLE,-121.58686065673828,39.146781921386719
9306016,2021,2021-09-08,5802,2021-07-29,1637,1013,5802,4,5,1,5802,0,0,0,,0,,"RT 65","BIG RIVER BR",0.00,,Y,A,-,Y,YUB,3,65,-,R,0.004,H,-,S,Y,4,0,1,2,A,-,07,21658,A,N,A,C,A,A,H,-,A,D,0,,,,Y,Y,,A,07,0,0,1,0,0,0,0,0,0,"- ","- ",,,YUBA,WHEATLAND,-121.41189575195312,39.003147125244141
93205913,2024,2024-08-01,9285,2024-07-26,"720 ",017393,,5,1,9,5800,0,3,5,,1,008,"FRENCHTOWN ROAD","SCHOENER LANE",0.00,,Y,A,-,N,,,,,,,,,,Y,4,0,1,2,A,-,09,21802,A,N,B,C,A,A,E,-,A,D,0,,,Y,,Y,,-,"- ",0,0,1,0,0,0,0,0,1,"- ","- ",39.442890167236328,-121.27561950683594,YUBA,UNINCORPORATED,-121.27546691894531,39.442852020263672
9321133,2023,2023-03-01,5801,2023-01-14,1916,,"YUBA ",6,5,3,5801,0,0,0,,0,,RT-70,"E. 18TH ST",468.00,N,N,C,G,Y,YUB,3,70,-,-,15.250,H,-,W,N,1,1,1,3,A,-,03,22350,,F,B,B,E,B,H,-,D,A,0,Y,,,Y,Y,,F,26,1,0,0,1,1,0,0,0,0,"- ","- ",,,YUBA,MARYSVILLE,-121.58834838867188,39.156360626220703
9322820,2021,2021-10-14,5801,2021-09-19,1937,329,,7,5,3,5801,0,0,0,,0,,"B ST","14TH ST",0.00,,Y,A,-,Y,YUB,3,70,-,-,14.870,I,5,E,Y,2,0,1,2,A,-,12,21453,A,N,D,C,A,A,H,-,B,A,0,,,,,Y,,M,96,1,0,0,0,0,0,0,0,0,"- ","- ",,,YUBA,MARYSVILLE,-121.58737182617188,39.150653839111328
9323557,2021,2021-10-15,5801,2021-09-11,1458,329,,6,5,3,5801,0,0,0,,0,,"B ST","12TH ST",0.00,,Y,A,-,N,,,,,,,,,,Y,3,0,1,2,A,-,09,21804,A,N,D,J,A,A,H,-,A,A,0,,,Y,,Y,,A,01,0,1,0,0,0,0,0,0,1,"- ","- ",,,YUBA,MARYSVILLE,-121.58708190917969,39.148433685302734
9324072,2021,2021-10-26,5801,2021-07-30,2244,327,,5,5,3,5801,0,0,0,,0,,"F ST","3RD ST",0.00,,Y,A,-,N,,,,,,,,,,N,2,0,1,3,A,-,00,22354,,F,G,B,E,-,H,-,C,A,0,Y,,,,Y,,N,60,1,0,0,0,1,0,0,0,0,"- ","- ",,,YUBA,MARYSVILLE,-121.59174346923828,39.137866973876953
9339514,2021,2021-10-07,5801,2021-09-10,1144,P217,,5,5,3,5801,0,0,0,,0,,"EAST 17TH ST","BUCHANAN ST",0.00,,Y,A,-,N,,,,,,,,,,Y,4,0,1,3,A,-,12,22450,,N,D,C,A,A,H,-,A,A,0,,,,,Y,,A,01,0,0,1,0,0,0,0,0,0,"- ","- ",,,YUBA,MARYSVILLE,-121.57888793945312,39.154716491699219
9339518,2021,2021-10-07,5801,2021-09-17,1058,P217,,5,5,3,5801,0,0,0,,0,,"5TH ST","H ST",0.00,,N,-,-,N,,,,,,,,,,Y,3,0,1,8,A,-,01,23152,,N,B,E,A,A,H,-,A,A,0,,,,,Y,Y,A,01,0,1,0,0,0,0,0,0,0,"- ","- ",,,YUBA,MARYSVILLE,-121.59504699707031,39.139858245849609
9349197,2021,2021-11-04,5801,2021-09-29,1331,302,YUBA,3,5,3,5801,0,0,0,,0,,"11TH ST","F ST",0.00,,Y,A,-,N,,,,,,,,,,Y,3,0,1,3,A,-,09,21802,A,N,F,E,A,A,H,-,A,D,0,,,Y,,Y,,C,02,0,1,0,0,0,0,0,0,1,"- ","- ",,,YUBA,MARYSVILLE,-121.593017578125,39.146797180175781
9359575,2021,2021-11-16,5801,2021-10-10,2243,329,,7,5,3,5801,0,0,0,,0,,"10TH ST","I ST",1000.00,W,N,A,-,Y,YUB,3,20,-,-,0.390,H,-,W,Y,3,0,1,2,A,-,08,22107,,F,B,C,A,A,H,-,C,D,0,,,Y,,Y,,D,22,0,1,0,0,0,0,0,0,1,"- ","- ",,,YUBA,MARYSVILLE,-121.60146331787109,39.144744873046875
9359616,2021,2021-11-16,5801,2021-11-03,1834,312,5801,3,5,3,5801,0,0,0,,0,,"E ST","6TH ST",0.00,,N,A,-,Y,YUB,3,70,-,-,14.460,H,-,W,Y,4,0,1,3,A,-,03,22350,,N,C,C,A,A,H,-,B,A,0,,,,,Y,,D,22,0,0,1,0,0,0,0,0,0,"- ","- ",,,YUBA,MARYSVILLE,-121.59075164794922,39.14105224609375
9367095,2021,2021-11-22,5801,2021-11-08,1733,P217,,1,5,3,5801,0,0,0,,0,,"10TH ST","H ST",0.00,,N,A,-,Y,YUB,3,20,-,-,0.675,I,5,W,Y,4,0,1,2,A,-,08,22101,D,N,D,C,A,A,H,-,C,A,0,,,,,Y,,A,07,0,0,1,0,0,0,0,0,0,"- ","- ",,,YUBA,MARYSVILLE,-121.59658813476562,39.145370483398438
9367099,2021,2021-11-22,5802,2021-11-07,1722,1009,58021,7,5,1,5802,0,0,0,,0,,"RT 65","4TH ST",0.00,,Y,A,-,Y,YUB,3,65,-,-,0.780,H,-,S,Y,4,0,2,2,A,-,03,22350,,N,C,C,A,A,H,-,B,A,0,,,,,Y,Y,A,01,0,0,2,0,0,0,0,0,0,"- ","- ",39.009479522705078,-121.42507934570312,YUBA,WHEATLAND,-121.54037475585938,39.090908050537109
9379972,2022,2022-03-23,5801,2022-01-26,1647,P217,,3,5,3,5801,0,0,0,,0,5801,"J ST","5TH ST",0.00,,Y,A,-,N,,,,,,,,,,N,3,0,1,2,A,-,05,21650,1,N,D,G,A,A,H,-,A,A,0,,Y,,,Y,,A,01,0,1,0,0,0,0,1,0,0,"- ","- ",,,YUBA,MARYSVILLE,-121.59812927246094,39.139633178710938
9379976,2022,2022-02-28,5801,2022-01-28,1512,P217,,5,5,3,5801,0,0,0,,0,5801,"RAMIREZ ST","E 15TH ST",0.00,,N,A,-,N,,,,,,,,,,N,3,0,2,2,A,-,12,22450,A,N,D,C,A,A,H,-,A,D,0,,,,,Y,,A,01,0,1,1,0,0,0,0,0,0,"- ","- ",,,YUBA,MARYSVILLE,-121.58307647705078,39.152107238769531
9387271,2021,2022-01-12,5801,2021-12-27,1315,P217,,1,5,3,5801,0,0,0,,0,5801,"B ST","17TH ST",0.00,,Y,A,-,Y,YUB,3,70,-,-,15.075,I,5,E,N,4,0,1,2,A,-,03,22350,,N,C,C,A,A,H,-,A,D,0,,,,,Y,,D,22,0,0,1,0,0,0,0,0,0,"- ","- ",,,YUBA,MARYSVILLE,-121.587890625,39.153984069824219
9396428,2022,2022-06-15,5801,2022-05-17,1201,P217,,2,5,3,5801,0,0,0,,0,5801,"5TH ST","I ST",0.00,,Y,A,-,N,,,,,,,,,,Y,4,0,1,2,A,-,09,21802,A,N,D,C,A,A,D,-,A,A,0,,,,,Y,,A,01,0,0,1,0,0,0,0,0,0,"- ","- ",,,YUBA,MARYSVILLE,-121.59654998779297,39.139720916748047
9401298,2022,2022-02-22,5801,2022-01-27,0934,P230,5801,4,5,3,5801,0,0,0,,0,,"H ST","9TH ST",0.00,,Y,A,-,N,,,,,,,,,,Y,4,0,1,2,A,-,12,22450,A,N,D,C,A,A,H,-,A,A,0,,,,,Y,,A,01,0,0,1,0,0,0,0,0,0,"- ","- ",,,YUBA,MARYSVILLE,-121.59571838378906,39.144275665283203
9407273,2022,2022-03-18,5801,2022-02-24,1718,P217,,4,5,3,5801,0,0,0,,0,5801,"EAST 10TH ST","YUBA ST",0.00,,Y,A,-,N,,,,,,,,,,N,4,0,1,2,A,-,08,22102,,N,G,G,A,A,H,-,A,D,0,,Y,,,Y,,D,22,0,0,1,0,0,0,1,0,0,"- ","- ",,,YUBA,MARYSVILLE,-121.58380889892578,39.146408081054688
9410686,2022,2022-02-16,5801,2022-01-13,1454,P217,,4,5,3,5801,0,0,0,,0,5801,"J ST","5TH ST",0.00,,Y,A,-,N,,,,,,,,,,N,4,0,1,2,A,-,10,21950,A,N,G,B,B,A,H,-,A,D,0,Y,,,,Y,,A,07,0,0,1,0,1,0,0,0,0,"- ","- ",,,YUBA,MARYSVILLE,-121.59812927246094,39.139633178710938
9411091,2022,2022-04-07,5801,2022-01-26,1742,,,3,5,3,5801,0,0,0,,0,,"3RD ST","F ST",0.00,,Y,A,-,N,,,,,,,,,,Y,4,0,1,2,A,-,17,21451,A,N,D,C,A,A,H,-,C,A,0,,,,,Y,,A,01,0,0,1,0,0,0,0,0,0,"- ","- ",,,YUBA,MARYSVILLE,-121.59174346923828,39.137866973876953
9414205,2022,2022-03-18,5801,2022-02-10,1949,P217,,4,5,3,5801,0,0,0,,0,5801,"E ST","9TH ST",0.00,,Y,A,-,Y,YUB,3,70,-,-,14.690,H,-,E,N,4,0,1,2,A,-,11,21955,,N,G,B,D,A,H,-,C,A,0,Y,,,,Y,,A,01,0,0,1,0,1,0,0,0,0,"- ","- ",,,YUBA,MARYSVILLE,-121.59108734130859,39.144535064697266
9425581,2022,2022-04-20,5802,2022-03-22,1752,604,5802,2,5,1,5802,0,0,0,,0,,"D ST","1ST ST",3.00,W,N,A,-,N,,,,,,,,,,N,3,0,2,2,A,-,03,22350,,N,C,C,A,A,H,-,A,A,0,,,,,Y,,A,01,0,1,1,0,0,0,0,0,0,"- ","- ",,,YUBA,WHEATLAND,-121.42698669433594,39.010684967041016
94269669,2024,2024-08-13,9285,2024-08-02,2047,022867,,5,2,9,5800,0,1,3,,1,060,"NB SR-70","OLD STATE HIGHWAY",317.00,S,N,A,-,Y,YUB,,70," "," ",25.416,H,,R,Y,2,0,1,1,A,-,08,22107,,N,E,I,A,A,H,-,B,D,0,,,,,Y,Y,D,22,1,0,0,0,0,0,0,0,0,"- ","- ",39.300960540771484,-121.59494781494141,YUBA,UNINCORPORATED,-121.59516143798828,39.300956726074219
9433267,2022,2022-09-01,5801,2022-07-20,1824,P231,5801,3,5,3,5801,0,0,0,,0,,"9TH ST","D ST",0.00,,N,A,-,Y,YUB,3,20,-,-,1.065,I,5,W,Y,4,0,1,2,A,-,09,21801,,N,D,C,A,A,H,-,A,A,0,,,,,Y,,A,01,0,0,1,0,0,0,0,0,0,"- ","- ",,,YUBA,MARYSVILLE,-121.58969116210938,39.144794464111328
9434649,2022,2022-05-06,5801,2022-03-01,1358,P231,,2,5,3,5801,0,0,0,,0,,"14TH ST","ELLIS LAKE DR",0.00,,Y,A,-,N,,,,,,,,,,N,4,0,1,2,A,-,03,22350,,N,C,C,A,A,H,-,A,A,0,,,,,Y,,A,08,0,0,1,0,0,0,0,0,0,"- ","- ",,,YUBA,MARYSVILLE,-121.59194946289062,39.150253295898438
94356678,2024,2024-08-16,9285,2024-08-08,2110,021860,,4,2,9,5800,0,3,5,,1,008,"CHALLENGE CUTOFF RD","SLATE RD",900.00,S,N,A,-,N,,,,,,,,,,Y,2,0,1,1,A,-,08,22107,,N,E,I,A,A,H,-,D,D,0,,,Y,,Y,,C,02,1,0,0,0,0,0,0,0,1,"- ","- ",39.488819122314453,-121.24421691894531,YUBA,UNINCORPORATED,-121.24463653564453,39.488376617431641
94360374,2024,2024-08-19,9285,2024-08-12,1550,021154,,1,2,9,5800,0,1,3,,1,020,"SR-70 N/B","N. BEALE RD.",1425.00,N,N,A,-,Y,YUB,,70," "," ",13.808,H,,R,N,3,0,2,2,A,-,03,22350,,M,C,C,A,A,H,-,A,D,0,,,,,Y,,-,99,0,2,0,0,0,0,0,0,0,"- ","- ",39.13201904296875,-121.58815765380859,YUBA,UNINCORPORATED,-121.58821868896484,39.131992340087891
94360844,2024,2024-08-19,9285,2024-08-17,2320,022867,,6,3,9,5800,0,2,4,,2,025,"SR-65 NORTHBOUND","DRY CREEK LEVEE RD",581.00,S,N,A,-,Y,YUB,,65," "," ",2.062,H,,R,N,4,0,2,2,A,-,09,21801,A,N,B,C,A,A,H,-,D,D,0,,,,,Y,,A,07,0,0,2,0,0,0,0,0,0,"- ","- ",39.021358489990234,-121.44309997558594,YUBA,UNINCORPORATED,-121.44310760498047,39.021350860595703
94369183,2024,2024-08-26,9285,2024-08-23,1245,021567,,5,1,9,5800,0,2,4,,1,022,"MCGOWAN PKY","SR-70 NB ONRAMP",0.00,,Y,A,-,Y,,,,,,,,,,N,4,0,1,2,A,-,09,21801,A,N,A,C,A,A,H,-,A,D,0,,,,,Y,,E,22,0,0,1,0,0,0,0,0,0,"- ","- ",39.077339172363281,-121.54065704345703,YUBA,UNINCORPORATED,-121.54059700000001,39.077311999999999
94371419,2024,2024-08-27,9285,2024-08-24,"455 ",022748,,6,3,9,5800,0,2,4,,1,042,"HAMMONTON SMARTSVILLE ROAD","N. EARL ROAD",805.00,W,N,C,-,N,,,,,,,,,,Y,3,0,1,1,A,-,03,22350,,N,F,A,A,B,H,-,D,A,0,,,,,Y,,D,22,0,1,0,0,0,0,0,0,0,"- ","- ",39.178611755371094,-121.39797210693359,YUBA,UNINCORPORATED,-121.39780426025391,39.178688049316406
94373348,2024,2024-08-28,9285,2024-08-26,"658 ",021154,,1,1,9,5800,0,3,5,,1,002,"40 MILE RD.","PLUMAS ARBOGA RD.",0.00,,Y,A,-,N,,,,,,,,,,Y,3,0,1,2,A,-,09,21802,A,N,D,C,A,A,H,-,A,A,0,,,,,Y,,A,08,0,1,0,0,0,0,0,0,0,"- ","- ",39.030109405517578,-121.51580810546875,YUBA,UNINCORPORATED,-121.515843,39.030127
94375530,2024,2024-08-29,9285,2024-08-24,"645 ",021328,,6,1,9,5800,0,2,4,,1,042,"HAMMONTON SMARTVILLE RD","HAMMONTON BLF DR.",2890.00,W,N,C,-,N,,,,,,,,,,N,4,0,1,1,A,-,03,22350,,N,E,I,A,B,H,-,A,D,0,,,,,Y,,A,01,0,0,1,0,0,0,0,0,0,"- ","- ",39.192691802978516,-121.34258270263672,YUBA,UNINCORPORATED,-121.56916809082031,39.120010375976562
94376552,2024,2024-08-30,9285,2024-08-25,2115,022917,,7,2,9,5800,0,3,5,,1,002,"FORTY MILE RD","PLUMAS SCHOOL ROAD",20.00,S,N,A,-,N,,,,,,,,,,Y,3,0,5,2,A,-,01,23152,A,N,C,C,A,A,H,-,D,D,0,,,,,Y,Y,A,01,0,1,4,0,0,0,0,0,0,"- ","- ",39.026889801025391,-121.51325988769531,YUBA,UNINCORPORATED,-121.51331329345703,39.026901245117188
94376579,2024,2024-08-30,9285,2024-08-24,1320,021328,,6,1,9,5800,0,3,5,,1,006,"FRUITLAND RD","SPRIG DR.",75.00,E,N,B,-,N,,,,,,,,,,Y,2,0,2,1,A,-,08,22107,,N,E,8,A,A,H,-,A,D,0,,,,,Y,,A,07,1,0,1,0,0,0,0,0,0,"- ","- ",39.323299407958984,-121.4462890625,YUBA,UNINCORPORATED,-121.44628143310547,39.323310852050781
94378355,2024,2024-09-02,9285,2024-08-24,2300,021599,,6,3,9,5800,0,3,5,,1,008,"MARYSVILLE RD","OREGON HILL RD",5200.00,S,N,A,-,N,,,,,,,,,,Y,4,0,1,1,A,-,08,22107,,N,E,I,A,A,H,-,D,D,0,,,,,Y,,A,01,0,0,1,0,0,0,0,0,0,"- ","- ",39.380908966064453,-121.16367340087891,YUBA,UNINCORPORATED,-121.16785430908203,39.363670349121094
94384867,2024,2024-09-06,9285,2024-09-05,"543 ",021328,,4,3,9,5800,0,3,5,,1,002,"RANCHO RD","FORTY MILE RD",0.00,,Y,A,-,N,,,,,,,,,,Y,3,0,2,2,A,-,09,21802,A,N,D,C,A,A,H,-,D,A,0,,,,,Y,,D,22,0,2,0,0,0,0,0,0,0,"- ","- ",39.068950653076172,-121.51226806640625,YUBA,UNINCORPORATED,-121.51232147216797,39.068778991699219
94384884,2024,2024-09-06,9285,2024-09-03,"635 ",019085,,2,1,9,5800,0,2,4,,1,041,"NORTH BEALE RD","WOOD LN",2640.00,E,N,A,-,N,,,,,,,,,,Y,3,0,1,2,A,-,08,22107,,N,D,C,A,A,H,-,A,D,0,,,,,Y,,D,22,0,1,0,0,0,0,0,0,0,"- ","- ",39.128429412841797,-121.50991058349609,YUBA,UNINCORPORATED,-121.50919342041016,39.12841796875
9438558,2022,2022-05-03,5802,2022-04-08,1553,1009,5802,5,5,1,5802,0,0,0,,0,002,"RT 65","MAIN ST",0.00,,Y,A,-,Y,YUB,3,65,-,-,0.630,H,-,N,Y,4,0,1,2,A,-,03,22350,,N,C,C,A,A,H,-,A,A,0,,,Y,,Y,,D,22,0,0,1,0,0,0,0,0,0,"- ","- ",39.008350372314453,-121.42289733886719,YUBA,WHEATLAND,-121.42288208007812,39.008308410644531
94386305,2024,2024-09-09,9285,2024-09-04,1855,021012,,3,2,9,5800,0,2,4,,1,041,"HAMMONTON SMARTSVILLE RD","HENWOOD RANCH RD",3168.00,E,N,A,-,N,,,,,,,,,,Y,3,0,1,1,A,-,03,22350,,N,F,0,A,A,H,-,A,D,0,,,Y,,Y,,C,02,0,1,0,0,0,0,0,0,1,"- ","- ",39.191249847412109,-121.34986114501953,YUBA,UNINCORPORATED,-121.35636138916016,39.193950653076172
9438673,2022,2022-05-13,5802,2022-04-19,1810,1012,5802,2,5,1,5802,0,0,0,,0,,"RT 65","STATE ST",792.00,S,N,A,-,Y,YUB,3,65,-,R,0.360,H,-,N,N,4,0,1,3,A,-,03,22350,,N,C,C,A,A,H,-,A,D,0,,,,,Y,,A,07,0,0,1,0,0,0,0,0,0,"- ","- ",,,YUBA,WHEATLAND,-121.41728210449219,39.006351470947266
94387959,2024,2024-09-10,9285,2024-09-01,"210 ",022534,,7,3,9,5800,0,3,5,,1,002,"ALICIA AVENUE","VINE AVENUE",220.00,S,N,A,-,N,,,,,,,,,,N,3,0,1,1,A,-,01,23152,A,N,E,8,A,A,H,-,C,D,0,,,,,Y,Y,A,01,0,1,0,0,0,0,0,0,0,"- ","- ",39.113681793212891,-121.57212066650391,YUBA,UNINCORPORATED,-121.57220458984375,39.113716125488281
94389094,2024,2024-09-10,9285,2024-09-05,2226,021068,,4,3,9,5800,0,2,4,,2,081,"WILLOW GLEN ROAD","TIMOTHY LN",878.00,S,N,A,-,N,,,,,,,,,,Y,4,0,1,2,A,-,05,21460,A,N,B,C,A,A,H,-,D,D,0,,,,Y,Y,,A,01,0,0,1,0,0,0,0,0,0,"- ","- ",39.441440582275391,-121.28285980224609,YUBA,UNINCORPORATED,-121.28090667724609,39.444072723388672