CASE_ID,ACCIDENT_YEAR,PROC_DATE,JURIS,COLLISION_DATE,COLLISION_TIME,OFFICER_ID,REPORTING_DISTRICT,DAY_OF_WEEK,CHP_SHIFT,POPULATION,CNTY_CITY_LOC,SPECIAL_COND,BEAT_TYPE,CHP_BEAT_TYPE,CITY_DIVISION_LAPD,CHP_BEAT_CLASS,BEAT_NUMBER,PRIMARY_RD,SECONDARY_RD,DISTANCE,DIRECTION,INTERSECTION,WEATHER_1,WEATHER_2,STATE_HWY_IND,CALTRANS_COUNTY,CALTRANS_DISTRICT,STATE_ROUTE,ROUTE_SUFFIX,POSTMILE_PREFIX,POSTMILE,LOCATION_TYPE,RAMP_INTERSECTION,SIDE_OF_HWY,TOW_AWAY,COLLISION_SEVERITY,NUMBER_KILLED,NUMBER_INJURED,PARTY_COUNT,PRIMARY_COLL_FACTOR,PCF_CODE_OF_VIOL,PCF_VIOL_CATEGORY,PCF_VIOLATION,PCF_VIOL_SUBSECTION,HIT_AND_RUN,TYPE_OF_COLLISION,MVIW,PED_ACTION,ROAD_SURFACE,ROAD_COND_1,ROAD_COND_2,LIGHTING,CONTROL_DEVICE,CHP_ROAD_TYPE,PEDESTRIAN_ACCIDENT,BICYCLE_ACCIDENT,MOTORCYCLE_ACCIDENT,TRUCK_ACCIDENT,NOT_PRIVATE_PROPERTY,ALCOHOL_INVOLVED,STWD_VEHTYPE_AT_FAULT,CHP_VEHTYPE_AT_FAULT,COUNT_SEVERE_INJ,COUNT_VISIBLE_INJ,COUNT_COMPLAINT_PAIN,COUNT_PED_KILLED,COUNT_PED_INJURED,COUNT_BICYCLIST_KILLED,COUNT_BICYCLIST_INJURED,COUNT_MC_KILLED,COUNT_MC_INJURED,PRIMARY_RAMP,SECONDARY_RAMP,LATITUDE,LONGITUDE,COUNTY,CITY,POINT_X,POINT_Y
90857733,2018,2018-11-12,9285,2018-11-05,0730,017129,,1,1,9,5800,0,1,3,,1,020,"SR-70 S/B FROM FEATHER RIVER BLVD.","FEATHER RIVER BLVD",722.00,S,N,A,-,Y,,,,,,,,,,Y,4,0,1,2,A,-,03,22350,,N,C,C,A,A,H,-,A,D,0,,,,,Y,,A,01,0,0,1,0,0,0,0,0,0,"- ","- ",39.122798919677734,-121.57476806640625,YUBA,UNINCORPORATED,-121.57521820068359,39.123146057128906
90861426,2018,2018-11-16,9285,2018-11-08,1655,019431,,4,2,9,5800,0,2,4,,2,082,"LA PORTE RD","OREGON HILL RD",9240.00,N,N,A,-,N,,,,,,,,,,Y,3,0,1,2,A,-,09,21801,A,N,D,C,A,A,H,-,B,D,0,,,,,Y,,A,07,0,1,0,0,0,0,0,0,0,"- ","- ",39.503810882568359,-121.20356750488281,YUBA,UNINCORPORATED,-121.24708557128906,39.482826232910156
90867523,2018,2018-11-26,9285,2018-11-23,1510,015491,,5,2,9,5800,0,3,5,,1,006,"RAMIREZ ROAD","FRUITLAND ROAD",3960.00,S,N,C,-,N,,,,,,,,,,Y,4,0,1,1,A,-,08,22107,,N,F,A,A,B,H,-,A,D,0,,,,,Y,,A,07,0,0,1,0,0,0,0,0,0,"- ","- ",39.279930114746094,-121.52722930908203,YUBA,UNINCORPORATED,-121.52455139160156,39.284252166748047
90869009,2018,2018-11-28,9285,2018-11-17,1555,016343,,6,2,9,5800,0,3,5,,1,002,"POWERLINE RD","8TH AVENUE",100.00,N,N,A,-,N,,,,,,,,,,Y,2,0,1,1,A,-,03,22350,,N,F,A,A,A,H,-,A,D,0,,,Y,,Y,,C,02,1,0,0,0,0,0,0,0,1,"- ","- ",39.093471527099609,-121.54247283935547,YUBA,UNINCORPORATED,-121.54249572753906,39.093490600585938
90869160,2018,2018-11-28,9285,2018-11-20,1607,016426,,2,2,9,5800,0,3,5,,1,004,"EDGEWATER CIRCLE","RUPERT AVENUE",325.00,N,N,B,-,N,,,,,,,,,,Y,3,0,1,1,A,-,01,23152,A,N,E,I,A,A,H,-,A,D,0,,,,,Y,Y,A,01,0,1,0,0,0,0,0,0,0,"- ","- ",39.116588592529297,-121.55422210693359,YUBA,UNINCORPORATED,-121.55426788330078,39.116485595703125
90872957,2018,2018-12-03,9285,2018-11-29,0052,019253,,4,3,9,5800,0,3,5,,1,002,"PASADO RD","ALICIA AVE",214.00,E,N,C,-,N,,,,,,,,,,Y,3,0,2,1,A,-,01,23152,A,N,E,I,A,B,H,-,D,A,0,,,,,Y,Y,A,07,0,1,1,0,0,0,0,0,0,"- ","- ",39.112651824951172,-121.57028198242188,YUBA,UNINCORPORATED,-121.56989288330078,39.112682342529297
90873017,2018,2018-12-03,9285,2018-11-26,0028,019253,,1,3,9,5800,0,3,5,,1,002,"ERLE RD","CHESTNUT RD",15.00,E,N,A,-,N,,,,,,,,,,N,3,0,1,3,A,-,03,22350,,N,C,C,E,A,H,-,D,D,0,Y,,,,Y,,A,01,0,1,0,0,1,0,0,0,0,"- ","- ",39.112998962402344,-121.56268310546875,YUBA,UNINCORPORATED,-121.56284332275391,39.113117218017578
90878474,2018,2018-12-07,9285,2018-11-30,1310,015491,,5,1,9,5800,0,1,3,,1,062,"STATE ROUTE 20","ESHEMAN LANE",1000.00,W,N,A,-,Y,,,20,,,,,,,Y,3,0,3,1,A,-,01,23152,F,N,F,I,A,A,H,-,A,D,0,,,,,Y,,A,01,0,1,2,0,0,0,0,0,0,"- ","- ",39.229660034179688,-121.37625122070312,YUBA,UNINCORPORATED,-121.37625122070312,39.229663848876953
90878534,2018,2018-12-10,9285,2018-12-07,0905,016052,,5,1,9,5800,0,2,4,,2,025,"SR-65 S/B","DRY CREEK LEVEE RD",887.00,S,N,A,-,Y,,,65,,,,,,S,Y,4,0,1,2,A,-,03,22350,,N,C,C,A,A,H,-,A,D,0,,,,,Y,,A,01,0,0,1,0,0,0,0,0,0,"- ","- ",39.020839691162109,-121.44236755371094,YUBA,UNINCORPORATED,-121.44234466552734,39.020889282226562
90878915,2018,2018-12-10,9285,2018-12-02,1128,017393,,7,1,9,5800,0,1,3,,1,062,SR-20,"MARYSVILLE ROAD",0.00,,Y,A,-,N,,,20,,,,,,,Y,4,0,1,2,A,-,09,21801,A,N,A,C,A,A,H,-,A,D,0,,,,,Y,,A,01,0,0,1,0,0,0,0,0,0,"- ","- ",39.228038787841797,-121.41419219970703,YUBA,UNINCORPORATED,-121.41413116455078,39.227855682373047
90881696,2018,2018-12-12,9285,2018-12-04,2040,018632,,2,2,9,5800,0,3,5,,1,004,"GRIFFITH AVE","LAGO RD",782.00,S,N,A,-,N,,,,,,,,,,N,4,0,1,3,A,-,08,22107,,N,C,E,A,A,H,-,C,D,0,,,Y,,Y,,C,06,0,0,1,0,0,0,0,0,1,"- ","- ",39.122318267822266,-121.52375030517578,YUBA,UNINCORPORATED,-121.52367401123047,39.122421264648438
90883499,2018,2018-12-14,9285,2018-12-11,1835,019401,,2,2,9,5800,0,2,4,,2,021,"FEATHER RIVER BLVD","MYRNA AVE",3000.00,S,N,A,-,N,,,,,,,,,,Y,2,0,1,2,A,-,05,21650,,N,A,G,A,A,H,-,D,D,0,,Y,,,Y,,L,04,1,0,0,0,0,0,1,0,0,"- ","- ",39.092399597167969,-121.57890319824219,YUBA,UNINCORPORATED,-121.57888793945312,39.093276977539062
90885421,2018,2018-12-18,9285,2018-12-11,0410,019830,,2,3,9,5800,0,3,5,,1,002,"FORTY MILE RD","ROSSER RD",90.00,W,N,E,-,N,,,,,,,,,,Y,3,0,1,1,A,-,08,22107,,N,E,I,A,B,H,-,D,D,0,,,,,Y,,A,01,0,1,0,0,0,0,0,0,0,"- ","- ",39.062351226806641,-121.5152587890625,YUBA,UNINCORPORATED,-121.51506805419922,39.062709808349609
90889853,2018,2018-12-26,9285,2018-12-15,0120,019223,,6,3,9,5800,0,2,4,,1,041,"N. BEALE RD ON RAMP TO SR-70 N/B","SHAD ROAD",9.00,N,N,B,-,Y,,,,,,,,,,Y,1,1,0,2,A,-,01,23152,A,F,G,B,F,B,H,-,C,D,0,Y,,,,Y,Y,A,07,0,0,0,1,0,0,0,0,0,"- ","- ",39.129219055175781,-121.58405303955078,YUBA,UNINCORPORATED,-121.584085,39.129154999999997
90890918,2018,2018-12-27,9285,2018-12-17,0906,015491,,1,1,9,5800,0,1,3,,1,020,"STATE ROUTE 70 NORTHBOUND","FEATHER RIVER BOULEVARD",150.00,N,N,B,-,Y,,,,,,,,,,Y,4,0,1,2,A,-,03,22350,,N,C,C,A,A,H,-,A,D,0,,,,,Y,,D,22,0,0,1,0,0,0,0,0,0,"- ","- ",39.126079559326172,-121.57964324951172,YUBA,UNINCORPORATED,-121.57744598388672,39.124794006347656
90898342,2018,2019-01-07,9285,2018-12-24,2155,019830,,1,2,9,5800,0,2,4,,1,041,"N. BEALE RD","LINDHURST AVE",0.00,,Y,B,-,N,,,,,,,,,,Y,2,0,5,2,A,-,01,23152,A,N,D,C,A,B,H,-,C,A,0,,,,,Y,Y,A,01,2,3,0,0,0,0,0,0,0,"- ","- ",39.124931335449219,-121.57099151611328,YUBA,UNINCORPORATED,-121.57099914550781,39.124568939208984
9090399,2020,2020-09-23,5801,2020-03-10,1543,318,YUBA,2,5,3,5801,0,0,0,,0,5801,"RT 20","YUBA ST",0.00,,Y,A,-,Y,YUB,3,20,-,-,1.633,I,5,E,Y,3,0,2,2,A,-,09,21802,A,N,D,C,A,A,H,-,A,D,0,,,,,Y,,A,01,0,1,1,0,0,0,0,0,0,"- ","- ",,,YUBA,MARYSVILLE,-121.58467102050781,39.14862060546875
9090742,2020,2020-07-02,5801,2020-02-20,1446,328,YUBAS,4,5,3,5801,0,0,0,,0,5801,"H ST","9TH ST",0.00,,Y,A,-,N,,,,,,,,,,Y,3,0,1,4,A,-,09,21802,A,N,D,C,A,A,H,-,A,D,0,,,,,Y,,A,01,0,1,0,0,0,0,0,0,0,"- ","- ",,,YUBA,MARYSVILLE,-121.59571838378906,39.144279479980469
90907545,2019,2019-01-18,9285,2019-01-12,2035,019478,,6,2,9,5800,0,2,4,,1,041,"FEATHER RIVER BLVD","NORTH BEALE RD",0.00,,Y,A,-,N,,,,,,,,,,Y,4,0,2,2,A,-,12,21453,A,N,D,C,A,A,H,-,C,A,0,,,,,Y,Y,D,22,0,0,2,0,0,0,0,0,0,"- ","- ",39.125770568847656,-121.57575988769531,YUBA,UNINCORPORATED,-121.57575988769531,39.125690460205078
90908403,2019,2019-01-22,9285,2019-01-12,1740,019478,,6,2,9,5800,0,3,5,,1,004,"ERLE RD","EDGEWATER CIR",0.00,,Y,A,-,N,,,,,,,,,,N,2,0,1,2,A,-,08,22100,B,N,D,G,A,A,H,-,D,A,0,,Y,,,Y,,L,04,1,0,0,0,0,0,1,0,0,"- ","- ",39.113330841064453,-121.55423736572266,YUBA,UNINCORPORATED,-121.55433654785156,39.113349914550781
90915331,2018,2019-01-30,9285,2018-12-28,0003,020096,,5,3,9,5800,0,3,5,,1,004,"BOULDER WAY","MOSSWOOD LN",89.00,S,N,B,-,N,,,,,,,,,,Y,2,0,2,1,A,-,03,22350,,N,F,A,A,A,H,-,D,D,0,,,,,Y,,A,07,1,1,0,0,0,0,0,0,0,"- ","- ",39.174209594726562,-121.29783630371094,YUBA,UNINCORPORATED,-121.29801177978516,39.173980712890625
90917902,2019,2019-02-04,9285,2019-01-22,1148,018291,,2,1,9,5800,0,3,5,,1,006,"MATHEWS LN.","TANABE RD.",800.00,N,N,A,-,Y,,,,,,,,,,N,4,0,2,2,A,-,08,22107,,N,D,C,A,A,H,-,A,D,0,,,,,Y,,D,22,0,0,2,0,0,0,0,0,0,"- ","- ",39.231540679931641,-121.53878021240234,YUBA,UNINCORPORATED,-121.53879547119141,39.231166839599609
90918807,2019,2019-03-13,9285,2019-01-24,0640,017900,,4,1,9,5800,0,2,4,,2,081,"MARYSVILLE ROAD","WILLOW GLENN ROAD",0.00,,Y,A,-,N,,,,,,,,,,Y,4,0,1,2,A,-,09,21802,A,N,A,C,A,A,H,-,A,A,0,,,,,Y,,A,01,0,0,1,0,0,0,0,0,0,"- ","- ",39.362861633300781,-121.32405853271484,YUBA,UNINCORPORATED,-121.32407379150391,39.362869262695312
90918814,2019,2019-02-04,9285,2019-01-29,1535,018768,,2,2,9,5800,0,2,4,,1,022,"ARBOGA RD","PLUMAS ARBOGA RD",0.00,,Y,A,-,N,,,,,,,,,,Y,4,0,4,2,A,-,12,22450,A,N,D,C,A,A,H,-,A,A,0,,,,,Y,Y,A,01,0,0,4,0,0,0,0,0,0,"- ","- ",39.055278778076172,-121.56005859375,YUBA,UNINCORPORATED,-121.56008148193359,39.055278778076172
90922637,2019,2019-02-11,9285,2019-02-02,1645,018986,,6,2,9,5800,0,1,3,,1,062,SR-20,"PLANTZ RD",4650.00,W,N,C,-,Y,,,20,,,,,,,Y,4,0,1,2,A,-,06,21750,,N,F,I,A,B,H,-,A,D,0,,,,,Y,,A,07,0,0,1,0,0,0,0,0,0,"- ","- ",39.170890808105469,-121.55419921875,YUBA,UNINCORPORATED,-121.55413818359375,39.170810699462891
90924006,2019,2019-02-11,9285,2019-02-04,1626,018986,,1,2,9,5800,0,3,5,,1,004,"WOODLAND DR","COUNTRY CLUB CT",50.00,N,N,B,-,N,,,,,,,,,,Y,3,0,1,1,A,-,03,22350,,N,F,A,A,B,H,-,A,D,0,,,Y,,Y,,C,02,0,1,0,0,0,0,0,0,1,"- ","- ",39.126819610595703,-121.54470825195312,YUBA,UNINCORPORATED,-121.54461669921875,39.126823425292969
90928022,2019,2019-02-18,9285,2019-02-04,1838,020224,,1,2,9,5800,0,3,5,,1,006,SR-70,"SCHULER LN",7.00,N,N,B,C,Y,,,70,,,,,,,Y,3,0,4,1,A,-,08,22107,,F,F,A,A,B,H,-,D,D,0,,,,,Y,,A,01,0,1,3,0,0,0,0,0,0,"- ","- ",39.23931884765625,-121.59996795654297,YUBA,UNINCORPORATED,-121.60006713867188,39.239326477050781
90928070,2019,2019-02-18,9285,2019-02-10,1144,017118,,7,1,9,5800,0,3,5,,1,002,"BIDWELL BAR DRIVE","APTOS CREEK COURT",52.00,N,N,A,-,N,,,,,,,,,,Y,4,0,1,2,A,-,01,23152,A,N,A,E,A,A,H,-,A,D,0,,,,,Y,,D,22,0,0,1,0,0,0,0,0,0,"- ","- ",39.016189575195312,-121.5477294921875,YUBA,UNINCORPORATED,-121.54774475097656,39.016040802001953
90929453,2019,2019-02-19,9285,2019-02-14,1950,019478,,4,2,9,5800,0,3,5,,1,002,"OSTROM RD","S BEALE RD",1056.00,W,N,B,G,N,,,,,,,,,,Y,4,0,4,1,A,-,03,22350,,N,F,A,A,B,F,-,D,B,0,,,,,Y,,A,01,0,0,4,0,0,0,0,0,0,"- ","- ",39.071659088134766,-121.43966674804688,YUBA,UNINCORPORATED,-121.43950653076172,39.071598052978516
90935412,2019,2019-02-27,9285,2019-02-26,1410,019085,,2,2,9,5800,0,3,5,,1,002,"POWERLINE RD","8TH AVENUE",0.00,,Y,C,-,N,,,,,,,,,,Y,3,0,1,2,A,-,09,21802,A,N,D,C,A,B,H,-,A,A,0,,,,,Y,,A,01,0,1,0,0,0,0,0,0,0,"- ","- ",39.093250274658203,-121.5426025390625,YUBA,UNINCORPORATED,-121.54242706298828,39.093219757080078
90937483,2019,2019-03-01,9285,2019-02-21,0508,019223,,4,3,9,5800,0,2,4,,1,041,"N. BEALE RD","HAMMONTON SMARTSVILLE RD",0.00,,Y,A,-,N,,,,,,,,,,Y,3,0,2,2,D,-,00,,,N,D,C,A,A,H,-,C,A,0,,,,,Y,,-,"- ",0,1,1,0,0,0,0,0,0,"- ","- ",39.127689361572266,-121.55551910400391,YUBA,UNINCORPORATED,-121.55564880371094,39.127651214599609
90942895,2019,2019-03-11,9285,2019-02-28,0522,019223,,4,3,9,5800,0,3,5,,1,002,"POWERLINE RD","6TH AVENUE",694.00,N,N,A,-,N,,,,,,,,,,Y,3,0,2,1,A,-,01,23152,F,N,E,I,A,A,H,-,C,D,0,,,,,Y,,A,01,0,2,0,0,0,0,0,0,0,"- ","- ",39.099910736083984,-121.54717254638672,YUBA,UNINCORPORATED,-121.54709625244141,39.099826812744141
90944807,2019,2019-07-01,9285,2019-02-21,0735,015416,,4,1,9,5800,0,3,5,,1,004,"HAMMONTON SMARTVILLE RD","LOWE AVE",0.00,,Y,A,-,N,,,,,,,,,,N,1,1,0,2,A,-,10,21950,A,N,G,B,D,A,H,-,A,A,0,Y,,,,Y,,A,01,0,0,0,1,0,0,0,0,0,"- ","- ",39.125019073486328,-121.55982971191406,YUBA,UNINCORPORATED,-121.55996704101562,39.124870300292969
90951247,2019,2019-03-22,9285,2019-03-17,2130,017900,,7,2,9,5800,0,3,5,,1,002,"ARBOGA ROAD","LAUREL AVENUE",303.00,N,N,A,-,N,,,,,,,,,,Y,3,0,2,2,A,-,01,23152,A,N,E,I,A,A,H,-,C,D,0,,,,,Y,Y,A,01,0,1,1,0,0,0,0,0,0,"- ","- ",39.1202392578125,-121.57485198974609,YUBA,UNINCORPORATED,-121.57473754882812,39.120204925537109
90951560,2019,2019-03-22,9285,2019-03-13,1700,020096,,3,2,9,5800,0,1,3,,1,020,SR-70,"NORTH BEALE ROAD",3360.00,N,N,A,-,Y,,,70,,,,,,,N,4,0,1,2,A,-,03,22350,,N,B,C,A,A,H,-,A,D,0,,,,Y,Y,,A,01,0,0,1,0,0,0,0,0,0,"- ","- ",39.130279541015625,-121.58635711669922,YUBA,UNINCORPORATED,-121.58637237548828,39.130264282226562
90957458,2019,2019-03-29,9285,2019-03-21,1827,018986,,4,2,9,5800,0,2,4,,1,041,"NORTH BEALE ROAD","FEATHER RIVER BLVD",250.00,N,N,A,-,N,,,,,,,,,,Y,4,0,1,2,A,-,08,22107,,N,D,C,A,A,H,-,A,D,0,,,,,Y,,A,07,0,0,1,0,0,0,0,0,0,"- ","- ",39.126209259033203,-121.5780029296875,YUBA,UNINCORPORATED,-121.57662200927734,39.125843048095703
90957851,2019,2020-04-13,9285,2019-03-19,0014,019253,,2,3,9,5800,0,3,5,,1,002,"GARDEN AVE","SYCAMORE AVE",250.00,S,N,A,-,N,,,,,,,,,,Y,4,0,1,3,A,-,08,22107,,N,E,E,A,A,H,-,C,D,0,,,,,Y,,A,01,0,0,1,0,0,0,0,0,0,"- ","- ",39.127269744873047,-121.58502197265625,YUBA,UNINCORPORATED,-121.58523559570312,39.127353668212891
90963044,2019,2019-04-08,9285,2019-03-31,1120,016052,,7,1,9,5800,0,1,3,,1,062,"WOODRUFF LN",SR-20,10.00,N,N,A,-,Y,,,,,,,,,,Y,3,0,5,2,A,-,08,22107,,N,D,C,A,A,H,-,A,D,0,,,,,Y,,A,01,0,1,4,0,0,0,0,0,0,"- ","- ",39.213359832763672,-121.51300048828125,YUBA,UNINCORPORATED,-121.51288604736328,39.213298797607422
9096843,2019,2020-07-23,5801,2019-12-14,1703,328,TRAF,6,5,3,5801,0,0,0,,0,5801,"B ST","12TH ST",0.00,,Y,A,-,N,,,,,,,,,,N,4,0,1,2,A,-,03,22350,,N,C,C,A,A,H,-,C,A,0,,,,Y,Y,,F,26,0,0,1,0,0,0,0,0,0,"- ","- ",,,YUBA,MARYSVILLE,-121.39521026611328,39.110710144042969
90968457,2019,2019-04-16,9285,2019-04-01,1445,017900,,1,2,9,5800,0,1,3,,1,011,"STATE ROUTE 99","CATLETT RD",2625.00,S,N,B,-,Y,,,,,,,,,,Y,4,0,1,2,A,-,03,22350,,N,C,C,A,A,H,-,A,D,0,,,,,Y,,A,07,0,0,1,0,0,0,0,0,0,"- ","- ",38.830268859863281,-121.54360198974609,YUBA,UNINCORPORATED,,
90979190,2019,2019-04-30,9285,2019-04-22,1710,018768,,1,2,9,5800,0,2,4,,1,042,"HAMMONTON SMARTVILLE RD","MCGANNEY LN",1056.00,E,N,A,-,N,,,,,,,,,,N,4,0,1,2,A,-,05,21460,A,N,B,C,A,A,H,-,A,D,0,,,,,Y,,D,22,0,0,1,0,0,0,0,0,0,"- ","- ",39.197299957275391,-121.29364776611328,YUBA,UNINCORPORATED,-121.29460906982422,39.19744873046875
90980497,2019,2019-05-02,9285,2019-04-24,1320,014878,,3,1,9,5800,0,3,5,,1,002,"7TH AVENUE","WESTERN AVENUE",50.00,E,N,A,-,N,,,,,,,,,,N,3,0,1,2,A,-,11,21954,A,N,G,B,D,A,H,-,A,D,0,Y,,,,Y,,N,60,0,1,0,0,1,0,0,0,0,"- ","- ",39.095340728759766,-121.55605316162109,YUBA,UNINCORPORATED,-121.55605316162109,39.095375061035156
90983899,2019,2019-05-07,9285,2019-05-03,2030,018768,,5,2,9,5800,0,2,4,,1,022,"MCGOWAN PKY","SR-70 ON-RAMP FROM MCGOWAN PRKY",0.00,,Y,A,-,Y,,,,,,,,,,Y,3,0,1,2,A,-,09,21801,A,N,D,C,A,A,H,-,C,D,0,,,,,Y,Y,A,01,0,1,0,0,0,0,0,0,0,"- ","- ",39.077339172363281,-121.54055786132812,YUBA,UNINCORPORATED,-121.540593,39.077314999999999
90985615,2019,2019-05-09,9285,2019-05-03,1445,018768,,5,2,9,5800,0,1,3,,1,020,"S/B SR-70","1ST STREET",456.00,S,N,A,-,Y,,,70,,,,,,,Y,4,0,1,2,A,-,07,21658,A,N,B,C,A,A,H,-,A,D,0,,,,Y,Y,,F,27,0,0,1,0,0,0,0,0,0,"- ","- ",39.134510040283203,-121.58962249755859,YUBA,UNINCORPORATED,-121.58963012695312,39.134506225585938
90986950,2019,2019-05-13,9285,2019-04-06,2235,020096,,6,3,9,5800,0,1,3,,1,020,"FEATHER RIVER BLVD","GARDEN AVE",0.00,,Y,B,-,N,,,,,,,,,,N,4,0,2,2,A,-,12,22450,A,M,D,C,A,A,H,-,C,A,0,,,,,Y,,A,07,0,0,2,0,0,0,0,0,0,"- ","- ",39.122928619384766,-121.57884979248047,YUBA,UNINCORPORATED,-121.57878112792969,39.122959136962891
90988033,2019,2019-05-14,9285,2019-05-08,0730,014878,,3,1,9,5800,0,1,3,,1,020,"SR-70 N/B","FEATHER RIVER BLVD",70.00,S,N,A,-,Y,,,,,,,,,,Y,3,0,2,3,A,-,03,22350,,N,C,C,A,A,H,-,A,D,0,,,,,Y,,D,22,0,1,1,0,0,0,0,0,0,"- ","- ",39.126270294189453,-121.57981109619141,YUBA,UNINCORPORATED,-121.57682037353516,39.124439239501953
90990345,2019,2019-05-16,9285,2019-05-06,0810,015491,,1,1,9,5800,0,1,3,,1,020,"STATE ROUTE 70","FEATHER RIVER BOULEVARD",500.00,N,N,A,-,Y,,,70,,,,,,,N,4,0,1,3,A,-,03,22350,,N,C,C,A,A,H,-,A,D,0,,,,,Y,,A,07,0,0,1,0,0,0,0,0,0,"- ","- ",39.126171112060547,-121.57981872558594,YUBA,UNINCORPORATED,-121.57981109619141,39.126182556152344
90992367,2019,2019-05-20,9285,2019-05-12,1245,017163,,7,1,9,5800,0,2,4,,1,061,"MARYSVILLE RD","PEORIA RD",187.00,N,N,A,-,N,,,,,,,,,,Y,3,0,2,3,A,-,08,22107,,N,B,C,A,A,H,-,A,D,0,,,,,Y,,A,01,0,2,0,0,0,0,0,0,0,"- ","- ",39.298519134521484,-121.37330627441406,YUBA,UNINCORPORATED,-121.37329864501953,39.298446655273438
90993699,2019,2019-05-22,9285,2019-05-12,0340,018522,,7,3,9,5800,0,1,3,,1,060,SR-70,"LAURELLEN RD",2640.00,S,N,A,-,Y,,,70,,,,,,,N,2,0,2,3,A,-,08,22107,,F,G,B,E,A,H,-,D,D,0,Y,,,,Y,,D,22,2,0,0,0,2,0,0,0,0,"- ","- ",39.166248321533203,-121.59044647216797,YUBA,UNINCORPORATED,-121.59050750732422,39.166259765625
90995011,2019,2019-05-23,9285,2019-05-19,0830,016052,,7,1,9,5800,0,1,3,,1,020,SR-70,"FEATHER RIVER BLVD. SOUTH",3777.00,N,N,B,C,Y,,,70,,,,,,,Y,4,0,1,1,A,-,03,22350,,N,F,A,A,B,H,-,A,D,0,,,,,Y,,A,01,0,0,1,0,0,0,0,0,0,"- ","- ",38.988571166992188,-121.54379272460938,YUBA,UNINCORPORATED,-121.54351043701172,38.98858642578125
91005662,2019,2019-06-07,9285,2019-05-30,0740,016052,,4,1,9,5800,0,2,4,,1,041,"N. BEALE ROAD","WOODLAND DR",0.00,,Y,A,-,N,,,,,,,,,,Y,4,0,1,2,A,-,09,21801,A,N,D,C,A,A,H,-,A,D,0,,,,,Y,,A,01,0,0,1,0,0,0,0,0,0,"- ","- ",39.12786865234375,-121.54461669921875,YUBA,UNINCORPORATED,-121.54461669921875,39.127891540527344
91007447,2019,2019-06-11,9285,2019-05-30,0744,15976,,4,1,3,5801,0,1,S,,2,901,"SR-20 (9TH ST.)","OAK ST",22.00,E,N,A,-,Y,,,,,,,,,,N,4,0,3,2,A,-,21,22106,,N,C,C,A,A,H,-,A,D,0,,,,,Y,,E,22,0,0,3,0,0,0,0,0,0,"- ","- ",39.144699096679688,-121.58889770507812,YUBA,MARYSVILLE,-121.58880615234375,39.14483642578125
91014317,2019,2019-06-20,9285,2019-06-13,1100,016052,,4,1,9,5800,0,2,4,,1,042,"HAMMONTON SMARTVILLE RD","GRIFFITH AVE",185.00,W,N,A,-,N,,,,,,,,,,Y,3,0,2,1,C,-,18,,,N,E,I,A,A,H,-,A,D,0,,,,,Y,,-,"- ",0,1,1,0,0,0,0,0,0,"- ","- ",39.137969970703125,-121.52440643310547,YUBA,UNINCORPORATED,-121.52436065673828,39.137973785400391
91014504,2019,2019-06-20,9285,2019-06-14,2318,020096,,5,3,9,5800,0,3,5,,1,002,"CHESTNUT ROAD","FIR ROAD",165.00,E,N,A,-,N,,,,,,,,,,Y,3,0,1,1,A,-,01,23152,A,N,E,I,A,A,H,-,D,D,0,,,,,Y,Y,A,01,0,1,0,0,0,0,0,0,0,"- ","- ",39.112480163574219,-121.56069946289062,YUBA,UNINCORPORATED,-121.56031036376953,39.112033843994141
91016242,2019,2019-06-24,9285,2019-06-13,1715,018291,,4,2,9,5800,0,2,4,,2,025,SR-65,"DAIRY RD",171.00,S,N,A,-,Y,,,65,,,,,,,Y,2,0,2,2,A,-,08,22107,,N,A,C,A,A,H,-,A,D,0,,,,,Y,,A,07,2,0,0,0,0,0,0,0,0,"- ","- ",39.025909423828125,-121.45043182373047,YUBA,UNINCORPORATED,-121.45041656494141,39.025932312011719
91016306,2019,2019-06-24,9285,2019-06-16,1520,018768,,7,2,9,5800,0,2,4,,2,021,"FEATHER RIVER BLVD","PLUMAS AVE",520.00,N,N,A,-,N,,,,,,,,,,Y,3,0,1,1,C,-,18,,,N,E,I,A,A,H,-,A,D,0,,,,,Y,,-,"- ",0,1,0,0,0,0,0,0,0,"- ","- ",39.055690765380859,-121.57906341552734,YUBA,UNINCORPORATED,-121.57904052734375,39.056358337402344
91022751,2019,2019-07-02,9285,2019-06-22,1015,016052,,6,1,9,5800,0,3,5,,1,004,"SIMPSON LANE","DAVIS RD",132.00,E,N,A,-,N,,,,,,,,,,Y,3,0,2,2,A,-,09,21801,A,N,D,C,A,A,H,-,A,D,0,,,,,Y,,A,01,0,1,1,0,0,0,0,0,0,"- ","- ",39.141670227050781,-121.57987213134766,YUBA,UNINCORPORATED,-121.57494354248047,39.141654968261719