CASE_ID,ACCIDENT_YEAR,PROC_DATE,JURIS,COLLISION_DATE,COLLISION_TIME,OFFICER_ID,REPORTING_DISTRICT,DAY_OF_WEEK,CHP_SHIFT,POPULATION,CNTY_CITY_LOC,SPECIAL_COND,BEAT_TYPE,CHP_BEAT_TYPE,CITY_DIVISION_LAPD,CHP_BEAT_CLASS,BEAT_NUMBER,PRIMARY_RD,SECONDARY_RD,DISTANCE,DIRECTION,INTERSECTION,WEATHER_1,WEATHER_2,STATE_HWY_IND,CALTRANS_COUNTY,CALTRANS_DISTRICT,STATE_ROUTE,ROUTE_SUFFIX,POSTMILE_PREFIX,POSTMILE,LOCATION_TYPE,RAMP_INTERSECTION,SIDE_OF_HWY,TOW_AWAY,COLLISION_SEVERITY,NUMBER_KILLED,NUMBER_INJURED,PARTY_COUNT,PRIMARY_COLL_FACTOR,PCF_CODE_OF_VIOL,PCF_VIOL_CATEGORY,PCF_VIOLATION,PCF_VIOL_SUBSECTION,HIT_AND_RUN,TYPE_OF_COLLISION,MVIW,PED_ACTION,ROAD_SURFACE,ROAD_COND_1,ROAD_COND_2,LIGHTING,CONTROL_DEVICE,CHP_ROAD_TYPE,PEDESTRIAN_ACCIDENT,BICYCLE_ACCIDENT,MOTORCYCLE_ACCIDENT,TRUCK_ACCIDENT,NOT_PRIVATE_PROPERTY,ALCOHOL_INVOLVED,STWD_VEHTYPE_AT_FAULT,CHP_VEHTYPE_AT_FAULT,COUNT_SEVERE_INJ,COUNT_VISIBLE_INJ,COUNT_COMPLAINT_PAIN,COUNT_PED_KILLED,COUNT_PED_INJURED,COUNT_BICYCLIST_KILLED,COUNT_BICYCLIST_INJURED,COUNT_MC_KILLED,COUNT_MC_INJURED,PRIMARY_RAMP,SECONDARY_RAMP,LATITUDE,LONGITUDE,COUNTY,CITY,POINT_X,POINT_Y
91022947,2019,2019-07-02,9285,2019-06-24,1555,018291,,1,2,9,5800,0,3,5,,1,004,"SIMPSON LN","SIMPSON DANTONI RD",600.00,N,N,A,-,Y,,,,,,,,,,Y,3,0,1,2,A,-,08,22107,,N,B,C,A,A,H,-,A,D,0,,,,,Y,,D,22,0,1,0,0,0,0,0,0,0,"- ","- ",39.137111663818359,-121.55384063720703,YUBA,UNINCORPORATED,-121.55353546142578,39.136947631835938
91023393,2019,2019-07-02,9285,2019-06-25,1545,018768,,2,2,9,5800,0,3,5,,1,002,"BLACKFORD RD","CAMP FAR WEST RD",1056.00,E,N,A,-,N,,,,,,,,,,Y,2,0,1,1,A,-,08,22107,,N,E,I,A,A,H,-,A,D,0,,,,,Y,,A,01,1,0,0,0,0,0,0,0,0,"- ","- ",39.052181243896484,-121.31877899169922,YUBA,UNINCORPORATED,-121.31858062744141,39.052074432373047
91026145,2019,2020-01-16,9285,2019-06-30,1400,018768,,7,2,9,5800,0,3,5,,1,004,"RIVER BANK DR","TRAILHEAD LOOP",4.00,W,N,A,-,N,,,,,,,,,,N,4,0,1,2,A,-,04,21703,,N,D,C,A,A,H,-,A,D,0,,,,,Y,,A,01,0,0,1,0,0,0,0,0,0,"- ","- ",39.115039825439453,-121.54665374755859,YUBA,UNINCORPORATED,-121.54664611816406,39.115089416503906
91030694,2019,2019-07-15,9285,2019-07-03,1009,018291,,3,1,9,5800,0,3,5,,1,004,"PARK AVE.","N. BEALE RD.",0.00,,Y,A,-,N,,,,,,,,,,Y,2,0,2,2,A,-,09,21802,A,N,D,C,A,A,H,-,A,A,0,,,,,Y,,A,01,1,0,1,0,0,0,0,0,0,"- ","- ",39.127548217773438,-121.55857849121094,YUBA,UNINCORPORATED,-121.55850219726562,39.127559661865234
91031456,2019,2019-07-16,9285,2019-07-08,2204,019253,,1,3,9,5800,0,3,5,,1,004,"VIRGINIA RD","OSTROM RD",4752.00,N,N,A,-,N,,,,,,,,,,N,3,0,1,1,A,-,08,22107,,N,E,I,A,A,H,-,A,D,0,,,,,Y,,A,07,0,1,0,0,0,0,0,0,0,"- ","- ",39.084709167480469,-121.48695373535156,YUBA,UNINCORPORATED,-121.48687744140625,39.084060668945312
91031468,2019,2019-07-16,9285,2019-06-30,1325,018561,,7,1,9,5800,0,2,4,,1,041,"N. BEALE RD","FEATHER RIVER BLVD",180.00,W,N,A,-,N,,,,,,,,,,Y,4,0,1,2,A,-,09,21804,A,N,D,C,A,A,H,-,A,D,0,,,,,Y,,A,07,0,0,1,0,0,0,0,0,0,"- ","- ",39.125831604003906,-121.57649230957031,YUBA,UNINCORPORATED,-121.57637786865234,39.125801086425781
91033196,2019,2019-07-18,9285,2019-07-09,1642,020096,,2,2,9,5800,0,1,3,,1,062,SR-20,"WOODRUFF LANE",0.00,,Y,A,-,Y,,,20,,,,,,,N,4,0,1,2,A,-,09,21801,A,N,D,C,A,A,H,-,A,A,0,,,,,Y,,A,07,0,0,1,0,0,0,0,0,0,"- ","- ",39.213951110839844,-121.51284027099609,YUBA,UNINCORPORATED,-121.51255035400391,39.213443756103516
91041128,2019,2019-07-29,9285,2019-07-21,1350,018291,,7,1,9,5800,0,2,4,,1,041,"N. BEALE RD.","GRIFFITH AVE.",0.00,,Y,A,-,Y,,,,,,,,,,Y,3,0,2,2,A,-,09,21802,A,N,D,C,A,A,H,-,A,A,0,,,,,Y,,A,07,0,1,1,0,0,0,0,0,0,"- ","- ",39.128208160400391,-121.52365112304688,YUBA,UNINCORPORATED,-121.52361297607422,39.128231048583984
91042838,2019,2019-09-30,9285,2019-07-22,2235,019085,,1,3,9,5800,0,1,3,,1,060,SR-70,"NOBLE ROAD",1805.00,S,N,A,-,Y,,,70,,,,,,,Y,1,1,0,1,A,-,08,22107,,N,E,I,A,A,H,-,D,D,0,,,,,Y,,A,01,0,0,0,0,0,0,0,0,0,"- ","- ",39.203079223632812,-121.5950927734375,YUBA,UNINCORPORATED,-121.59500885009766,39.203083038330078
91044072,2019,2019-08-02,9285,2019-07-28,1325,017163,,7,1,9,5800,0,1,3,,1,060,"SR-70 N/B","ELLIS RD",163.00,N,N,A,-,Y,,,,,,,,,,Y,3,0,1,1,A,-,08,22107,,N,E,I,A,A,H,-,A,D,0,,,,,Y,,D,22,0,1,0,0,0,0,0,0,0,"- ","- ",39.198329925537109,-121.59485626220703,YUBA,UNINCORPORATED,-121.59493255615234,39.198558807373047
91044821,2019,2019-08-05,9285,2019-07-27,1115,018291,,6,1,9,5800,0,2,4,,1,061,"MARYSVILLE RD","DRY CREEK LN",250.00,N,N,A,-,Y,,,,,,,,,,Y,3,0,1,1,A,-,01,23152,A,N,F,I,A,A,H,-,A,D,0,,,,,Y,Y,A,07,0,1,0,0,0,0,0,0,0,"- ","- ",39.292350769042969,-121.38421630859375,YUBA,UNINCORPORATED,-121.38380432128906,39.292613983154297
91045675,2019,2019-08-05,9285,2019-07-28,1530,019478,,7,2,9,5800,0,2,4,,1,022,"OLIVEHURST AVE","14TH STREET",83.00,N,N,A,-,N,,,,,,,,,,Y,4,0,1,1,A,-,08,22107,,N,E,I,A,A,H,-,A,A,0,,,,,Y,,A,01,0,0,1,0,0,0,0,0,0,"- ","- ",39.084041595458984,-121.55168914794922,YUBA,UNINCORPORATED,-121.55178070068359,39.083988189697266
91046683,2019,2019-08-06,9285,2019-07-27,1730,020106,,6,2,9,5800,0,1,3,,1,062,SR-20,"HALLWOOD BLVD",400.00,W,N,A,-,N,,,20,,,,,,,Y,4,0,1,2,A,-,21,22106,,N,D,C,A,A,H,-,A,D,0,,,,,Y,,A,01,0,0,1,0,0,0,0,0,0,"- ","- ",39.201999664306641,-121.51721954345703,YUBA,UNINCORPORATED,-121.51725006103516,39.2020263671875
91047561,2019,2019-08-07,9285,2019-07-28,2110,019478,,7,2,9,5800,0,1,3,,1,020,SR-70,"FEATHER RIVER BLVD",4224.00,S,N,A,-,Y,,,70,,,,,,,Y,2,0,3,3,A,-,03,22350,,N,C,C,A,A,D,-,D,A,0,,,,,Y,,A,07,2,1,0,0,0,0,0,0,0,"- ","- ",39.117420196533203,-121.56529998779297,YUBA,UNINCORPORATED,-121.56531524658203,39.117401123046875
91051049,2019,2019-08-13,9285,2019-08-08,1613,020096,,4,2,9,5800,0,1,3,,1,060,SR-70,"SILVA AVE",16.00,S,N,A,-,Y,,,70,,,,,,,Y,3,0,1,2,A,-,05,21651,A,N,D,C,A,A,H,-,A,D,0,,,,,Y,,A,01,0,1,0,0,0,0,0,0,0,"- ","- ",39.181110382080078,-121.59233856201172,YUBA,UNINCORPORATED,-121.59230804443359,39.181118011474609
91051417,2019,2019-08-20,9285,2019-08-10,2020,020096,,6,2,9,5800,0,1,3,,1,020,"SR-70 SB","ERLE ROAD",0.00,,Y,B,-,Y,,,,,,,,,,Y,1,1,0,1,A,-,03,22350,,N,E,I,A,A,H,-,A,A,0,,,,,Y,,A,01,0,0,0,0,0,0,0,0,0,"- ","- ",39.112781524658203,-121.56037902832031,YUBA,UNINCORPORATED,-121.5594482421875,39.11322021484375
91051950,2019,2019-08-14,9285,2019-08-10,0450,018291,,6,3,9,5800,0,1,3,,1,020,SR-20,"ERLE RD.",3000.00,N,N,A,-,Y,,,,,,,,,,Y,3,0,1,1,A,-,08,22107,,N,F,I,A,A,C,-,C,D,0,,,,,Y,,A,01,0,1,0,0,0,0,0,0,0,"- ","- ",39.117488861083984,-121.56603240966797,YUBA,UNINCORPORATED,,
91053807,2019,2019-08-16,9285,2019-08-10,0840,016052,,6,1,9,5800,0,2,4,,2,021,"FEATHER RIVER BLVD.","KILBERN AVE",368.00,S,N,A,-,N,,,,,,,,,,Y,4,0,1,1,A,-,03,22350,,N,E,I,A,A,H,-,A,D,0,,,,,Y,,A,07,0,0,1,0,0,0,0,0,0,"- ","- ",39.099029541015625,-121.5789794921875,YUBA,UNINCORPORATED,-121.57888793945312,39.098968505859375
91056121,2019,2019-08-21,9285,2019-08-16,1520,019478,,5,2,9,5800,0,2,4,,1,042,"HAMMONTON SMARTVILLE RD",SR-20,1056.00,S,N,A,-,N,,,,,,,,,,Y,3,0,1,1,A,-,08,22107,,N,E,I,A,A,H,-,A,D,0,,,,,Y,,A,01,0,1,0,0,0,0,0,0,0,"- ","- ",39.199771881103516,-121.28990173339844,YUBA,UNINCORPORATED,-121.28927612304688,39.20025634765625
91065376,2019,2019-09-03,9285,2019-09-01,1710,019478,,7,2,9,5800,0,3,5,,1,002,"PLUMAS LAKE BLVD","SR-70 SB OFF-RAMP",150.00,W,N,A,-,N,,,,,,,,,,Y,3,0,1,1,A,-,01,23152,A,N,E,I,A,A,H,-,A,A,0,,,,,Y,Y,D,22,0,1,0,0,0,0,0,0,0,"- ","- ",39.021568298339844,-121.54878997802734,YUBA,UNINCORPORATED,-121.54718017578125,39.022113800048828
91065567,2019,2019-11-20,9285,2019-08-26,1500,019223,,1,2,9,5800,0,3,5,,1,002,"FORTY MILE RD","OLD 40 MILE RD",24.00,S,N,A,-,N,,,,,,,,,,Y,1,1,0,1,A,-,08,22107,,N,E,I,A,A,H,-,A,D,0,,,,,Y,,D,22,0,0,0,0,0,0,0,0,0,"- ","- ",39.020599365234375,-121.50615692138672,YUBA,UNINCORPORATED,-121.50617980957031,39.020587921142578
91067107,2019,2019-09-04,9285,2019-08-30,1240,017118,,5,1,9,5800,0,1,3,,1,020,"SR-70 N/B","E STREET BRIDGE",400.00,S,N,A,-,Y,,,,,,,,,,Y,4,0,1,2,A,-,03,22350,,N,C,C,A,A,H,-,A,D,0,,,,,Y,,A,01,0,0,1,0,0,0,0,0,0,"- ","- ",39.129531860351562,-121.58544921875,YUBA,UNINCORPORATED,,
91069544,2019,2019-09-06,9285,2019-09-01,1220,017118,,7,1,9,5800,0,3,5,,1,006,"LOMA RICA RD","BONANZA WAY",300.00,E,N,A,-,N,,,,,,,,,,Y,4,0,1,2,A,-,03,22350,,N,B,C,A,A,H,-,A,D,0,,,,,Y,,A,01,0,0,1,0,0,0,0,0,0,"- ","- ",39.313438415527344,-121.40509796142578,YUBA,UNINCORPORATED,-121.40511322021484,39.313423156738281
91075215,2019,2019-09-16,9285,2019-09-05,1645,019223,,4,2,9,5800,0,2,4,,2,025,SR-65,"EVERGREEN DR",4.00,S,N,A,-,Y,,,65,,,,,,,Y,4,0,1,3,A,-,03,22350,,N,C,C,A,A,H,-,A,D,0,,,,,Y,,A,07,0,0,1,0,0,0,0,0,0,"- ","- ",39.016410827636719,-121.43463134765625,YUBA,UNINCORPORATED,-121.43463134765625,39.016407012939453
91080545,2019,2019-09-23,9285,2019-09-09,0900,015976,,1,1,9,5800,0,2,4,,1,042,"HAMMONTON SMARTSVILLE RD","DANTONI RD",0.00,,Y,A,-,N,,,,,,,,,,Y,1,1,1,2,A,-,09,21802,A,N,D,C,A,A,H,-,A,A,0,,,,Y,Y,,A,07,0,1,0,0,0,0,0,0,0,"- ","- ",39.135360717773438,-121.53331756591797,YUBA,UNINCORPORATED,-121.53311157226562,39.135421752929688
91083610,2019,2019-09-26,9285,2019-09-19,1635,018768,,4,2,9,5800,0,3,5,,1,002,"ERLE RD","CHESTNUT RD",10.00,W,N,A,-,N,,,,,,,,,,Y,4,0,1,2,A,-,09,21801,A,N,B,C,A,A,H,-,A,D,0,,,,,Y,,A,01,0,0,1,0,0,0,0,0,0,"- ","- ",39.113121032714844,-121.56285095214844,YUBA,UNINCORPORATED,-121.56296539306641,39.113140106201172
91083821,2019,2019-09-26,9285,2019-09-20,1550,019478,,5,2,9,5800,0,2,4,,1,042,"HAMMONTON SMARTVILLE RD","HACKBERRY WAY",1584.00,E,N,A,-,N,,,,,,,,,,Y,4,0,1,1,A,-,08,22107,,N,F,A,A,A,H,-,A,D,0,,,,,Y,,A,07,0,0,1,0,0,0,0,0,0,"- ","- ",39.158901214599609,-121.46481323242188,YUBA,UNINCORPORATED,-121.46507263183594,39.158767700195312
91083887,2019,2019-10-08,9285,2019-09-24,0700,014878,,2,1,9,5800,0,2,4,,2,025,SR-65,"OAKLEY LN",0.00,,Y,A,-,Y,,,65,,,,,,,Y,2,0,2,2,A,-,09,21802,A,N,D,C,A,A,H,-,B,A,0,,,,,Y,,A,01,1,0,1,0,0,0,0,0,0,"- ","- ",39.034561157226562,-121.46259307861328,YUBA,UNINCORPORATED,-121.46265411376953,39.034469604492188
91083928,2019,2019-09-26,9285,2019-09-24,1530,018768,,2,2,9,5800,0,3,5,,1,002,"FORTY MILE RD","LEACH RD",0.00,,Y,A,-,N,,,,,,,,,,Y,2,0,4,2,A,-,09,21801,A,N,D,C,A,A,H,-,A,A,0,,,,,Y,,A,07,2,2,0,0,0,0,0,0,0,"- ","- ",39.002998352050781,-121.49559783935547,YUBA,UNINCORPORATED,-121.49555206298828,39.002971649169922
91087896,2019,2019-10-01,9285,2019-09-29,0105,019085,,7,3,9,5800,0,2,4,,1,042,"HAMMONTON SMARTVILLE RD","MAPES WAY",65.00,W,N,B,-,N,,,,,,,,,,N,3,0,1,2,A,-,08,22107,,F,A,G,A,A,H,-,D,D,0,,Y,,,Y,,-,99,0,1,0,0,0,0,1,0,0,"- ","- ",39.135108947753906,-121.54830169677734,YUBA,UNINCORPORATED,-121.54815673828125,39.135215759277344
91096446,2019,2019-10-14,9285,2019-10-04,1600,019478,,5,2,9,5800,0,2,4,,2,021,"SR-70 NB OFF-RAMP","FEATHER RIVER BLVD",0.00,,Y,A,-,Y,,,,,,,,,,Y,4,0,1,2,A,-,09,21802,A,N,D,C,A,A,H,-,B,A,0,,,,,Y,,D,22,0,0,1,0,0,0,0,0,0,"- ","- ",39.125240325927734,-121.57620239257812,YUBA,UNINCORPORATED,-121.576193,39.125279999999997
91098177,2019,2019-10-16,9230,2019-10-12,2200,019235,,6,3,9,5800,0,1,3,,1,081,SR-49,"MOONSHINE RD",3696.00,N,N,A,-,Y,,,49,,,,,,,Y,4,0,1,1,A,-,05,21650,,N,E,I,A,A,H,-,D,D,0,,,,,Y,,D,22,0,0,1,0,0,0,0,0,0,"- ","- ",39.402240753173828,-121.07962036132812,YUBA,UNINCORPORATED,-121.07965087890625,39.402225494384766
91100950,2019,2020-02-06,9285,2019-10-12,0050,019253,,6,3,9,5800,0,1,3,,1,060,SR-70,"LAURELLEN RD",350.00,N,N,A,-,Y,,,70,,,,,,,N,2,0,1,1,A,-,03,22350,,N,E,I,A,A,H,-,D,D,0,,,,,Y,,K,45,1,0,0,0,0,0,0,0,0,"- ","- ",39.170951843261719,-121.58992767333984,YUBA,UNINCORPORATED,-121.58985900878906,39.170944213867188
91103741,2019,2019-10-23,9285,2019-10-15,1535,018768,,2,2,1,5802,0,2,4,,2,025,"SB SR-65","EVERGREEN DR",575.00,S,N,A,-,Y,,,65,,,,,,,N,4,0,1,2,A,-,03,22350,,N,C,C,A,A,H,-,A,D,0,,,,,Y,,A,01,0,0,1,0,0,0,0,0,0,"- ","- ",39.015468597412109,-121.43309783935547,YUBA,WHEATLAND,-121.43308258056641,39.0155029296875
91109301,2019,2019-10-29,9285,2019-10-26,1510,019478,,6,2,9,5800,0,1,3,,1,062,SR-20,"SYCAMORE RANCH",0.00,,Y,A,-,Y,,,20,,,,,,,Y,4,0,2,2,A,-,09,21802,A,N,D,C,A,A,H,-,A,A,0,,,,,Y,,A,01,0,0,2,0,0,0,0,0,0,"- ","- ",39.229740142822266,-121.40831756591797,YUBA,UNINCORPORATED,-121.4083251953125,39.229751586914062
91110263,2019,2019-10-30,9285,2019-10-20,0155,019060,,7,3,9,5800,0,2,4,,1,042,"HAMMONTON-SMARTSVILLE RD","SEVEN MOONS",6864.00,W,N,A,-,N,,,,,,,,,,Y,4,0,1,1,A,-,08,22107,,N,E,I,A,A,H,-,D,D,0,,,,,Y,,D,22,0,0,1,0,0,0,0,0,0,"- ","- ",39.191398620605469,-121.3497314453125,YUBA,UNINCORPORATED,-121.34761810302734,39.192924499511719
91113104,2019,2019-11-04,9285,2019-10-15,1420,018108,,2,2,9,5800,0,3,5,,1,006,"JACK SLOUGH RD","KIMBALL LN",990.00,N,N,A,-,N,,,,,,,,,,Y,3,0,1,2,A,-,01,23152,A,M,B,C,A,A,H,-,A,D,0,,,,,Y,Y,D,22,0,1,0,0,0,0,0,0,0,"- ","- ",39.182159423828125,-121.57113647460938,YUBA,UNINCORPORATED,-121.57111358642578,39.182117462158203
91113932,2019,2020-01-07,9285,2019-10-26,0005,019253,,6,3,9,5800,0,2,4,,2,025,"SR-65 N/B","OAKLEY LANE",180.00,N,N,A,-,Y,,,65,,,,,,N,Y,2,0,1,2,A,-,05,21460,A,F,A,C,A,A,H,-,D,D,0,,,,,Y,,A,01,1,0,0,0,0,0,0,0,0,"- ","- ",39.034660339355469,-121.46280670166016,YUBA,UNINCORPORATED,-121.46285247802734,39.03460693359375
91114521,2019,2019-11-06,9285,2019-10-30,1920,018768,,3,2,9,5800,0,1,3,,1,020,"S/B SR-70","ERLE RD",1584.00,S,N,A,-,Y,,,70,,,,,,,Y,4,0,1,2,A,-,03,22350,,N,C,C,A,A,D,-,C,A,0,,,,,Y,,A,01,0,0,1,0,0,0,0,0,0,"- ","- ",39.109729766845703,-121.55661010742188,YUBA,UNINCORPORATED,-121.55663299560547,39.109714508056641
91119172,2019,2019-11-13,9285,2019-11-01,1600,018291,,5,2,9,5800,0,2,4,,2,025,SR-65,"DAIRY RD",1200.00,S,N,A,-,Y,,,65,,,,,,,Y,4,0,1,2,A,-,08,22107,,N,D,C,A,A,H,-,A,D,0,,,,,Y,,A,07,0,0,1,0,0,0,0,0,0,"- ","- ",39.023788452148438,-121.44728851318359,YUBA,UNINCORPORATED,-121.44729614257812,39.023780822753906
91123645,2019,2019-11-19,9285,2019-11-09,1250,016052,,6,1,9,5800,0,2,4,,1,061,"LOMA RICA RD","LOOP RD",50.00,E,N,A,-,N,,,,,,,,,,Y,2,0,3,2,A,-,05,21460,A,N,B,C,A,A,H,-,A,D,0,,,Y,,Y,,C,02,2,0,1,0,0,0,0,0,2,"- ","- ",39.314010620117188,-121.41374969482422,YUBA,UNINCORPORATED,-121.41386413574219,39.313999176025391
91124969,2019,2019-11-20,9285,2019-11-12,1745,018291,,2,2,9,5800,0,2,4,,1,022,"MCGOWAN PKWY","OLIVA AVE",20.00,W,N,A,-,Y,,,,,,,,,,Y,4,0,3,2,A,-,03,22350,,N,C,C,A,A,H,-,C,D,0,,,,,Y,,A,01,0,0,3,0,0,0,0,0,0,"- ","- ",39.077480316162109,-121.53074645996094,YUBA,UNINCORPORATED,-121.53070700000001,39.077458
91130307,2019,2019-11-26,9285,2019-11-16,1510,018291,,6,2,9,5800,0,2,4,,1,022,"LINDHURST AVE.","TULIP RD.",0.00,,Y,A,-,Y,,,,,,,,,,Y,3,0,7,2,A,-,03,22350,,N,C,C,A,A,H,-,A,D,0,,,,,Y,,A,01,0,1,6,0,0,0,0,0,0,"- ","- ",39.105140686035156,-121.55120849609375,YUBA,UNINCORPORATED,-121.55119323730469,39.105121612548828
91131668,2019,2019-11-28,9285,2019-11-26,1405,018291,,2,2,9,5800,0,1,3,,1,020,"SR-70 (N/B)","FEATHER RIVER BLVD",110.00,S,N,C,-,Y,,,70,,,,,,,Y,4,0,3,1,A,-,08,22107,,N,F,A,A,B,G,-,A,D,0,,,,,Y,,A,07,0,0,3,0,0,0,0,0,0,"- ","- ",39.124279022216797,-121.57624053955078,YUBA,UNINCORPORATED,-121.57635498046875,39.124095916748047
91131707,2019,2019-11-29,9285,2019-11-22,1740,016343,,5,2,9,5800,0,2,4,,2,021,"FEATHER RIVER BLVD","N. BEALE ROAD",0.00,,Y,A,-,N,,,,,,,,,,N,3,0,1,2,A,-,09,21801,A,F,F,A,A,A,H,-,C,A,0,,,Y,,Y,Y,-,99,0,1,0,0,0,0,0,0,1,"- ","- ",39.125759124755859,-121.57579803466797,YUBA,UNINCORPORATED,-121.57575988769531,39.125690460205078
91135448,2019,2019-12-04,9230,2019-11-23,1245,017889,,6,1,9,5800,0,1,3,,1,081,SR-49,"RIDGE RD",1584.00,S,N,A,-,Y,,,49,,,,,,,Y,4,0,1,1,C,-,18,,,N,H,H,A,A,H,-,A,D,0,,,,,Y,,-,"- ",0,0,1,0,0,0,0,0,0,"- ","- ",39.408889770507812,-121.07427978515625,YUBA,UNINCORPORATED,-121.07440185546875,39.409011840820312
91139378,2019,2019-12-10,9285,2019-12-06,1700,019085,,5,2,9,5800,0,2,4,,2,025,SR-65,"DRY CREEK LEVEE RD",1056.00,S,N,B,-,Y,,,65,,,,,,,Y,4,0,1,2,A,-,03,22350,,N,C,C,A,A,H,-,B,D,0,,,,,Y,,D,22,0,0,1,0,0,0,0,0,0,"- ","- ",39.020778656005859,-121.44168090820312,YUBA,UNINCORPORATED,-121.44179534912109,39.020572662353516
91141871,2019,2019-12-12,9285,2019-12-08,2210,018291,,7,3,9,5800,0,1,3,,1,062,SR-20,"TIMBUCTOO RD",300.00,E,N,E,-,Y,,,20,,,,,,,Y,3,0,1,1,C,-,18,,,N,E,H,A,A,H,-,D,D,0,,,,,Y,,-,"- ",0,1,0,0,0,0,0,0,0,"- ","- ",39.210430145263672,-121.30947875976562,YUBA,UNINCORPORATED,-121.30948638916016,39.210391998291016
91142938,2019,2019-12-13,9285,2019-12-07,1445,021025,,6,2,9,5800,0,2,4,,1,022,"ARBOGA RD","7TH AVENUE",528.00,S,N,B,-,N,,,,,,,,,,N,4,0,1,2,A,-,01,23152,A,N,C,C,A,B,H,-,A,D,0,,,,,Y,Y,D,22,0,0,1,0,0,0,0,0,0,"- ","- ",39.093719482421875,-121.56085968017578,YUBA,UNINCORPORATED,-121.56082153320312,39.094039916992188
91143001,2019,2019-12-13,9285,2019-12-06,1740,020096,,5,2,9,5800,0,2,4,,2,025,SR-65,"OAKLEY LN",1056.00,S,N,B,-,Y,,,65,,,,,,,Y,3,0,3,2,A,-,03,22350,,N,C,C,A,A,H,-,D,D,0,,,,,Y,,A,01,0,2,1,0,0,0,0,0,0,"- ","- ",39.030269622802734,-121.456787109375,YUBA,UNINCORPORATED,-121.45673370361328,39.030353546142578
91144197,2019,2019-12-16,9285,2019-12-05,1825,020106,,4,2,9,5800,0,2,4,,1,041,SR-70,"FEATHER RIVER BLVD",209.00,N,N,B,-,Y,,,70,,,,,,,Y,4,0,1,2,A,-,03,22350,,N,C,C,A,B,H,-,D,D,0,,,,,Y,,A,01,0,0,1,0,0,0,0,0,0,"- ","- ",39.125080108642578,-121.57801055908203,YUBA,UNINCORPORATED,-121.57801055908203,39.125083923339844
91145418,2019,2019-12-17,9285,2019-12-07,1650,019478,,6,2,9,5800,0,1,3,,1,020,"SR-70 SB","MCGOWAN PKY",2640.00,N,N,C,-,Y,,,,,,,,,,Y,4,0,1,1,A,-,03,22350,,N,E,I,A,B,H,-,D,D,0,,,,,Y,,A,01,0,0,1,0,0,0,0,0,0,"- ","- ",39.090248107910156,-121.54129791259766,YUBA,UNINCORPORATED,-121.54196929931641,39.084556579589844
91149707,2019,2019-12-23,9285,2019-12-16,1810,019478,,1,2,9,5800,0,2,4,,1,041,"NORTH BEALE RD","HAMMONTON SMARTSVILLE RD",50.00,W,N,A,-,N,,,,,,,,,,Y,4,0,2,3,A,-,08,22107,,N,C,C,A,A,H,-,D,A,0,,,,,Y,,A,01,0,0,2,0,0,0,0,0,0,"- ","- ",39.127620697021484,-121.55619049072266,YUBA,UNINCORPORATED,-121.55582427978516,39.127643585205078
91151064,2019,2019-12-23,9285,2019-12-11,0615,015976,,3,1,9,5800,0,2,4,,1,061,"MARYSVILLE RD.","LOMA RICA RD",550.00,S,N,C,-,N,,,,,,,,,,N,2,0,1,2,A,-,11,21954,A,N,G,B,E,B,G,-,D,D,0,Y,,,,Y,,N,60,1,0,0,0,1,0,0,0,0,"- ","- ",39.326839447021484,-121.34272003173828,YUBA,UNINCORPORATED,-121.34259796142578,39.327182769775391
91151846,2019,2020-01-02,9285,2019-12-14,2055,018475,,6,2,9,5800,0,3,5,,1,002,"ALGODON ROAD","FEATHER RIVER BLVD",3960.00,E,N,A,-,N,,,,,,,,,,Y,4,0,2,1,A,-,03,22350,,F,E,I,A,A,H,-,D,D,0,,,,,Y,Y,A,01,0,0,2,0,0,0,0,0,0,"- ","- ",39.010978698730469,-121.56466674804688,YUBA,UNINCORPORATED,-121.56465148925781,39.010898590087891
91153427,2019,2020-04-24,9285,2019-12-19,1420,020096,,4,2,9,5800,0,2,4,,1,042,"HAMMONTON SMARTVILLE RD","HACKBERRY WAY",600.00,E,N,A,-,N,,,,,,,,,,Y,4,0,2,2,A,-,06,21755,,N,B,C,A,A,H,-,A,D,0,,,,,Y,,A,01,0,0,2,0,0,0,0,0,0,"- ","- ",39.157669067382812,-121.46814727783203,YUBA,UNINCORPORATED,-121.46825408935547,39.157688140869141
91158494,2019,2020-01-03,9285,2019-12-18,0735,019223,,3,1,9,5800,0,2,4,,1,022,"ARBOGA RD","SKY HARBOR DR",1063.00,N,N,B,C,N,,,,,,,,,,Y,4,0,1,2,A,-,08,22107,,N,D,C,A,B,H,-,B,D,0,,,,,Y,,J,48,0,0,1,0,0,0,0,0,0,"- ","- ",39.099510192871094,-121.56078338623047,YUBA,UNINCORPORATED,-121.56074523925781,39.099506378173828