CASE_ID,ACCIDENT_YEAR,PROC_DATE,JURIS,COLLISION_DATE,COLLISION_TIME,OFFICER_ID,REPORTING_DISTRICT,DAY_OF_WEEK,CHP_SHIFT,POPULATION,CNTY_CITY_LOC,SPECIAL_COND,BEAT_TYPE,CHP_BEAT_TYPE,CITY_DIVISION_LAPD,CHP_BEAT_CLASS,BEAT_NUMBER,PRIMARY_RD,SECONDARY_RD,DISTANCE,DIRECTION,INTERSECTION,WEATHER_1,WEATHER_2,STATE_HWY_IND,CALTRANS_COUNTY,CALTRANS_DISTRICT,STATE_ROUTE,ROUTE_SUFFIX,POSTMILE_PREFIX,POSTMILE,LOCATION_TYPE,RAMP_INTERSECTION,SIDE_OF_HWY,TOW_AWAY,COLLISION_SEVERITY,NUMBER_KILLED,NUMBER_INJURED,PARTY_COUNT,PRIMARY_COLL_FACTOR,PCF_CODE_OF_VIOL,PCF_VIOL_CATEGORY,PCF_VIOLATION,PCF_VIOL_SUBSECTION,HIT_AND_RUN,TYPE_OF_COLLISION,MVIW,PED_ACTION,ROAD_SURFACE,ROAD_COND_1,ROAD_COND_2,LIGHTING,CONTROL_DEVICE,CHP_ROAD_TYPE,PEDESTRIAN_ACCIDENT,BICYCLE_ACCIDENT,MOTORCYCLE_ACCIDENT,TRUCK_ACCIDENT,NOT_PRIVATE_PROPERTY,ALCOHOL_INVOLVED,STWD_VEHTYPE_AT_FAULT,CHP_VEHTYPE_AT_FAULT,COUNT_SEVERE_INJ,COUNT_VISIBLE_INJ,COUNT_COMPLAINT_PAIN,COUNT_PED_KILLED,COUNT_PED_INJURED,COUNT_BICYCLIST_KILLED,COUNT_BICYCLIST_INJURED,COUNT_MC_KILLED,COUNT_MC_INJURED,PRIMARY_RAMP,SECONDARY_RAMP,LATITUDE,LONGITUDE,COUNTY,CITY,POINT_X,POINT_Y
91278600,2020,2020-07-31,9285,2020-07-27,1840,020070,,1,2,9,5800,0,2,4,,1,042,"HAMMONTON SMARTSVILLE RD","SOUTH GOLDEN PKWY",500.00,W,N,A,-,N,,,,,,,,,,Y,3,0,1,1,A,-,03,22350,,N,F,A,A,A,H,-,A,D,0,,,,,Y,,A,07,0,1,0,0,0,0,0,0,0,"- ","- ",39.198158264160156,-121.31831359863281,YUBA,UNINCORPORATED,-121.31796264648438,39.198348999023438
91279410,2020,2020-08-03,9285,2020-07-23,0310,020454,,4,3,9,5800,0,1,3,,1,020,"SR-70 S/B","MCGOWAN PKY",4368.00,S,N,A,-,Y,,,,,,,,,,Y,4,0,1,2,A,-,03,22350,,N,C,C,A,A,H,-,C,D,0,,,,,Y,,D,22,0,0,1,0,0,0,0,0,0,"- ","- ",39.065059661865234,-121.54202270507812,YUBA,UNINCORPORATED,-121.54170989990234,39.065410614013672
9128030,2020,2020-11-14,5801,2020-06-19,2149,318,"YUBA ",5,5,3,5801,0,0,0,,0,5801,"B ST","11TH ST",0.00,,Y,A,-,Y,YUB,3,20,-,-,1.397,I,5,W,N,3,0,1,2,A,-,11,21954,A,N,G,B,D,A,H,-,C,D,0,Y,,,,Y,Y,N,60,0,1,0,0,1,0,0,0,0,"- ","- ",,,YUBA,MARYSVILLE,-121.58686065673828,39.146774291992188
9128034,2020,2020-11-14,5801,2020-06-14,1301,326,"YUBA ",7,5,3,5801,0,0,0,,0,5801,"E ST","3RD ST",800.00,S,N,A,-,Y,YUB,3,70,-,-,14.200,H,-,E,N,2,0,1,2,A,-,11,21956,A,N,G,B,E,A,H,-,A,D,0,Y,,,,Y,Y,N,60,1,0,0,0,1,0,0,0,0,"- ","- ",,,YUBA,MARYSVILLE,-121.59011840820312,39.137313842773438
91280948,2020,2020-08-05,9285,2020-07-26,1949,021920,,7,2,9,5800,0,3,5,,1,002,"N BEAL RD","SILVERWOOD ST",103.00,W,N,A,-,N,,,,,,,,,,Y,4,0,1,2,A,-,03,22350,,N,C,C,A,A,H,-,A,D,0,,,,,Y,,A,01,0,0,1,0,0,0,0,0,0,"- ","- ",39.127208709716797,-121.56343841552734,YUBA,UNINCORPORATED,-121.56334686279297,39.127281188964844
91283945,2020,2020-08-11,9285,2020-08-01,1245,020070,,6,1,9,5800,0,3,5,,1,004,"HAMMONTON SMARTVILLE RD","GRIFFITH AVE.",15.00,E,N,A,-,N,,,,,,,,,,Y,4,0,1,2,A,-,08,22107,,N,B,C,A,A,H,-,A,D,0,,,,,Y,,D,22,0,0,1,0,0,0,0,0,0,"- ","- ",39.138259887695312,-121.52362060546875,YUBA,UNINCORPORATED,-121.52371215820312,39.138187408447266
91284061,2020,2020-08-11,9285,2020-08-02,1735,021025,,7,2,9,5800,0,1,3,,1,020,"SR-70 S/B","FEATHER RIVER BLVD OVERCROSSING",1300.00,S,N,A,-,Y,,,,,,,,,,Y,1,1,0,1,A,-,08,22107,,N,E,I,A,A,H,-,A,D,0,,,,,Y,,D,22,0,0,0,0,0,0,0,0,0,"- ","- ",38.974529266357422,-121.54334259033203,YUBA,UNINCORPORATED,-121.57358551025391,39.122196197509766
91284366,2020,2020-10-08,9285,2020-08-05,1420,021025,,3,2,9,5800,0,2,4,,1,041,"NORTH BEALE RD","HAMMONTON SMARTVILLE RD",0.00,,Y,A,-,N,,,,,,,,,,Y,4,0,1,2,A,-,12,21453,A,N,D,C,A,A,H,-,A,A,0,,,,,Y,,A,01,0,0,1,0,0,0,0,0,0,"- ","- ",39.127498626708984,-121.55536651611328,YUBA,UNINCORPORATED,-121.55564880371094,39.127651214599609
91284728,2020,2020-08-12,9285,2020-07-31,0655,016052,,5,1,9,5800,0,2,4,,1,022,"OLIVEHURST AVE","9TH AVENUE",90.00,N,N,A,-,N,,,,,,,,,,Y,3,0,1,3,A,-,08,22107,,M,B,E,A,A,H,-,A,D,0,,,,Y,Y,,D,22,0,1,0,0,0,0,0,0,0,"- ","- ",39.091831207275391,-121.55172729492188,YUBA,UNINCORPORATED,-121.55171966552734,39.091907501220703
91289800,2020,2020-08-20,9230,2020-08-12,0540,019235,,3,3,9,5800,0,1,3,,1,081,SR-49,"SNOWLINE TRAIL",1056.00,S,N,A,-,Y,,,49,,,,,,,Y,3,0,1,1,A,-,05,21650,,N,E,I,A,A,H,-,B,D,0,,,,,Y,,A,07,0,1,0,0,0,0,0,0,0,"- ","- ",39.484088897705078,-121.04045867919922,YUBA,UNINCORPORATED,-121.04049682617188,39.484107971191406
91290510,2020,2020-08-21,9230,2020-08-17,0810,018691,,1,1,9,5800,0,1,3,,1,081,SR-49,"RIDGE ROAD",792.00,S,N,A,-,Y,,,49,,,,,,,Y,3,0,1,1,A,-,08,22107,,N,E,I,A,A,H,-,A,D,0,,,,,Y,,A,07,0,1,0,0,0,0,0,0,0,"- ","- ",39.370731353759766,-121.10215759277344,YUBA,UNINCORPORATED,-121.1021728515625,39.370765686035156
91291090,2020,2020-08-24,9285,2020-08-15,0320,020106,,6,3,9,5800,0,2,4,,2,025,SR-65,"MORRISON RD",167.00,N,N,A,-,Y,,,65,,,,,,,Y,4,0,1,1,A,-,08,22107,,N,F,A,A,A,H,-,D,D,0,,,Y,,Y,Y,C,02,0,0,1,0,0,0,0,0,1,"- ","- ",39.042308807373047,-121.47611999511719,YUBA,UNINCORPORATED,-121.47609710693359,39.042469024658203
91291610,2020,2020-08-24,9285,2020-08-15,0948,015491,,6,1,9,5800,0,3,5,,1,002,"7TH AVENUE","WESTERN AVEUE",0.00,,Y,A,-,N,,,,,,,,,,Y,4,0,1,2,A,-,09,21802,A,N,D,C,A,A,H,-,A,A,0,,,,,Y,,J,48,0,0,1,0,0,0,0,0,0,"- ","- ",39.095401763916016,-121.55612182617188,YUBA,UNINCORPORATED,-121.55623199999999,39.095371999999998
91292054,2020,2020-08-25,9285,2020-08-15,1810,019223,,6,2,9,5800,0,3,5,,1,004,"SPENCEVILLE RD","NICHOLS RD",1623.00,S,N,A,-,N,,,,,,,,,,Y,3,0,1,1,A,-,03,22350,,N,F,A,A,A,H,-,A,D,0,,,,,Y,,A,01,0,1,0,0,0,0,0,0,0,"- ","- ",39.109401702880859,-121.282958984375,YUBA,UNINCORPORATED,-121.28298950195312,39.109428405761719
91292989,2020,2020-08-26,9285,2020-08-21,0817,014401,,5,1,9,5800,0,2,4,,1,041,"NORTH BEALE RD","WIGET AVE",0.00,,Y,A,-,N,,,,,,,,,,Y,3,0,2,2,A,-,08,22107,,N,D,C,A,A,H,-,A,D,0,,,,,Y,,D,22,0,1,1,0,0,0,0,0,0,"- ","- ",39.127719879150391,-121.55113983154297,YUBA,UNINCORPORATED,-121.55104064941406,39.127738952636719
91293663,2020,2020-08-27,9285,2020-08-20,2130,020454,,4,2,9,5800,0,3,5,,1,004,"SIMPSON LN","BABBINGTON RD",1533.00,E,N,A,-,N,,,,,,,,,,Y,4,0,3,2,A,-,08,22107,,N,B,C,A,A,H,-,D,D,0,,,,,Y,,A,01,0,0,3,0,0,0,0,0,0,"- ","- ",39.139240264892578,-121.56336212158203,YUBA,UNINCORPORATED,-121.55961608886719,39.138446807861328
91296392,2020,2020-08-31,9285,2020-08-26,1825,020070,,3,2,9,5800,0,2,4,,1,061,"LOMA RICA RD","LOOP RD",25.00,W,N,A,-,N,,,,,,,,,,Y,3,0,1,2,A,-,03,22350,,N,C,C,A,A,H,-,A,D,0,,,,,Y,,A,01,0,1,0,0,0,0,0,0,0,"- ","- ",39.313968658447266,-121.41416931152344,YUBA,UNINCORPORATED,-121.41413116455078,39.313991546630859
91297082,2020,2020-09-01,9285,2020-08-23,1437,020096,,7,2,9,5800,0,3,5,,1,002,"GRAND AVE","GLEDHILL AVE",256.00,E,N,B,-,N,,,,,,,,,,Y,4,0,1,2,C,-,18,,,N,E,I,A,A,H,-,A,D,0,,,,,Y,,-,"- ",0,0,1,0,0,0,0,0,0,"- ","- ",39.115959167480469,-121.57401275634766,YUBA,UNINCORPORATED,-121.57240295410156,39.117198944091797
91297558,2020,2020-09-15,9285,2020-08-27,0019,021920,,4,3,9,5800,0,2,4,,1,022,"MCGOWAN PKY","ROSE AVE",15.00,E,N,A,-,N,,,,,,,,,,Y,3,0,1,2,A,-,01,23152,A,N,A,C,A,A,H,-,C,D,0,,,,,Y,Y,A,01,0,1,0,0,0,0,0,0,0,"- ","- ",39.077430725097656,-121.53366088867188,YUBA,UNINCORPORATED,-121.53369903564453,39.077430725097656
91300384,2020,2020-09-08,9285,2020-09-01,0045,021920,,2,3,9,5800,0,3,5,,1,002,"OAKLEY LN","DAIRY RD",2851.00,N,N,A,-,N,,,,,,,,,,N,2,0,2,3,A,-,08,22107,,F,C,C,F,A,H,-,D,D,0,Y,,,,Y,Y,-,99,1,1,0,0,1,0,0,0,0,"- ","- ",39.031238555908203,-121.46099853515625,YUBA,UNINCORPORATED,-121.46099853515625,39.031181335449219
91300442,2020,2020-09-08,9285,2020-08-26,1930,020070,,3,2,9,5800,0,3,5,,1,008,"FRENCHTOWN RD","NEW YORK HOUSE RD",5000.00,S,N,F,-,N,,,,,,,,,,Y,2,0,1,1,A,-,03,22350,,N,E,I,A,A,H,-,D,D,0,,,,,Y,,D,23,1,0,0,0,0,0,0,0,0,"- ","- ",39.429908752441406,-121.26400756835938,YUBA,UNINCORPORATED,-121.26075744628906,39.426689147949219
9130327,2020,2020-11-06,5801,2020-07-24,0755,302,,5,5,3,5801,0,0,0,,0,,"5TH ST","H ST",0.00,,Y,A,-,N,,,,,,,,,,Y,4,0,1,2,A,-,12,21453,A,N,D,D,A,A,D,-,A,A,0,,,,,Y,,A,01,0,0,1,0,0,0,0,0,0,"- ","- ",,,YUBA,MARYSVILLE,-121.59504699707031,39.139858245849609
91304138,2020,2020-09-14,9285,2020-09-07,1614,021460,,1,2,9,5800,0,3,5,,1,004,"NORTH BEALE RD","WIDGET AVE",0.00,,Y,A,-,N,,,,,,,,,,Y,3,0,2,2,A,-,09,21801,A,N,D,C,A,A,H,-,A,A,0,,,,,Y,,A,08,0,2,0,0,0,0,0,0,0,"- ","- ",39.127738952636719,-121.55106353759766,YUBA,UNINCORPORATED,-121.55103099999999,39.127732000000002
91313664,2020,2020-09-28,9285,2020-09-16,1525,015491,,3,2,9,5800,0,1,3,,1,020,"STATE ROUTE 70","ERLE ROAD",160.00,S,N,A,-,Y,,,70,,,,,,,Y,2,0,1,3,A,-,17,23114,A,N,F,A,A,A,H,-,A,D,0,,,Y,,Y,,D,22,1,0,0,0,0,0,0,0,1,"- ","- ",39.112751007080078,-121.55873107910156,YUBA,UNINCORPORATED,-121.55868530273438,39.112785339355469
91316481,2020,2020-10-02,9285,2020-09-25,2250,021460,,5,3,9,5800,0,1,3,,1,062,"SR-20 E/B","LOMA RICA RD",1840.00,E,N,A,-,Y,,,20,,,,,,E,Y,4,0,2,2,A,-,03,22350,,N,C,C,A,A,D,-,D,A,0,,,,,Y,,A,07,0,0,2,0,0,0,0,0,0,"- ","- ",39.214099884033203,-121.50412750244141,YUBA,UNINCORPORATED,-121.50412750244141,39.214168548583984
91316602,2020,2020-10-02,9230,2020-09-25,1500,020425,,5,2,9,5800,0,1,3,,1,081,SR-49,"RIDGE ROAD",4600.00,S,N,A,-,Y,,,49,,,,,,,Y,3,0,2,1,A,-,08,22107,,N,F,I,A,A,H,-,A,D,0,,,,,Y,,D,22,0,2,0,0,0,0,0,0,0,"- ","- ",39.403049468994141,-121.07763671875,YUBA,UNINCORPORATED,-121.07802581787109,39.403583526611328
91328270,2020,2020-10-21,9285,2020-10-14,0105,019830,,3,3,9,5800,0,2,4,,2,021,"FEATHER RIVER BLVD","RICH RD",473.00,S,N,A,-,N,,,,,,,,,,Y,3,0,1,1,A,-,08,22107,,N,F,I,A,A,H,-,D,D,0,,,,,Y,,A,01,0,1,0,0,0,0,0,0,0,"- ","- ",39.022270202636719,-121.57882690429688,YUBA,UNINCORPORATED,-121.57878875732422,39.022422790527344
91332464,2020,2020-10-27,9285,2020-10-16,1345,016052,,5,1,9,5800,0,2,4,,1,041,"N BEALE ROAD","N. BEALE ROAD",8.00,N,N,A,-,N,,,,,,,,,,N,4,0,1,2,A,-,09,21801,A,N,D,C,A,A,H,-,A,D,0,,,,,Y,,D,22,0,0,1,0,0,0,0,0,0,"- ","- ",39.125728607177734,-121.57644653320312,YUBA,UNINCORPORATED,-121.58403778076172,39.129138946533203
91336142,2020,2020-11-02,9285,2020-10-27,0655,018475,,2,1,9,5800,0,1,3,,1,060,"SR-70 E/B","BETTENCOURT LN",100.00,N,N,A,-,Y,,,70,,,,,,E,Y,4,0,1,3,A,-,03,22350,,N,C,C,A,A,H,-,B,D,0,,,,,Y,,A,08,0,0,1,0,0,0,0,0,0,"- ","- ",39.212909698486328,-121.59855651855469,YUBA,UNINCORPORATED,-121.59860229492188,39.212890625
9134202,2020,2020-10-08,5802,2020-07-18,1801,607,5802,6,5,1,5802,0,0,0,,0,,"C ST","3RD ST",0.00,,Y,A,-,N,,,,,,,,,,N,4,0,1,2,A,-,17,21657,,N,D,C,A,A,H,-,A,D,0,,,,,Y,,A,07,0,0,1,0,0,0,0,0,0,"- ","- ",,,YUBA,WHEATLAND,-121.42347717285156,39.011909484863281
91344122,2020,2020-11-12,9285,2020-10-30,1325,015491,,5,1,9,5800,0,1,3,,1,020,"STATE ROUTE 70 SOUTHBOUND","ERLE ROAD",150.00,S,N,A,-,Y,,,,,,,,,,Y,3,0,7,5,A,-,17,23114,A,N,C,C,A,A,H,-,A,D,0,,,,,Y,,E,22,0,1,6,0,0,0,0,0,0,"- ","- ",39.113430023193359,-121.55960083007812,YUBA,UNINCORPORATED,-121.55912780761719,39.112892150878906
91344202,2020,2020-11-12,9285,2020-11-02,0015,021025,,1,3,9,5800,0,3,5,,1,006,"JACK SLOUGH RD","KIMBALL LN",2600.00,N,N,A,-,N,,,,,,,,,,Y,3,0,1,1,A,-,08,22107,,N,E,I,A,A,H,-,D,D,0,,,,,Y,,A,01,0,1,0,0,0,0,0,0,0,"- ","- ",39.186698913574219,-121.5709228515625,YUBA,UNINCORPORATED,-121.57098388671875,39.186531066894531
91347322,2020,2020-11-17,9285,2020-11-07,0054,021460,,6,3,9,5800,0,3,5,,1,006,"JACK SLOUGH RD","WOODRUFF LANE",3220.00,S,N,C,-,N,,,,,,,,,,Y,3,0,2,1,A,-,01,23152,A,N,F,I,A,B,H,-,D,A,0,,,,,Y,Y,D,22,0,1,1,0,0,0,0,0,0,"- ","- ",39.206230163574219,-121.56214904785156,YUBA,UNINCORPORATED,-121.56206512451172,39.206378936767578
91350562,2020,2020-11-20,9285,2020-11-11,1503,019223,,3,2,9,5800,0,2,4,,1,042,"HAMMONTON SMARTSVILLE RD","HENWOOD RANCH RD",2824.00,E,N,A,-,N,,,,,,,,,,Y,3,0,1,1,A,-,08,22107,,N,E,I,A,A,H,-,A,A,0,,,,,Y,,A,01,0,1,0,0,0,0,0,0,0,"- ","- ",39.191200256347656,-121.350341796875,YUBA,UNINCORPORATED,-121.35043334960938,39.191230773925781
91353455,2020,2020-11-25,9285,2020-11-18,0430,021460,,3,3,9,5800,0,3,5,,1,002,SR-70,"FEATHER RIVER BLVD",1640.00,N,N,C,-,Y,,,70,,,,,,,Y,4,0,1,1,A,-,03,22350,,N,E,I,A,B,H,-,D,A,0,,,,,Y,,A,01,0,0,1,0,0,0,0,0,0,"- ","- ",38.983001708984375,-121.54286956787109,YUBA,UNINCORPORATED,-121.54296875,38.982997894287109
91357186,2020,2020-12-02,9285,2020-11-21,0735,018291,,6,1,9,5800,0,1,3,,1,060,SR-70,"WOODRUFF LN",1500.00,N,N,A,-,Y,,,70,,,,,,,Y,3,0,2,2,A,-,04,21703,,N,C,C,A,A,H,-,A,D,0,,,Y,,Y,,A,01,0,2,0,0,0,0,0,0,2,"- ","- ",39.223411560058594,-121.60118103027344,YUBA,UNINCORPORATED,-121.60118865966797,39.223411560058594
91359260,2020,2020-12-04,9285,2020-11-26,1825,020454,,4,2,9,5800,0,3,5,,1,006,"SR-70 N/B","LAURELLEN RD",1872.00,N,N,A,-,Y,,,,,,,,,,Y,3,0,2,3,A,-,03,22350,,N,C,C,A,A,H,-,D,D,0,,,,,Y,,A,01,0,1,1,0,0,0,0,0,0,"- ","- ",39.175151824951172,-121.59066772460938,YUBA,UNINCORPORATED,-121.59064483642578,39.175029754638672
91359730,2020,2020-12-07,9285,2020-11-24,1640,020106,,2,2,9,5800,0,1,3,,1,020,SR-70,"FEATHER RIVER BLVD",20.00,N,N,A,-,Y,,,70,,,,,,,Y,4,0,1,3,A,-,01,23152,A,N,C,C,A,A,H,-,B,A,0,,,,,Y,Y,A,07,0,0,1,0,0,0,0,0,0,"- ","- ",39.125030517578125,-121.57791900634766,YUBA,UNINCORPORATED,-121.57791900634766,39.125030517578125
91366637,2020,2020-12-14,9285,2020-12-04,1334,018291,,5,1,9,5800,0,2,4,,1,041,"N. BEALE RD.","FEATHER RIVER BLVD",1600.00,W,N,A,-,N,,,,,,,,,,N,4,0,1,2,A,-,03,22350,,N,C,C,A,A,H,-,A,D,0,,,,,Y,,A,01,0,0,1,0,0,0,0,0,0,"- ","- ",39.127918243408203,-121.58188629150391,YUBA,UNINCORPORATED,-121.58088684082031,39.127471923828125
91367521,2020,2020-12-15,9285,2020-12-11,1730,020454,,5,2,9,5800,0,3,5,,1,006,"SR-70 S/B","BOYER RD",1555.00,S,N,A,-,Y,,,,,,,,,,Y,3,0,1,2,A,-,03,22350,,N,C,C,A,A,H,-,D,D,0,,,,,Y,,A,07,0,1,0,0,0,0,0,0,0,"- ","- ",39.252208709716797,-121.59909820556641,YUBA,UNINCORPORATED,-121.59906005859375,39.252231597900391
91367528,2020,2020-12-16,9285,2020-12-14,0745,018475,,1,1,9,5800,0,2,4,,1,042,"HAMMONTON SMARTVILLE RD","BROPHY RD",1000.00,E,N,B,E,N,,,,,,,,,,Y,3,0,1,1,A,-,08,22107,,N,E,I,A,B,H,-,A,D,0,,,,,Y,,A,07,0,1,0,0,0,0,0,0,0,"- ","- ",39.153541564941406,-121.480712890625,YUBA,UNINCORPORATED,-121.48307800292969,39.152622222900391
91368495,2020,2020-12-16,9285,2020-12-15,2320,021460,,2,3,9,5800,0,3,5,,1,002,"WESTERN AVE","8TH AVENUE",115.00,N,N,B,-,N,,,,,,,,,,Y,4,0,1,1,A,-,08,22107,,N,E,I,A,B,H,-,C,A,0,,,,,Y,,A,01,0,0,1,0,0,0,0,0,0,"- ","- ",39.093830108642578,-121.55621337890625,YUBA,UNINCORPORATED,-121.55622100830078,39.093864440917969
91371205,2020,2020-12-18,9285,2020-12-11,1720,017393,,5,2,9,5800,0,2,4,,2,081,"MARYSVILLE ROAD","LEAHS WAY",660.00,N,N,B,-,N,,,,,,,,,,Y,2,0,2,2,A,-,08,22107,,N,A,C,A,B,H,-,D,D,0,,,,,Y,,A,01,1,1,0,0,0,0,0,0,0,"- ","- ",39.348159790039062,-121.33058929443359,YUBA,UNINCORPORATED,-121.33055114746094,39.348171234130859
91372825,2020,2020-12-22,9285,2020-12-11,1705,020106,,5,2,9,5800,0,1,3,,1,060,SR-70,"MAGNOLIA RD",0.00,,N,C,-,Y,,,70,,,,,,,Y,1,1,0,1,A,-,08,22107,,N,E,I,A,B,H,-,D,D,0,,,,,Y,Y,A,01,0,0,0,0,0,0,0,0,0,"- ","- ",39.235328674316406,-121.60045623779297,YUBA,UNINCORPORATED,-121.60035705566406,39.235321044921875
91372886,2020,2020-12-22,9285,2020-12-05,1135,015491,,6,1,9,5800,0,1,3,,1,020,"STATE ROUTE 70","ERLE ROAD",250.00,S,N,A,-,Y,,,70,,,,,,,N,2,0,1,2,A,-,03,22350,,N,C,C,A,A,H,-,A,A,0,,,Y,,Y,,C,02,1,0,0,0,0,0,0,0,1,"- ","- ",39.109531402587891,-121.55619049072266,YUBA,UNINCORPORATED,-121.55621337890625,39.109512329101562
91374646,2020,2020-12-24,9285,2020-12-15,0605,015976,,2,1,9,5800,0,3,5,,1,004,"SIMPSON LN.","SIMPSON DANTONI RD",0.00,,N,B,-,N,,,,,,,,,,Y,2,0,1,1,A,-,03,22350,,N,E,I,A,B,H,-,C,D,0,,,,,Y,,A,01,1,0,0,0,0,0,0,0,0,"- ","- ",39.136260986328125,-121.55268859863281,YUBA,UNINCORPORATED,-121.55245971679688,39.135570526123047
91378717,2020,2020-12-31,9285,2020-12-21,0720,018475,,1,1,9,5800,0,2,4,,1,022,"FEATHER RIVER BLVD","ELLA AVE",8.00,N,N,E,-,N,,,,,,,,,,N,4,0,1,2,A,-,09,21801,A,N,D,C,A,B,H,-,D,D,0,,,,,Y,,D,22,0,0,1,0,0,0,0,0,0,"- ","- ",39.069389343261719,-121.57895660400391,YUBA,UNINCORPORATED,-121.57892608642578,39.069362640380859
91379980,2020,2021-01-04,9285,2020-12-24,1305,014878,,4,1,9,5800,0,2,4,,1,022,"ARBOGA RD","GRAND AVE",950.00,S,N,A,-,N,,,,,,,,,,N,3,0,1,3,A,-,03,22350,,F,C,C,A,A,H,-,A,D,0,,,,,Y,Y,-,99,0,1,0,0,0,0,0,0,0,"- ","- ",39.116359710693359,-121.56893920898438,YUBA,UNINCORPORATED,-121.56893157958984,39.116256713867188
91383355,2021,2021-01-07,9285,2021-01-03,2120,019223,,7,2,9,5800,0,2,4,,2,021,"FEATHER RIVER BLVD","ALGODON ROAD",1719.00,N,N,A,-,N,,,,,,,,,,Y,3,0,1,1,A,-,03,22350,,N,E,I,A,A,H,-,D,D,0,,,,,Y,,A,01,0,1,0,0,0,0,0,0,0,"- ","- ",39.011100769042969,-121.5784912109375,YUBA,UNINCORPORATED,-121.57843017578125,39.011093139648438
91389411,2021,2021-01-18,9285,2021-01-09,1755,020070,,6,2,9,5800,0,2,4,,2,025,"SR-65 SOUTHBOUND","FORTY MILE RD",5000.00,S,N,B,-,Y,,,65,,,,,,S,Y,4,0,1,2,A,-,03,22350,,F,C,C,A,A,H,-,D,D,0,,,,Y,Y,,A,07,0,0,1,0,0,0,0,0,0,"- ","- ",39.052158355712891,-121.49578094482422,YUBA,UNINCORPORATED,-121.49576568603516,39.052177429199219
91393712,2021,2021-01-25,9285,2021-01-17,1904,019223,,7,2,9,5800,0,2,4,,1,041,"NORTH BEALE RD","AVONDALE AVE",357.00,W,N,A,-,N,,,,,,,,,,N,3,0,1,2,A,-,11,21950,B,F,G,B,E,A,H,-,C,D,0,Y,,,,Y,,N,60,0,1,0,0,1,0,0,0,0,"- ","- ",39.125720977783203,-121.56842041015625,YUBA,UNINCORPORATED,-121.56840515136719,39.125774383544922
91394568,2021,2021-01-26,9285,2021-01-14,0637,015491,,4,1,9,5800,0,3,5,,1,002,"FORTY MILE ROAD","OF RANCHO ROAD",390.00,S,N,E,-,N,,,,,,,,,,N,2,0,1,2,A,-,11,21956,,N,G,B,E,B,H,-,D,D,0,Y,,,,Y,Y,N,60,1,0,0,0,1,0,0,0,0,"- ","- ",39.067928314208984,-121.51274871826172,YUBA,UNINCORPORATED,-121.51232147216797,39.068778991699219
91398500,2021,2021-01-29,9285,2021-01-22,0900,017393,,5,1,9,5800,0,2,4,,2,081,"MARYSVILLE ROAD","COLLINS LAKE ROAD",1094.00,N,N,C,-,N,,,,,,,,,,Y,3,0,1,1,C,-,18,,,N,E,J,A,B,H,-,A,D,0,,,,,Y,,-,"- ",0,1,0,0,0,0,0,0,0,"- ","- ",39.345199584960938,-121.33293151855469,YUBA,UNINCORPORATED,-121.33277130126953,39.345211029052734
91401690,2021,2021-02-03,9285,2021-01-28,2330,021920,,4,3,9,5800,0,3,5,,1,002,"GOLDEN GATE DR","BRIDGEPORT WAY",23.00,N,N,C,-,N,,,,,,,,,,N,4,0,1,1,A,-,01,23152,A,M,E,I,A,B,H,-,E,D,0,,,,,Y,,A,01,0,0,1,0,0,0,0,0,0,"- ","- ",39.012691497802734,-121.54905700683594,YUBA,UNINCORPORATED,-121.54884338378906,39.015731811523438
91404185,2021,2021-02-08,9285,2021-02-04,0910,018291,,4,1,9,5800,0,3,5,,1,004,"PARK AVE.","HAMMONTON SMARTVILLE RD",0.00,,Y,A,-,N,,,,,,,,,,Y,3,0,1,2,A,-,09,21802,A,N,D,C,A,A,H,-,A,A,0,,,,,Y,,D,22,0,1,0,0,0,0,0,0,0,"- ","- ",39.125858306884766,-121.55805969238281,YUBA,UNINCORPORATED,-121.55799865722656,39.1258544921875
91407110,2021,2021-03-03,9285,2021-02-08,2010,018475,,1,2,9,5800,0,2,4,,1,041,"N. BEALE RD","FEATHER RIVER BLVD",400.00,S,N,A,-,N,,,,,,,,,,N,4,0,1,2,A,-,07,21658,A,N,C,C,A,A,H,-,C,D,0,,,,,Y,,A,07,0,0,1,0,0,0,0,0,0,"- ","- ",39.125450134277344,-121.57436370849609,YUBA,UNINCORPORATED,-121.57438659667969,39.125453948974609