CASE_ID,ACCIDENT_YEAR,PROC_DATE,JURIS,COLLISION_DATE,COLLISION_TIME,OFFICER_ID,REPORTING_DISTRICT,DAY_OF_WEEK,CHP_SHIFT,POPULATION,CNTY_CITY_LOC,SPECIAL_COND,BEAT_TYPE,CHP_BEAT_TYPE,CITY_DIVISION_LAPD,CHP_BEAT_CLASS,BEAT_NUMBER,PRIMARY_RD,SECONDARY_RD,DISTANCE,DIRECTION,INTERSECTION,WEATHER_1,WEATHER_2,STATE_HWY_IND,CALTRANS_COUNTY,CALTRANS_DISTRICT,STATE_ROUTE,ROUTE_SUFFIX,POSTMILE_PREFIX,POSTMILE,LOCATION_TYPE,RAMP_INTERSECTION,SIDE_OF_HWY,TOW_AWAY,COLLISION_SEVERITY,NUMBER_KILLED,NUMBER_INJURED,PARTY_COUNT,PRIMARY_COLL_FACTOR,PCF_CODE_OF_VIOL,PCF_VIOL_CATEGORY,PCF_VIOLATION,PCF_VIOL_SUBSECTION,HIT_AND_RUN,TYPE_OF_COLLISION,MVIW,PED_ACTION,ROAD_SURFACE,ROAD_COND_1,ROAD_COND_2,LIGHTING,CONTROL_DEVICE,CHP_ROAD_TYPE,PEDESTRIAN_ACCIDENT,BICYCLE_ACCIDENT,MOTORCYCLE_ACCIDENT,TRUCK_ACCIDENT,NOT_PRIVATE_PROPERTY,ALCOHOL_INVOLVED,STWD_VEHTYPE_AT_FAULT,CHP_VEHTYPE_AT_FAULT,COUNT_SEVERE_INJ,COUNT_VISIBLE_INJ,COUNT_COMPLAINT_PAIN,COUNT_PED_KILLED,COUNT_PED_INJURED,COUNT_BICYCLIST_KILLED,COUNT_BICYCLIST_INJURED,COUNT_MC_KILLED,COUNT_MC_INJURED,PRIMARY_RAMP,SECONDARY_RAMP,LATITUDE,LONGITUDE,COUNTY,CITY,POINT_X,POINT_Y
92308391,2024,2024-02-07,9230,2024-02-04,2210,019235,,7,3,9,5800,0,1,3,,1,081,SR-49,"MARYSVILLE RD",2112.00,S,N,C,G,Y,YUB,,49," "," ",3.185,H,,R,Y,4,0,1,1,C,-,18,,,N,E,J,A,B,H,-,D,D,0,,,,,Y,,-,"- ",0,0,1,0,0,0,0,0,0,"- ","- ",39.433799743652344,-121.07460021972656,YUBA,UNINCORPORATED,-121.07457733154297,39.433792114257812
92309339,2024,2024-02-08,9285,2024-02-06,2135,022919,,2,2,9,5800,0,3,5,,1,008,"LOS VERJELES RD","LOS VER JELLES",400.00,N,N,B,-,N,,,,,,,,,,N,3,0,1,1,A,-,03,22350,,N,E,I,A,B,H,-,D,D,0,,,,,Y,,D,22,0,1,0,0,0,0,0,0,0,"- ","- ",39.355319976806641,-121.3656005859375,YUBA,UNINCORPORATED,-121.36568,39.355372000000003
92312701,2024,2024-02-13,9285,2024-02-07,1630,020520,,3,2,9,5800,0,1,3,,1,020,"SR-70 N/B","FEATHER RIVER BLVD",1880.00,N,N,B,C,Y,YUB,,70," "," ",13.380,H,,R,Y,3,0,1,2,A,-,03,22350,,N,B,C,A,B,H,-,A,D,0,,,,,Y,,A,01,0,1,0,0,0,0,0,0,0,"- ","- ",39.127750396728516,-121.5823974609375,YUBA,UNINCORPORATED,-121.58238220214844,39.127765655517578
92314862,2024,2024-02-15,9285,2024-02-12,"744 ",020520,,1,1,9,5800,0,1,3,,1,020,"SR-70 S/B","ERLE RD",0.00,,Y,A,-,Y,,,,,,,,,,Y,3,0,1,2,A,-,09,21802,A,N,D,C,A,A,H,-,A,A,0,,,,Y,Y,,A,07,0,1,0,0,0,0,0,0,0,"- ","- ",39.113250732421875,-121.56044769287109,YUBA,UNINCORPORATED,-121.55941772460938,39.113227844238281
92321841,2024,2024-02-23,9285,2024-02-18,"715 ",021860,,7,1,9,5800,0,2,4,,2,081,"MARYSVILLE RD","INDIANA SCHOOL RD",750.00,E,N,B,-,N,,,,,,,,,,Y,4,0,1,1,A,-,08,22107,,N,F,A,A,B,H,-,A,D,0,,,,,Y,,A,07,0,0,1,0,0,0,0,0,0,"- ","- ",39.367618560791016,-121.2435302734375,YUBA,UNINCORPORATED,-121.24368286132812,39.367584228515625
92321870,2024,2024-02-23,9285,2024-02-20,"810 ",021154,,2,1,9,5800,0,2,4,,2,025,"SR-65 SOUTHBOUND","OAKLEY LN",2361.00,S,N,B,-,Y,YUB,,65," "," ",3.001,H,,L,Y,3,0,1,2,A,-,03,22350,,N,C,C,A,B,H,-,A,D,0,,,,,Y,,A,07,0,1,0,0,0,0,0,0,0,"- ","- ",39.0301513671875,-121.45648956298828,YUBA,UNINCORPORATED,-121.45646667480469,39.030170440673828
92324009,2024,2024-02-27,9285,2024-02-19,1415,018986,,1,2,9,5800,0,2,4,,2,082,"LA PORTE RD","CHALLENGE CUT OFF RD",1050.00,S,N,C,-,N,,,,,,,,,,Y,4,0,1,1,A,-,01,23152,A,N,E,I,A,B,H,-,A,D,0,,,,,Y,Y,A,01,0,0,1,0,0,0,0,0,0,"- ","- ",39.481708526611328,-121.24772644042969,YUBA,UNINCORPORATED,-121.24189758300781,39.482986450195312
92324235,2024,2024-02-27,9285,2024-02-19,2220,022250,,1,3,9,5800,0,3,5,,1,002,"POWERLINE RD","6TH AVENUE",0.00,,Y,C,-,N,,,,,,,,,,N,4,0,1,1,A,-,08,22107,,N,E,I,A,B,H,-,C,D,0,,,,,Y,,A,01,0,0,1,0,0,0,0,0,0,"- ","- ",39.098140716552734,-121.54579162597656,YUBA,UNINCORPORATED,-121.54573059082031,39.098251342773438
92331143,2024,2024-03-06,9285,2024-02-25,2037,021599,,7,2,9,5800,0,2,4,,1,041,"N. BEALE ROAD","LINDHURST AVENUE",201.00,N,N,A,-,N,,,,,,,,,,Y,4,0,1,2,A,-,08,22107,,M,D,C,A,A,H,-,C,D,0,,,,,Y,,-,99,0,0,1,0,0,0,0,0,0,"- ","- ",39.124900817871094,-121.57174682617188,YUBA,UNINCORPORATED,-121.57161712646484,39.124835968017578
92331262,2024,2024-03-06,9285,2024-02-29,"710 ",022401,,4,1,9,5800,0,2,4,,1,022,"ARBOGA ROAD","9TH AVENUE",40.00,N,N,B,-,Y,,,,,,,,,,Y,4,0,3,3,A,-,03,22350,,N,C,C,A,A,H,-,A,D,0,,,,,Y,,A,07,0,0,3,0,0,0,0,0,0,"- ","- ",39.091930389404297,-121.56092071533203,YUBA,UNINCORPORATED,-121.56089782714844,39.091938018798828
92332282,2024,2024-03-07,9285,2024-02-28,1630,017393,,3,2,9,5800,0,3,5,,1,008,"PONDEROSA WAY","DOUBLE EAGLE WAY",906.00,N,N,B,-,N,,,,,,,,,,N,2,0,3,1,A,-,08,22107,,N,F,A,A,A,H,-,A,D,0,,,Y,,Y,,C,06,1,2,0,0,0,0,0,0,3,"- ","- ",39.463230133056641,-121.29263305664062,YUBA,UNINCORPORATED,,
92339687,2024,2024-03-15,9285,2024-03-13,"655 ",018291,,3,1,9,5800,0,2,4,,2,021,"FEATHER RIVER BLVD.","RIVER OAKS BLVD.",6336.00,W,N,A,-,N,,,,,,,,,,Y,3,0,1,1,A,-,08,22107,,N,E,I,A,A,H,-,B,D,0,,,,,Y,,A,07,0,1,0,0,0,0,0,0,0,"- ","- ",38.972461700439453,-121.56810760498047,YUBA,UNINCORPORATED,-121.56433868408203,38.971210479736328
92339731,2024,2024-03-15,9285,2024-03-14,2020,022320,,4,2,9,5800,0,3,5,,1,008,"CHALLENGE CUT OFF RD","MT. HOPE ROAD",3168.00,N,N,B,-,N,,,,,,,,,,Y,3,0,1,1,A,-,08,22107,,N,E,I,A,A,H,-,D,D,0,,,,,Y,,A,07,0,1,0,0,0,0,0,0,0,"- ","- ",39.507011413574219,-121.25559997558594,YUBA,UNINCORPORATED,-121.25527191162109,39.506500244140625
92340610,2024,2024-03-18,9285,2024-03-02,"118 ",022125,,6,3,9,5800,0,1,3,,1,020,"SR-70 SOUTHBOUND","ERLE RD OVERCROSSING",1056.00,S,N,A,-,Y,YUB,,70," ",R,9.980,H,,L,Y,3,0,1,2,A,-,01,23152,A,N,C,E,A,A,H,-,C,D,0,,,,,Y,Y,A,01,0,1,0,0,0,0,0,0,0,"- ","- ",39.111030578613281,-121.55777740478516,YUBA,UNINCORPORATED,-121.55765533447266,39.111087799072266
92342078,2024,2024-03-19,9285,2024-03-17,1300,021690,,7,1,9,5800,0,1,3,,1,060,"MARYSVILLE RD","SPRING VALLEY RD",760.00,S,N,A,-,N,,,,,,,,,,N,4,0,1,2,A,-,08,22107,,N,D,C,A,A,H,-,A,D,0,,,,,Y,,M,47,0,0,1,0,0,0,0,0,0,"- ","- ",39.275051116943359,-121.39459228515625,YUBA,UNINCORPORATED,-121.39453125,39.275062561035156
92349731,2024,2024-03-28,9285,2024-03-22,1910,022534,,5,2,9,5800,0,3,5,,1,002,"FEATHER RIVER BLVD","CURTIS STREET",30.00,N,N,B,C,N,,,,,,,,,,N,4,0,2,2,A,-,09,21801,A,N,B,C,A,B,H,-,D,D,0,,,,,Y,,A,01,0,0,2,0,0,0,0,0,0,"- ","- ",39.082191467285156,-121.57891082763672,YUBA,UNINCORPORATED,-121.57884216308594,39.082141876220703
92359074,2024,2024-04-08,9285,2024-03-28,1235,022401,,4,1,9,5800,0,2,4,,2,021,"FEATHER RIVER BLVD NORTH","RIVERSIDE DRIVE",150.00,E,N,B,-,N,,,,,,,,,,N,4,0,3,2,A,-,05,21460,,N,B,C,A,A,H,-,A,D,0,,,,,Y,,A,01,0,0,3,0,0,0,0,0,0,"- ","- ",39.116920471191406,-121.58334350585938,YUBA,UNINCORPORATED,-121.58335113525391,39.115715026855469
92362032,2024,2024-04-15,9285,2024-04-05,2255,022748,,5,3,9,5800,0,2,4,,1,041,"N. BEALE ROAD","SILVERWOOD ST.",0.00,,Y,A,-,N,,,,,,,,,,Y,4,0,2,2,A,-,09,21804,A,N,D,C,A,A,H,-,C,A,0,,,,,Y,,A,01,0,0,2,0,0,0,0,0,0,"- ","- ",39.127300262451172,-121.56298828125,YUBA,UNINCORPORATED,-121.56300354003906,39.127372741699219
92364409,2024,2024-04-15,9285,2024-04-06,1430,021328,,6,2,9,5800,0,1,3,,1,062,SR-20,"STEFFEN TRL",5.00,W,N,A,-,Y,,,,,,,,,,Y,4,0,3,2,A,-,08,22107,,N,D,C,A,A,H,-,A,D,0,,,,,Y,,A,01,0,0,3,0,0,0,0,0,0,"- ","- ",39.230438232421875,-121.35428619384766,YUBA,UNINCORPORATED,-121.35405731201172,39.230457305908203
92368656,2024,2024-04-19,9285,2024-04-10,1745,022534,,3,2,9,5800,0,3,5,,1,002,"FEATHER RIVER BLVD SOUTH","SR-70 N/B TO FEATHER RIVER BLVD SOUTH",0.00,,Y,A,-,N,,,,,,,,,,N,3,0,1,2,A,-,12,21453,A,N,D,C,A,A,H,-,A,A,0,,,Y,,Y,,-,"- ",0,1,0,0,0,0,0,0,1,"- ","- ",38.978321075439453,-121.54164886474609,YUBA,UNINCORPORATED,-121.6080322265625,39.143520355224609
92368677,2024,2024-04-19,9285,2024-04-12,2000,022320,,5,2,9,5800,0,3,5,,1,002,"JADESTON WAY","LAVENDER COURT",17.00,S,N,B,-,N,,,,,,,,,,Y,3,0,1,2,A,-,01,23152,A,N,C,E,A,A,H,-,A,D,0,,,,,Y,Y,A,01,0,1,0,0,0,0,0,0,0,"- ","- ",38.98455810546875,-121.53836822509766,YUBA,UNINCORPORATED,-121.53842400000001,38.984513999999997
92373426,2024,2024-04-23,9285,2024-04-20,1020,021567,,6,1,9,5800,0,3,5,,1,002,"PLUMAS ARBOGA RD","PLUMAS ST",2112.00,S,N,A,-,N,,,,,,,,,,Y,4,0,1,2,A,-,06,21750,A,M,E,I,A,A,H,-,A,D,0,,,,,Y,,-,99,0,0,1,0,0,0,0,0,0,"- ","- ",39.047821044921875,-121.54731750488281,YUBA,UNINCORPORATED,-121.57901763916016,39.054931640625
92375241,2024,2024-04-25,9285,2024-04-23,1700,019139,,2,2,9,5800,0,1,3,,1,020,"SR-70 S/B","FEATHER RIVER BLVD",3021.00,N,N,A,-,Y,YUB,,70," "," ",13.596,H,,L,N,3,0,1,1,A,-,08,22107,,N,F,J,A,A,H,-,A,D,0,,,Y,,Y,,C,02,0,1,0,0,0,0,0,0,1,"- ","- ",39.129638671875,-121.58571624755859,YUBA,UNINCORPORATED,-121.58573913574219,39.129623413085938
92375255,2024,2024-04-25,9285,2024-04-23,"700 ",019139,,2,1,9,5800,0,2,4,,1,022,"LINDHURST AVE","OLIVEHURST AVE.",20.00,S,N,A,-,N,,,,,,,,,,N,4,0,1,2,A,-,03,22350,,N,C,A,A,A,H,-,A,D,0,,,,,Y,,A,08,0,0,1,0,0,0,0,0,0,"- ","- ",39.103439331054688,-121.54978179931641,YUBA,UNINCORPORATED,-121.54984283447266,39.103504180908203
92382246,2024,2024-05-06,9285,2024-04-26,1931,022320,,5,2,9,5800,0,3,5,,1,006,"WHITE OAK LANE","DOLAN HARDING ROAD",52.00,S,N,C,-,N,,,,,,,,,,Y,3,0,3,1,A,-,01,23152,A,N,E,I,A,B,H,-,B,D,0,,,,,Y,Y,D,22,0,1,2,0,0,0,0,0,0,"- ","- ",39.301250457763672,-121.34677886962891,YUBA,UNINCORPORATED,-121.34671020507812,39.30133056640625
92382465,2024,2024-05-13,9285,2024-04-30,1821,018986,,2,2,9,5800,0,2,4,,1,061,"LOMA RICA ROAD","DALE LANE",533.00,E,N,A,-,N,,,,,,,,,,Y,4,0,1,1,A,-,03,22350,,M,E,8,A,A,H,-,A,D,0,,,,,Y,,A,01,0,0,1,0,0,0,0,0,0,"- ","- ",39.330921173095703,-121.364013671875,YUBA,UNINCORPORATED,-121.36395263671875,39.330905914306641
92388525,2024,2024-05-13,9285,2024-05-03,"50  ",022917,,5,3,9,5800,0,3,5,,1,002,"BORDEAUX CT","SUGARSTICK DR",185.00,N,N,A,-,N,,,,,,,,,,N,4,0,1,2,A,-,08,22107,,N,E,E,A,A,H,-,C,D,0,,,,,Y,,A,01,0,0,1,0,0,0,0,0,0,"- ","- ",38.989299774169922,-121.53928375244141,YUBA,UNINCORPORATED,-121.539333,38.989226000000002
92389603,2024,2024-05-14,9285,2024-05-04,2215,022917,,6,3,9,5800,0,1,3,,1,060,"SR-70 N/B","SADDLEBACK DR",830.00,N,N,A,-,Y,YUB,,70," "," ",17.755,H,,R,Y,2,0,2,2,A,-,09,21801,A,N,D,C,A,A,H,-,D,D,0,,,,,Y,,A,01,2,0,0,0,0,0,0,0,0,"- ","- ",39.191791534423828,-121.59474182128906,YUBA,UNINCORPORATED,-121.59487915039062,39.191787719726562
92395342,2024,2024-05-21,9285,2024-05-15,1322,017393,,3,1,9,5800,0,2,4,,2,081,"WILLOW GLENN ROAD","ACORN WAY",180.00,S,N,A,-,N,,,,,,,,,,Y,3,0,1,1,A,-,08,22107,,N,E,J,A,A,H,-,A,D,0,,,,,Y,,A,08,0,1,0,0,0,0,0,0,0,"- ","- ",39.447719573974609,-121.28267669677734,YUBA,UNINCORPORATED,-121.28288269042969,39.447856903076172
92395423,2024,2024-05-21,9285,2024-05-19,"930 ",021567,,7,1,9,5800,0,1,3,,1,020,"STATE ROUTE 70 (NORTHBOUND)","ALGODON RD",325.00,S,N,A,-,Y,YUB,,70," ",R,3.694,H,,R,Y,4,0,1,1,A,-,08,22107,,N,E,I,A,A,H,-,A,D,0,,,,,Y,,A,01,0,0,1,0,0,0,0,0,0,"- ","- ",39.02545166015625,-121.54717254638672,YUBA,UNINCORPORATED,-121.54714965820312,39.025447845458984
92396419,2024,2024-05-22,9285,2024-05-19,1410,021567,,7,2,9,5800,0,3,5,,1,002,"ERLE RD","SB SR-70 OFF RAMP",10.00,W,N,A,-,Y,,,,,,,,,,N,2,0,1,2,A,-,05,21650,,N,A,G,A,A,H,-,A,A,0,,Y,,,Y,,L,04,1,0,0,0,0,0,1,0,0,"- ","- ",39.11328125,-121.56066131591797,YUBA,UNINCORPORATED,-121.56061099999999,39.113174999999998
92397122,2024,2024-05-23,9285,2024-05-15,2221,022534,,3,3,9,5800,0,1,3,,1,020,"SR-70 SOUTHBOUND","ERLE ROAD",2205.00,S,N,A,-,Y,YUB,,70," ",R,9.740,H,,L,N,4,0,1,2,A,-,08,22107,,N,B,C,A,A,H,-,C,D,0,,,,,Y,,A,01,0,0,1,0,0,0,0,0,0,"- ","- ",39.108051300048828,-121.55538177490234,YUBA,UNINCORPORATED,-121.55537414550781,39.108051300048828
92397415,2024,2024-05-23,9285,2024-05-15,1953,021068,,3,2,9,5800,0,2,4,,1,042,"LINDHURST AVENUE","ERLE ROAD",171.00,S,N,A,-,N,,,,,,,,,,N,4,0,1,2,A,-,03,22350,,N,D,G,A,A,H,-,A,D,0,,Y,,,Y,,L,04,0,0,1,0,0,0,1,0,0,"- ","- ",39.111579895019531,-121.55677032470703,YUBA,UNINCORPORATED,-121.55805969238281,39.112865447998047
92407061,2024,2024-06-05,9285,2024-05-24,1700,022250,,5,2,9,5800,0,3,5,,1,008,"OREGON HILL ROAD","MORAN ROAD",6864.00,S,N,A,-,N,,,,,,,,,,N,3,0,1,1,A,-,03,22350,,N,F,A,A,A,H,-,A,D,0,,,Y,,Y,,C,02,0,1,0,0,0,0,0,0,1,"- ","- ",39.419509887695312,-121.16336822509766,YUBA,UNINCORPORATED,-121.17372131347656,39.418800354003906
9240893,2021,2021-04-07,5801,2021-03-11,2353,318,YUBAC,4,5,3,5801,0,0,0,,0,5801,"COVILLAUD PL","COVILLAUD ST",192.00,W,N,A,-,N,,,,,,,,,,Y,4,0,1,3,B,-,22,,,N,D,C,A,A,H,-,C,D,0,,,,,Y,,A,07,0,0,1,0,0,0,0,0,0,"- ","- ",,,YUBA,MARYSVILLE,-121.57939147949219,39.164451599121094
92410235,2024,2024-06-10,9285,2024-06-03,"410 ",022748,,1,3,9,5800,0,1,3,,1,020,"SR-70 N/B","OLIVEHURST AVENUE",1200.00,N,N,A,-,Y,YUB,,70," ",R,9.532,H,,R,Y,3,0,1,1,A,-,08,22107,,N,F,A,A,A,H,-,D,A,0,,,Y,,Y,,C,02,0,1,0,0,0,0,0,0,1,"- ","- ",39.105518341064453,-121.55326080322266,YUBA,UNINCORPORATED,-121.55320739746094,39.105545043945312
92414247,2024,2024-06-13,9285,2024-06-05,"39  ",022250,,3,3,9,5800,0,3,5,,1,007,"PASS RD","KELLOGG ROAD",3274.00,W,N,A,-,N,,,,,,,,,,N,3,0,1,2,A,-,01,23152,A,M,E,I,A,A,H,-,D,D,0,,,,,Y,Y,D,22,0,1,0,0,0,0,0,0,0,"- ","- ",39.185798645019531,-121.770751953125,YUBA,UNINCORPORATED,,
92416188,2024,2024-06-17,9285,2024-06-11,1355,021690,,2,1,9,5800,0,2,4,,2,025,"SR-65 S/B TO FORTY MILE RD","FORTY MILE RD",10.00,N,N,A,-,Y,,,,,,,,,,N,4,0,1,2,A,-,21,22106,,N,C,C,A,A,H,-,A,A,0,,,,,Y,,A,07,0,0,1,0,0,0,0,0,0,"- ","- ",39.063400268554688,-121.51495361328125,YUBA,UNINCORPORATED,-121.51116943359375,39.062728881835938
92417417,2024,2024-06-18,9285,2024-06-07,1235,019223,,5,1,9,5800,0,1,3,,1,020,"SR-70 N/B TO FEATHER RIVER BLVD","FEATHER RIVER BLVD",854.00,S,N,A,-,Y,YUB,,70," ",R,11.224,H,,R,N,4,0,1,2,A,-,07,21658,A,N,C,C,A,A,H,-,A,D,0,,,,,Y,,A,01,0,0,1,0,0,0,0,0,0,"- ","- ",39.123088836669922,-121.57453918457031,YUBA,UNINCORPORATED,-121.57459259033203,39.123035430908203
92418255,2024,2024-06-19,9285,2024-06-11,1725,021599,,2,2,9,5800,0,2,4,,1,041,"N.BEALE ROAD","LINDHURST AVENUE",0.00,,Y,A,-,N,,,,,,,,,,Y,4,0,1,2,A,-,12,21453,A,N,D,C,A,A,H,-,A,A,0,,,,,Y,,A,01,0,0,1,0,0,0,0,0,0,"- ","- ",39.124679565429688,-121.57102203369141,YUBA,UNINCORPORATED,-121.57099914550781,39.124565124511719
92421735,2024,2024-06-24,9285,2024-06-17,1220,021690,,1,1,9,5800,0,3,5,,1,004,"ERLE RD","LINDHURST AVE",40.00,W,N,A,-,N,,,,,,,,,,N,2,0,1,2,A,-,09,21453,B,N,D,C,A,A,H,-,A,A,0,,,Y,,Y,,C,02,1,0,0,0,0,0,0,0,1,"- ","- ",39.113300323486328,-121.55889129638672,YUBA,UNINCORPORATED,-121.55853271484375,39.113254547119141
92422094,2024,2024-07-11,9285,2024-06-20,1701,021328,,4,2,9,5800,0,1,3,,1,020,"SR-70 N/B","ERLE RD",2770.00,N,N,A,-,Y,YUB,,70," ",R,10.688,H,,R,N,4,0,1,2,A,-,03,22350,,N,C,C,A,A,H,-,A,D,0,,,,,Y,,A,01,0,0,1,0,0,0,0,0,0,"- ","- ",39.118221282958984,-121.56671905517578,YUBA,UNINCORPORATED,-121.56669616699219,39.118247985839844
9242681,2021,2021-04-19,5801,2021-03-28,0153,329,,7,5,3,5801,0,0,0,,0,,"SIMPSON LN","POWER POLE #7-149",187.00,N,N,A,-,N,,,,,,,,,,Y,3,0,1,1,A,-,03,22350,,N,F,A,A,A,H,-,D,D,0,,,,,Y,Y,D,22,0,1,0,0,0,0,0,0,0,"- ","- ",,,YUBA,MARYSVILLE,,
92429791,2024,2024-07-03,9285,2024-06-29,2125,022917,,6,2,9,5800,0,3,5,,1,004,"ALBERTA AVE","HAMMONTON SMARTVILLE RD",0.00,,Y,A,-,N,,,,,,,,,,Y,4,0,1,1,A,-,12,22450,A,N,E,I,A,A,H,-,D,D,0,,,,,Y,,A,01,0,0,1,0,0,0,0,0,0,"- ","- ",39.135990142822266,-121.53074645996094,YUBA,UNINCORPORATED,-121.53070068359375,39.135959625244141
92433806,2024,2024-07-09,9285,2024-07-04,1320,021567,,4,1,9,5800,0,1,3,,1,062,"SR-20 E/B","WALNUT AVE",50.00,E,N,A,-,Y,YUB,,20," ",R,5.173,H,,R,N,3,0,1,1,A,-,08,22107,,N,E,I,A,A,H,-,A,D,0,,,,,Y,,A,07,0,1,0,0,0,0,0,0,0,"- ","- ",39.185081481933594,-121.54119110107422,YUBA,UNINCORPORATED,-121.54124450683594,39.185111999511719
92439035,2024,2024-07-15,9285,2024-07-07,1022,021860,,7,1,9,5800,0,3,5,,1,002,"PLUMAS LAKE BOULEVARD","RIVER OAKS BOULEVARD",300.00,E,N,A,-,N,,,,,,,,,,Y,4,0,1,2,A,-,09,21801,A,N,D,C,A,A,H,-,A,A,0,,,,,Y,,A,01,0,0,1,0,0,0,0,0,0,"- ","- ",39.020828247070312,-121.55007934570312,YUBA,UNINCORPORATED,-121.5504150390625,39.020694732666016
92439348,2024,2024-07-15,9285,2024-07-10,"549 ",021012,,3,3,9,5800,0,1,3,,1,060,"SR-70 N/B","WOODRUFF LN",0.00,,Y,A,-,Y,YUB,,70," "," ",19.744,H,,R,Y,3,0,4,3,A,-,09,21802,A,N,D,C,A,A,H,-,A,D,0,,,,,Y,,A,07,0,4,0,0,0,0,0,0,0,"- ","- ",39.219219207763672,-121.60128021240234,YUBA,UNINCORPORATED,-121.60123443603516,39.219223022460938
92441314,2024,2024-07-17,9285,2024-07-15,"450 ",022748,,1,3,9,5800,0,1,3,,1,020,"MCGOWAN PARKWAY","LARSON STREET",277.00,W,N,A,-,N,,,,,,,,,,Y,3,0,1,2,A,-,09,21804,A,N,D,C,A,A,H,-,D,A,0,,,,,Y,,D,22,0,1,0,0,0,0,0,0,0,"- ","- ",39.077430725097656,-121.53537750244141,YUBA,UNINCORPORATED,-121.53531646728516,39.077419281005859
92456934,2024,2024-07-22,9285,2024-07-04,"36  ",022320,,4,3,9,5800,0,3,5,,1,002,"CLARICE AVENUE","OLIVEHURST AVENUE",0.00,,Y,A,-,N,,,,,,,,,,N,1,1,0,2,C,-,18,,,N,E,J,E,A,H,-,C,A,0,Y,,,,Y,,-,"- ",0,0,0,1,0,0,0,0,0,"- ","- ",39.082778930664062,-121.55194091796875,YUBA,UNINCORPORATED,-121.55179595947266,39.082786560058594
92480878,2024,2024-07-22,9285,2024-07-15,1346,018986,,1,1,9,5800,0,2,4,,1,061,"MARYSVILLE RD","DRY CREEK LN",100.00,N,N,A,-,N,,,,,,,,,,Y,4,0,1,1,A,-,08,22107,,N,F,A,A,A,H,-,A,D,0,,,,Y,Y,,G,25,0,0,1,0,0,0,0,0,0,"- ","- ",39.292369842529297,-121.38426208496094,YUBA,UNINCORPORATED,-121.38422393798828,39.292362213134766
92596865,2024,2024-07-24,9285,2024-07-22,2030,022919,,1,2,9,5800,0,3,5,,1,004,"ASH WAY","REDBURN AVE",90.00,E,N,A,-,N,,,,,,,,,,N,4,0,1,2,A,-,21,22106,,N,C,C,A,A,H,-,B,D,0,,,,,Y,,D,22,0,0,1,0,0,0,0,0,0,"- ","- ",39.125720977783203,-121.55254364013672,YUBA,UNINCORPORATED,-121.55354309082031,39.125545501708984
9260110,2021,2021-06-07,5801,2021-04-13,0948,328,,2,5,3,5801,0,0,0,,0,,"G ST","10TH ST",0.00,,Y,-,-,N,,,,,,,,,,N,4,0,1,2,A,-,03,22350,,N,G,B,-,A,H,-,A,A,0,Y,,,,Y,,A,01,0,0,1,0,1,0,0,0,0,"- ","- ",,,YUBA,MARYSVILLE,-121.5943603515625,39.145465850830078
9261677,2021,2021-05-10,5801,2021-04-04,1326,328,,7,5,3,5801,0,0,0,,0,,"B ST","EAST 18TH ST",0.00,,Y,A,-,N,,,,,,,,,,N,4,0,1,2,A,-,03,22350,,N,C,C,A,A,H,-,A,A,0,,,,,Y,,D,22,0,0,1,0,0,0,0,0,0,"- ","- ",,,YUBA,MARYSVILLE,-121.58803558349609,39.155101776123047
9271823,2021,2021-06-11,5802,2021-05-17,2016,611,5802,1,5,1,5802,0,0,0,,0,,"EVERGREEN DR","ROSE AV",0.00,,Y,A,-,N,,,,,,,,,,N,3,0,1,3,A,-,00,20001,A,F,G,B,B,A,H,-,B,D,0,Y,,,,Y,,A,08,0,1,0,0,1,0,0,0,0,"- ","- ",,,YUBA,WHEATLAND,-121.43623352050781,39.015800476074219
9280181,2021,2021-06-21,5802,2021-05-31,1941,1013,5802,1,5,1,5802,0,0,0,,0,,"RT 65","STATE ST",0.00,,-,A,-,Y,YUB,3,65,-,R,0.200,H,-,S,N,4,0,3,2,A,-,03,22350,,N,C,C,A,A,H,-,B,D,0,,,,,Y,,A,07,0,0,3,0,0,0,0,0,0,"- ","- ",39.003589630126953,-121.41251373291016,YUBA,WHEATLAND,-121.41531372070312,39.005191802978516
9280347,2021,2021-06-28,5801,2021-04-29,1331,326,5801,4,5,3,5801,0,0,0,,0,,"RT 20","BUCHANAN ST",420.00,E,N,-,-,Y,YUB,3,20,-,R,2.060,H,-,W,Y,4,0,1,2,A,-,01,23153,,N,A,C,A,A,-,-,A,D,0,,,,,Y,Y,A,01,0,0,1,0,0,0,0,0,0,"- ","- ",,,YUBA,MARYSVILLE,-121.57735443115234,39.149391174316406
93198663,2024,2024-08-01,9285,2024-07-30,2300,022294,,2,3,9,5800,0,3,5,,1,004,"SIMPSON LANE","SIMPSON DANTONI RD",581.00,W,N,A,-,N,,,,,,,,,,Y,3,0,1,1,A,-,01,23152,A,N,E,8,A,A,H,-,D,D,0,,,,,Y,Y,A,07,0,1,0,0,0,0,0,0,0,"- ","- ",39.137001037597656,-121.55354309082031,YUBA,UNINCORPORATED,-121.55348968505859,39.136913299560547