CASE_ID,ACCIDENT_YEAR,PROC_DATE,JURIS,COLLISION_DATE,COLLISION_TIME,OFFICER_ID,REPORTING_DISTRICT,DAY_OF_WEEK,CHP_SHIFT,POPULATION,CNTY_CITY_LOC,SPECIAL_COND,BEAT_TYPE,CHP_BEAT_TYPE,CITY_DIVISION_LAPD,CHP_BEAT_CLASS,BEAT_NUMBER,PRIMARY_RD,SECONDARY_RD,DISTANCE,DIRECTION,INTERSECTION,WEATHER_1,WEATHER_2,STATE_HWY_IND,CALTRANS_COUNTY,CALTRANS_DISTRICT,STATE_ROUTE,ROUTE_SUFFIX,POSTMILE_PREFIX,POSTMILE,LOCATION_TYPE,RAMP_INTERSECTION,SIDE_OF_HWY,TOW_AWAY,COLLISION_SEVERITY,NUMBER_KILLED,NUMBER_INJURED,PARTY_COUNT,PRIMARY_COLL_FACTOR,PCF_CODE_OF_VIOL,PCF_VIOL_CATEGORY,PCF_VIOLATION,PCF_VIOL_SUBSECTION,HIT_AND_RUN,TYPE_OF_COLLISION,MVIW,PED_ACTION,ROAD_SURFACE,ROAD_COND_1,ROAD_COND_2,LIGHTING,CONTROL_DEVICE,CHP_ROAD_TYPE,PEDESTRIAN_ACCIDENT,BICYCLE_ACCIDENT,MOTORCYCLE_ACCIDENT,TRUCK_ACCIDENT,NOT_PRIVATE_PROPERTY,ALCOHOL_INVOLVED,STWD_VEHTYPE_AT_FAULT,CHP_VEHTYPE_AT_FAULT,COUNT_SEVERE_INJ,COUNT_VISIBLE_INJ,COUNT_COMPLAINT_PAIN,COUNT_PED_KILLED,COUNT_PED_INJURED,COUNT_BICYCLIST_KILLED,COUNT_BICYCLIST_INJURED,COUNT_MC_KILLED,COUNT_MC_INJURED,PRIMARY_RAMP,SECONDARY_RAMP,LATITUDE,LONGITUDE,COUNTY,CITY,POINT_X,POINT_Y
94742468,2025,2025-06-27,9285,2025-06-20,1353,024588,,5,1,9,5800,0,1,3,,1,020,"SR-70 S/B","MCGOWAN PARKWAY",6019.00,S,N,A,-,Y,YUB,,70," ",R,6.197,H,,L,N,3,0,1,1,A,-,01,23152,A,N,E,I,A,A,H,-,A,D,0,,,,,Y,Y,A,08,0,1,0,0,0,0,0,0,0,"- ","- ",39.061199188232422,-121.54386138916016,YUBA,UNINCORPORATED,-121.54377746582031,39.061183929443359
94747557,2025,2025-07-07,9285,2025-06-25,1250,020195,,3,1,9,5800,0,1,3,,1,060,"STATE ROUTE 70 N/B","RAMIREZ RD",791.00,N,N,A,-,Y,YUB,,70," "," ",23.038,H,,R,N,3,0,1,1,A,-,08,22107,,N,E,I,A,A,H,-,A,D,0,,,,,Y,,A,01,0,1,0,0,0,0,0,0,0,"- ","- ",39.266651153564453,-121.59689331054688,YUBA,UNINCORPORATED,-121.596923828125,39.266654968261719
94747678,2025,2025-07-07,9285,2025-06-26,"740 ",021599,,4,1,9,5800,0,3,5,,1,002,"FORTY MILE RD","PLUMAS ARBOGA ROAD",0.00,,Y,A,-,N,,,,,,,,,,N,4,0,1,2,A,-,09,21801,A,N,D,C,A,A,H,-,A,A,0,,,,,Y,,A,01,0,0,1,0,0,0,0,0,0,"- ","- ",39.03009033203125,-121.51582336425781,YUBA,UNINCORPORATED,-121.51586151123047,39.030101776123047
94753955,2025,2025-07-08,9285,2025-07-04,1650,024370,,5,2,9,5800,0,2,4,,1,042,"HAMMONTON SMARTVILLE RD","DANTONI RD",13.00,W,N,A,-,N,,,,,,,,,,Y,2,0,1,1,A,-,03,22350,,N,E,I,A,A,H,-,A,D,0,,,Y,,Y,,C,02,1,0,0,0,0,0,0,0,1,"- ","- ",39.135379791259766,-121.53318786621094,YUBA,UNINCORPORATED,-121.53315734863281,39.135417938232422
94756877,2025,2025-07-10,9230,2025-07-06,1215,020411,,7,1,9,5800,0,1,3,,1,081,SR-49,"RIDGE ROAD",35.00,S,N,A,-,Y,YUB,,49," "," ",1.674,H,,R,Y,2,0,1,1,A,-,08,22107,,N,E,I,A,A,H,-,A,A,0,,,,,Y,,E,22,1,0,0,0,0,0,0,0,0,"- ","- ",39.413551330566406,-121.07099151611328,YUBA,UNINCORPORATED,-121.07113647460938,39.413608551025391
94758903,2025,2025-07-14,9285,2025-06-28,1915,022700,,6,2,9,5800,0,3,5,,1,002,"RIVERSIDE DRIVE","FEATHER RIVER BOULEVARD",590.00,N,N,A,-,N,,,,,,,,,,N,2,0,1,2,A,-,03,22350,,N,A,C,A,A,H,-,A,D,0,,,Y,,Y,,C,02,1,0,0,0,0,0,0,0,1,"- ","- ",39.117931365966797,-121.58431243896484,YUBA,UNINCORPORATED,-121.58412933349609,39.117652893066406
94762603,2025,2025-07-15,9285,2025-05-25,"144 ",022700,,7,3,9,5800,0,1,3,,1,062,"STATE ROUTE 20 W/B","ESCHEMAN LANE",976.00,W,N,A,-,Y,YUB,,20," "," ",15.272,H,,L,Y,1,1,0,1,A,-,08,22107,,N,E,I,A,A,H,-,D,D,0,,,,,Y,,D,22,0,0,0,0,0,0,0,0,0,"- ","- ",39.229591369628906,-121.37734222412109,YUBA,UNINCORPORATED,-121.37734222412109,39.2296142578125
94763993,2025,2025-07-16,9285,2025-07-14,1210,021567,,1,1,9,5800,0,2,4,,1,042,"HAMMONTON SMARTVILLE RD","TREVOR DR",50.00,W,N,A,-,N,,,,,,,,,,Y,4,0,1,2,A,-,03,22350,,N,C,C,A,A,H,-,A,D,0,,,,,Y,,A,01,0,0,1,0,0,0,0,0,0,"- ","- ",39.135398864746094,-121.53749084472656,YUBA,UNINCORPORATED,-121.53751373291016,39.135417938232422
94770682,2025,2025-07-21,9285,2025-07-12,1158,024588,,6,1,9,5800,0,3,5,,1,006,"WOODRUFF LN","ARMSTRONG RD",1908.00,E,N,A,-,N,,,,,,,,,,Y,4,0,1,1,A,-,08,22107,,N,E,I,A,A,H,-,A,D,0,,,,,Y,,A,01,0,0,1,0,0,0,0,0,0,"- ","- ",39.219680786132812,-121.57895660400391,YUBA,UNINCORPORATED,-121.5789794921875,39.219707489013672
94774288,2025,2025-07-23,9285,2025-07-21,2201,018986,,1,3,9,5800,0,2,4,,2,081,"MARYSVILLE ROAD","MIDDLE BROCK WAY",8448.00,W,N,A,-,N,,,,,,,,,,Y,4,0,1,1,A,-,08,22107,,N,E,I,A,A,H,-,D,D,0,,,,,Y,,D,22,0,0,1,0,0,0,0,0,0,"- ","- ",39.366249084472656,-121.17633819580078,YUBA,UNINCORPORATED,,
94784189,2025,2025-07-31,9285,2025-07-28,1524,021567,,1,2,9,5800,0,3,5,,1,008,"FORBSTOWN RD","LA PORTE RD",2640.00,W,N,A,-,N,,,,,,,,,,N,3,0,1,1,A,-,03,22350,,N,E,I,A,A,B,E,A,D,0,,,,,Y,,A,07,0,1,0,0,0,0,0,0,0,"- ","- ",39.509521484375,-121.19854736328125,YUBA,UNINCORPORATED,-121.20584106445312,39.510280609130859
94788064,2025,2025-08-04,9285,2025-07-29,1000,024588,,2,1,9,5800,0,3,5,,1,004,"HAMMONTON-SMARTSVILLE RD","LOWE AVENUE",0.00,,Y,A,-,N,,,,,,,,,,Y,4,0,3,2,A,-,09,21802,A,N,D,C,A,A,H,-,A,A,0,,,,,Y,,D,22,0,0,3,0,0,0,0,0,0,"- ","- ",39.124900817871094,-121.56002044677734,YUBA,UNINCORPORATED,-121.55997467041016,39.124870300292969
94791695,2025,2025-08-06,9285,2025-08-01,1540,022401,,5,2,9,5800,0,2,4,,2,025,"STATE ROUTE 65","EVERGREEN DR",500.00,N,N,A,-,Y,YUB,,65," "," ",1.736,H,,R,N,4,0,1,3,A,-,03,22350,,N,C,C,A,A,H,-,A,D,0,,,,,Y,,D,22,0,0,1,0,0,0,0,0,0,"- ","- ",39.018520355224609,-121.43824768066406,YUBA,UNINCORPORATED,-121.43824768066406,39.018524169921875
94799418,2025,2025-08-12,9285,2025-07-31,2500,024019,,4,4,9,5800,0,3,5,,1,008,"MOREVILLE RIDGE RD","LEWIS RIDGE ROAD",10560.00,N,N,A,-,N,,,,,,,,,,N,3,0,1,1,A,-,01,23152,A,N,A,I,A,A,B,E,A,D,0,,,,,Y,Y,D,22,0,1,0,0,0,0,0,0,0,"- ","- ",39.593101501464844,-121.12761688232422,YUBA,UNINCORPORATED,-121.12277984619141,39.61767578125
94799859,2025,2025-08-12,9285,2025-08-07,1310,022700,,4,1,9,5800,0,3,5,,1,008,"MARYSVILLE ROAD","HART LANE",10.00,N,N,A,-,N,,,,,,,,,,N,4,0,1,2,A,-,09,21804,A,N,D,C,A,A,H,-,A,D,0,,,,,Y,,A,01,0,0,1,0,0,0,0,0,0,"- ","- ",39.378349304199219,-121.22651672363281,YUBA,UNINCORPORATED,-121.22657012939453,39.37835693359375
94802396,2025,2025-08-14,9285,2025-08-03,2020,023008,,7,2,9,5800,0,3,5,,1,002,"PACIFIC AVENUE","9TH AVENUE",500.00,S,N,A,-,N,,,,,,,,,,N,2,0,1,1,A,-,03,22350,,N,E,I,A,A,H,-,C,A,0,,,Y,,Y,,C,02,1,0,0,0,0,0,0,0,1,"- ","- ",39.090690612792969,-121.55863952636719,YUBA,UNINCORPORATED,-121.55860137939453,39.090419769287109
94810844,2025,2025-08-20,9285,2025-08-15,1615,021018,,5,2,9,5800,0,1,3,,1,020,SR-70,"OLIVEHURST AVENUE",700.00,S,N,A,-,Y,YUB,,70," ",R,9.145,H,,R,Y,3,0,2,3,A,-,03,22350,,N,C,C,A,A,H,-,A,D,0,,,,,Y,,D,22,0,2,0,0,0,0,0,0,0,"- ","- ",39.101360321044922,-121.54856872558594,YUBA,UNINCORPORATED,-121.54856109619141,39.101367950439453
94812069,2025,2025-08-21,9285,2025-08-08,2040,022618,,5,2,9,5800,0,3,5,,1,002,"FEATHER RIVER BLVD","ELLA AVENUE",2100.00,S,N,A,-,N,,,,,,,,,,Y,2,0,3,1,A,-,08,22107,,F,E,I,A,A,H,-,D,D,0,,,,,Y,,A,01,1,2,0,0,0,0,0,0,0,"- ","- ",39.063568115234375,-121.57908630371094,YUBA,UNINCORPORATED,-121.57901000976562,39.063575744628906
94812583,2025,2025-08-21,9285,2025-08-18,1500,024588,,1,2,9,5800,0,1,3,,1,020,"SR70 NB","N. BEALE RD OFR",160.00,S,N,A,-,Y,YUB,,70," "," ",13.468,H,,R,N,4,0,3,3,A,-,03,22350,,N,C,C,A,A,H,-,A,D,0,,,,,Y,,A,01,0,0,3,0,0,0,0,0,0,"- ","- ",39.1285400390625,-121.58371734619141,YUBA,UNINCORPORATED,-121.58370208740234,39.128562927246094
94814539,2025,2025-08-22,9285,2025-08-13,1830,021599,,3,2,9,5800,0,3,5,,1,002,"LEEVEE RD","ANDERSON AVENUE",1600.00,N,N,A,-,N,,,,,,,,,,N,2,0,2,1,A,-,08,22107,,N,F,A,A,C,H,-,E,D,0,,,,,Y,,M,96,1,1,0,0,0,0,0,0,0,"- ","- ",39.045310974121094,-121.60202026367188,YUBA,UNINCORPORATED,-121.60226440429688,39.044742584228516
94814553,2025,2025-08-22,9285,2025-08-14,"804 ",015976,,4,1,9,5800,0,3,5,,1,004,"ERLE RD","EDGE WATER CIRCLE",0.00,,Y,A,-,N,,,,,,,,,,Y,3,0,1,2,A,-,09,21801,A,N,D,C,A,A,H,-,A,D,0,,,,,Y,,A,07,0,1,0,0,0,0,0,0,0,"- ","- ",39.113559722900391,-121.54508209228516,YUBA,UNINCORPORATED,-121.55434417724609,39.113353729248047
94816724,2025,2025-08-25,9285,2025-08-15,2130,022618,,5,2,9,5800,0,3,5,,1,002,"FORTY MILE ROAD","PLUMAS SCHOOL ROAD",0.00,,Y,A,-,N,,,,,,,,,,Y,2,0,2,2,A,-,09,21801,A,N,A,C,A,A,H,-,D,D,0,,,,,Y,,D,22,1,1,0,0,0,0,0,0,0,"- ","- ",39.026901245117188,-121.51335144042969,YUBA,UNINCORPORATED,-121.51335906982422,39.026943206787109
94821619,2025,2025-08-28,9285,2025-08-22,1225,022401,,5,1,9,5800,0,2,4,,2,021,"N BEALE ROAD","FEATHER RIVER BOULEVARD",0.00,,Y,A,-,Y,,,,,,,,,,N,4,0,1,2,A,-,09,21801,A,N,A,C,A,A,H,-,A,A,0,,,,,Y,,A,01,0,0,1,0,0,0,0,0,0,"- ","- ",39.125629425048828,-121.57585906982422,YUBA,UNINCORPORATED,-121.57575988769531,39.125690460205078
94825173,2025,2025-09-01,9285,2025-08-23,1804,018986,,6,2,9,5800,0,3,5,,1,008,"RICES CROSSING RD","RUBICON LANE",138.00,N,N,A,-,N,,,,,,,,,,Y,3,0,2,1,A,-,08,22107,,N,E,8,A,A,H,-,A,D,0,,,,,Y,,A,01,0,2,0,0,0,0,0,0,0,"- ","- ",39.349971771240234,-121.27378082275391,YUBA,UNINCORPORATED,-121.27385711669922,39.350063323974609
94836970,2025,2025-09-22,9285,2025-08-29,2015,022618,,5,2,9,5800,0,1,3,,1,060,"SR-70 N/B","BOYER ROAD",2760.00,S,N,A,-,Y,YUB,,70," "," ",21.806,H,,R,Y,3,0,1,2,A,-,01,23152,A,N,E,8,A,A,H,-,D,D,0,,,,,Y,Y,D,22,0,1,0,0,0,0,0,0,0,"- ","- ",39.248950958251953,-121.59922027587891,YUBA,UNINCORPORATED,-121.59934234619141,39.248954772949219
9483768,2022,2022-10-07,5801,2022-07-21,2012,,,4,5,3,5801,0,0,0,,0,,"10TH ST","G ST",92.00,W,N,A,-,N,,,,,,,,,,N,4,0,1,2,A,-,11,21955,,F,G,B,D,A,H,-,A,A,0,Y,,,,Y,,N,60,0,0,1,0,1,0,0,0,0,"- ","- ",,,YUBA,MARYSVILLE,-121.59468078613281,39.145435333251953
94839314,2025,2025-09-10,9285,2025-09-05,"615 ",024541,,5,1,9,5800,0,1,3,,1,020,"SR 70 SB","PLUMAS LAKE BOULEVARD",4000.00,N,N,A,-,Y,YUB,,70," ",R,4.219,H,,L,Y,3,0,1,2,A,-,17,23114,A,M,E,I,A,A,B,-,A,D,0,,,,,Y,,-,99,0,1,0,0,0,0,0,0,0,"- ","- ",39.032649993896484,-121.54399108886719,YUBA,UNINCORPORATED,-121.54395294189453,39.032642364501953
94851791,2025,2025-09-19,9285,2025-08-08,1650,021567,,5,2,9,5800,0,3,5,,1,006,"WOODRUFF LANE","ARMSTRONG ROAD",520.00,E,N,A,-,N,,,,,,,,,,Y,1,1,1,1,A,-,08,22107,,N,E,I,A,A,E,-,A,D,0,,,,,Y,,A,01,0,0,1,0,0,0,0,0,0,"- ","- ",39.219631195068359,-121.58384704589844,YUBA,UNINCORPORATED,-121.58387756347656,39.219593048095703
94859658,2025,2025-09-25,9285,2025-09-21,1320,022610,,7,1,9,5800,0,3,5,,1,002,"MCGOWAN PKY","SR-70 W/B OFF RAMP",0.00,,Y,A,-,N,,,,,,,,,,Y,4,0,1,2,A,-,09,21802,A,N,D,C,A,A,H,-,A,A,0,,,,,Y,,A,01,0,0,1,0,0,0,0,0,0,"- ","- ",39.077320098876953,-121.54061889648438,YUBA,UNINCORPORATED,-121.54059100000001,39.077314999999999
94860397,2025,2025-09-25,9285,2025-09-12,1710,017393,,5,2,9,5800,0,2,4,,1,061,"LOMA RICA ROAD","SHADY WAY",970.00,N,N,A,-,N,,,,,,,,,,Y,3,0,1,1,A,-,08,22107,,N,F,I,A,A,H,-,A,D,0,,,,,Y,,A,01,0,1,0,0,0,0,0,0,0,"- ","- ",39.234920501708984,-121.50824737548828,YUBA,UNINCORPORATED,-121.50822448730469,39.234783172607422
94870643,2025,2025-10-03,9285,2025-09-20,2056,022618,,6,2,9,5800,0,3,5,,1,002,"FLEMING AVE","7TH AVE",17.00,S,N,A,-,N,,,,,,,,,,Y,3,0,1,1,A,-,03,22350,,N,E,I,A,A,H,-,C,D,0,,,Y,,Y,,C,02,0,1,0,0,0,0,0,0,1,"- ","- ",39.095088958740234,-121.54682922363281,YUBA,UNINCORPORATED,-121.54688262939453,39.095142364501953
94874871,2025,2025-11-24,9285,2025-09-28,1355,022610,,7,1,9,5800,0,3,5,,1,004,"N. BEALE ROAD","LINDHURST AVE",5.00,N,N,B,-,N,,,,,,,,,,N,4,0,2,2,A,-,21,22106,,N,C,C,A,A,H,-,A,A,0,,,,,Y,,A,08,0,0,2,0,0,0,0,0,0,"- ","- ",39.124641418457031,-121.57125091552734,YUBA,UNINCORPORATED,-121.57101440429688,39.124576568603516
94876153,2025,2025-10-07,9285,2025-09-30,"525 ",021018,,2,3,9,5800,0,3,5,,1,004,"ERLE RD","LINDHURST AVE",350.00,E,N,A,-,N,,,,,,,,,,Y,4,0,1,3,A,-,03,22350,,N,C,C,A,A,H,-,C,D,0,,,,,Y,,A,01,0,0,1,0,0,0,0,0,0,"- ","- ",39.113319396972656,-121.55709075927734,YUBA,UNINCORPORATED,-121.55715942382812,39.113288879394531
94884581,2025,2025-11-13,9285,2025-10-06,1543,019356,,1,2,9,5800,0,3,5,,1,002,"PLUMAS ARBOGA ROAD","LINKS PARKWAY",0.00,,Y,A,-,N,,,,,,,,,,Y,4,0,2,2,A,-,09,21801,A,N,D,2,A,A,H,-,A,A,0,,,,,Y,,A,01,0,0,2,0,0,0,0,0,0,"- ","- ",39.055068969726562,-121.56951141357422,YUBA,UNINCORPORATED,-121.56954193115234,39.055023193359375
94886343,2025,2025-10-14,9285,2025-09-24,2500,021012,,3,4,9,5800,0,2,4,,2,081,"MARYSVILLE RD","FRENCHTOWN DOBBINS RD",1056.00,S,N,A,-,N,,,,,,,,,,N,4,0,1,1,A,-,08,22107,,N,E,8,A,A,H,-,A,D,0,,,,,Y,,A,01,0,0,1,0,0,0,0,0,0,"- ","- ",39.374271392822266,-121.23387145996094,YUBA,UNINCORPORATED,-121.23357391357422,39.374481201171875
94887842,2025,2025-10-15,9285,2025-10-10,2250,024019,,5,3,9,5800,0,1,3,,1,062,"SR-20 E/B","MONUMENT TRAIL",528.00,W,N,A,-,Y,YUB,,20," "," ",14.978,H,,R,Y,4,0,2,1,C,-,18,,,N,F,I,A,A,H,-,D,D,0,,,,,Y,,-,"- ",0,0,2,0,0,0,0,0,0,"- ","- ",39.229328155517578,-121.38407135009766,YUBA,UNINCORPORATED,-121.38407135009766,39.229393005371094
94889014,2025,2025-10-16,9285,2025-10-03,"48  ",021012,,5,3,9,5800,0,2,4,,1,061,"MARYSVILLE RD","SCOTT GRANT RD.",56.00,S,N,B,-,N,,,,,,,,,,Y,3,0,1,1,A,-,01,23152,A,N,F,0,A,A,H,-,D,D,0,,,,,Y,Y,A,01,0,1,0,0,0,0,0,0,0,"- ","- ",39.313591003417969,-121.36888885498047,YUBA,UNINCORPORATED,-121.36879730224609,39.313579559326172
94891718,2025,2025-10-17,9285,2025-10-03,1420,024588,,5,2,9,5800,0,3,5,,1,004,"LINDA AVE","VIERRA LN",276.00,W,N,A,-,N,,,,,,,,,,N,3,0,3,2,A,-,08,22103,,N,D,2,A,A,H,-,A,D,0,,,,,Y,,A,01,0,2,1,0,0,0,0,0,0,"- ","- ",39.130451202392578,-121.54789733886719,YUBA,UNINCORPORATED,-121.5478515625,39.130474090576172
94896240,2025,2025-10-21,9285,2025-10-16,1935,022618,,4,2,9,5800,0,2,4,,2,021,"FEATHER RIVER BLVD","ELLA AVE",0.00,,Y,A,-,N,,,,,,,,,,Y,4,0,4,2,A,-,12,22450,A,N,D,C,A,A,H,-,D,A,0,,,,,Y,,A,07,0,0,4,0,0,0,0,0,0,"- ","- ",39.069358825683594,-121.57895660400391,YUBA,UNINCORPORATED,-121.57893371582031,39.069343566894531
94896408,2025,2025-10-21,9285,2025-10-17,1923,024662,,5,2,9,5800,0,3,5,,1,002,"FORTY MILE RD","DAIRY RD",53.00,N,N,A,-,N,,,,,,,,,,Y,3,0,1,2,A,-,03,22350,,N,C,C,A,A,H,-,D,D,0,,,,,Y,,A,07,0,1,0,0,0,0,0,0,0,"- ","- ",39.008838653564453,-121.49894714355469,YUBA,UNINCORPORATED,-121.49893951416016,39.008773803710938
94899413,2025,2025-11-13,9285,2025-10-15,1714,018636,,3,2,9,5800,0,2,4,,2,081,"MARYSVILLE RD","COLLINS LAKE RD",3696.00,N,N,B,-,N,,,,,,,,,,Y,2,0,6,2,A,-,08,22107,,N,A,D,A,A,H,-,A,D,0,,,,,Y,,A,01,1,5,0,0,0,0,0,0,0,"- ","- ",39.351848602294922,-121.32769775390625,YUBA,UNINCORPORATED,-121.32797241210938,39.351200103759766
94901128,2025,2025-10-24,9285,2025-10-22,"722 ",018636,,3,1,9,5800,0,1,3,,1,060,"SR-70 N/B","WOODRUFF LN",845.00,S,N,B,-,Y,YUB,,70," "," ",19.548,H,,R,Y,3,0,1,2,A,-,03,22350,,N,C,C,A,A,H,-,A,D,0,,,,Y,Y,,D,22,0,1,0,0,0,0,0,0,0,"- ","- ",39.216880798339844,-121.60038757324219,YUBA,UNINCORPORATED,-121.60036468505859,39.216888427734375
94904535,2025,2025-10-28,9285,2025-10-17,2335,024662,,5,3,9,5800,0,3,5,,1,002,"FORTY MILE RD","ROSSER RD",3802.00,S,N,A,-,N,,,,,,,,,,Y,2,0,2,4,A,-,01,23152,A,N,D,C,A,A,H,-,C,A,0,,,,,Y,Y,A,01,1,1,0,0,0,0,0,0,0,"- ","- ",39.052200317382812,-121.51495361328125,YUBA,UNINCORPORATED,-121.51510620117188,39.052268981933594
94905896,2025,2025-10-29,9285,2025-10-23,"715 ",017393,,4,1,9,5800,0,2,4,,2,081,"WILLOW GLEN ROAD","PINE RIDGE DRIVE",88.00,S,N,A,-,N,,,,,,,,,,Y,4,0,2,1,A,-,08,22107,,N,F,A,A,A,H,-,B,D,0,,,,,Y,,D,22,0,0,2,0,0,0,0,0,0,"- ","- ",39.408588409423828,-121.30808258056641,YUBA,UNINCORPORATED,,
94913850,2025,2025-11-06,9285,2025-10-18,2240,024370,,6,3,9,5800,0,2,4,,1,022,"ARBOGA RD","7TH AVENUE",0.00,,Y,A,-,N,,,,,,,,,,Y,3,0,1,2,A,-,03,22350,,N,C,2,A,A,H,-,C,D,0,,,,,Y,Y,A,07,0,1,0,0,0,0,0,0,0,"- ","- ",39.095489501953125,-121.560791015625,YUBA,UNINCORPORATED,-121.56078338623047,39.095485687255859
94922781,2025,2025-11-12,9285,2025-10-31,1950,023008,,5,2,9,5800,0,3,5,,1,004,"RIVER BANK DR","GOLDFIELDS PKWY",0.00,,Y,A,-,N,,,,,,,,,,Y,4,0,2,2,A,-,09,21802,A,N,D,C,A,A,H,-,C,A,0,,,,,Y,,A,01,0,0,2,0,0,0,0,0,0,"- ","- ",39.117439270019531,-121.53398895263672,YUBA,UNINCORPORATED,-121.53403472900391,39.117393493652344
94924749,2025,2025-11-12,9285,2025-11-03,"735 ",021567,,1,1,9,5800,0,3,5,,1,002,"OAKLEY LN","DRY CREEK LEVEE RD",0.00,,Y,A,-,N,,,,,,,,,,Y,4,0,1,2,A,-,09,21804,A,F,D,C,A,A,B,-,A,D,0,,,,,Y,,A,01,0,0,1,0,0,0,0,0,0,"- ","- ",39.019798278808594,-121.45401000976562,YUBA,UNINCORPORATED,-121.45404052734375,39.019779205322266
94930964,2025,2025-11-14,9285,2025-11-05,1855,022618,,3,2,9,5800,0,3,5,,1,006,"BROWNS VALLEY SCHOOL ROAD",SR-20,340.00,N,N,A,-,N,,,,,,,,,,Y,2,0,1,1,A,-,01,23152,A,N,E,I,A,A,H,-,D,D,0,,,,,Y,Y,A,07,1,0,0,0,0,0,0,0,0,"- ","- ",39.230930328369141,-121.40798950195312,YUBA,UNINCORPORATED,-121.40793609619141,39.230854034423828
94931166,2025,2025-11-14,9285,2025-11-12,1005,022956,,3,1,9,5800,0,2,4,,2,025,SR-65,SR-70,3168.00,S,N,B,-,Y,YUB,,65," ",R,9.120,H,,R,Y,3,0,1,1,A,-,08,22107,,N,F,I,A,A,H,-,A,A,0,,,Y,,Y,,C,02,0,1,0,0,0,0,0,0,1,"- ","- ",39.088661193847656,-121.53740692138672,YUBA,UNINCORPORATED,-121.53730010986328,39.088718414306641
94937851,2025,2025-11-19,9285,2025-11-17,"413 ",024019,,1,3,9,5800,0,2,4,,1,042,"HAMMONTON SMARTSVILLE RD","DOOLITTLE DR",7000.00,E,N,C,-,N,,,,,,,,,,Y,4,0,2,1,A,-,03,22350,,N,A,I,A,B,G,-,D,D,0,,,,,Y,,A,01,0,0,2,0,0,0,0,0,0,"- ","- ",39.172660827636719,-121.41455841064453,YUBA,UNINCORPORATED,-121.4150390625,39.17242431640625
94939159,2025,2025-11-20,9285,2025-11-15,1714,024662,,6,2,9,5800,0,1,3,,1,062,"LOMA RICA ROAD","DOUGLAS WAY",0.00,,Y,B,-,N,,,,,,,,,,Y,3,0,1,2,A,-,17,25650,,N,A,C,A,A,H,-,B,D,0,,,Y,,Y,,C,02,0,1,0,0,0,0,0,0,1,"- ","- ",39.321590423583984,-121.39573669433594,YUBA,UNINCORPORATED,-121.39567565917969,39.321601867675781
94947170,2025,2025-11-25,9285,2025-11-24,"545 ",021154,,1,3,9,5800,0,2,4,,1,042,"HAMMONTON SMARTVILLE RD","SIMPSON LN",0.00,,Y,E,-,N,,,,,,,,,,Y,3,0,1,2,A,-,09,21453,C,N,D,C,A,A,H,-,B,A,0,,,,,Y,,D,22,0,1,0,0,0,0,0,0,0,"- ","- ",39.134429931640625,-121.55203247070312,YUBA,UNINCORPORATED,-121.55197906494141,39.134410858154297
94948668,2025,2025-11-26,9285,2025-11-22,1754,024019,,6,2,9,5800,0,3,5,,1,004,"SIMPSON LN","BABBINGTON RD",3040.00,W,N,B,-,N,,,,,,,,,,N,4,0,1,1,A,-,01,23152,A,N,E,J,A,A,H,-,D,D,0,,,,,Y,Y,A,07,0,0,1,0,0,0,0,0,0,"- ","- ",39.141788482666016,-121.57521820068359,YUBA,UNINCORPORATED,-121.5751953125,39.141708374023438
94957834,2025,2025-12-04,9285,2025-12-01,2156,021599,,1,2,9,5800,0,3,5,,1,002,"PLUMAS ARBOGA ROAD","ALGODON RD",15.00,S,N,A,-,N,,,,,,,,,,N,4,0,1,3,A,-,01,23152,A,M,E,I,A,A,H,-,C,A,0,,,,,Y,Y,A,01,0,0,1,0,0,0,0,0,0,"- ","- ",39.026348114013672,-121.54416656494141,YUBA,UNINCORPORATED,-121.54418182373047,39.026401519775391
94961649,2025,2025-12-08,9285,2025-12-01,1644,018986,,1,2,9,5800,0,3,5,,1,008,"NEW YORK HOUSE RD","DEL VALE WAY",0.00,,Y,A,-,N,,,,,,,,,,Y,3,0,2,1,A,-,08,22107,,N,E,I,A,A,H,-,B,D,0,,,,,Y,,A,07,0,1,1,0,0,0,0,0,0,"- ","- ",39.455520629882812,-121.24723815917969,YUBA,UNINCORPORATED,-121.2470703125,39.455539703369141
94967985,2025,2025-12-11,9285,2025-12-04,"220 ",022618,,4,3,9,5800,0,3,5,,1,004,"ERLE ROAD","DUGGIN ST",3255.00,W,N,B,-,N,,,,,,,,,,N,4,0,1,1,C,-,18,,,N,E,H,A,A,H,-,D,D,0,,,,,Y,,-,"- ",0,0,1,0,0,0,0,0,0,"- ","- ",39.110530853271484,-121.50881958007812,YUBA,UNINCORPORATED,-121.50818634033203,39.110233306884766